symbol,period,period_type,fii_pct,dii_pct,promoter_pct,public_pct,shareholders,sector
360ONE,Dec 2023,DEC 2023,62.4800,8.8700,17.7800,10.8600,42622.0000,Financial Services
360ONE,Dec 2024,DEC 2024,66.1600,9.7300,14.7600,9.3600,71912.0000,Financial Services
360ONE,Dec 2025,DEC 2025,65.5100,10.8200,6.2500,17.4100,74516.0000,Financial Services
360ONE,Jun 2024,JUN 2024,64.5600,8.7200,15.7900,10.9200,58786.0000,Financial Services
360ONE,Jun 2025,JUN 2025,68.5400,7.8700,6.2700,17.3100,68603.0000,Financial Services
360ONE,Jun 2026,JUN 2026,58.5500,18.7000,6.2000,16.5300,76687.0000,Financial Services
360ONE,Mar 2020,MAR 2020,20.0600,1.3400,22.9300,55.6700,22159.0000,Financial Services
360ONE,Mar 2021,MAR 2021,24.2000,2.0400,22.9200,50.8400,20832.0000,Financial Services
360ONE,Mar 2022,MAR 2022,22.1300,3.5700,23.1400,51.1700,30865.0000,Financial Services
360ONE,Mar 2023,MAR 2023,64.8300,2.2200,22.0200,10.9400,35480.0000,Financial Services
360ONE,Mar 2024,MAR 2024,63.2200,8.3400,17.7600,10.7000,46512.0000,Financial Services
360ONE,Mar 2025,MAR 2025,67.2200,8.4800,14.2000,10.0800,74164.0000,Financial Services
360ONE,Mar 2026,MAR 2026,63.3300,12.7500,6.2400,17.6700,74294.0000,Financial Services
360ONE,Sep 2023,SEP 2023,61.8700,6.3600,20.8400,10.9200,38102.0000,Financial Services
360ONE,Sep 2024,SEP 2024,65.5800,8.4600,15.7100,10.2300,74074.0000,Financial Services
360ONE,Sep 2025,SEP 2025,65.8700,10.6800,6.2600,17.1800,78007.0000,Financial Services
3MINDIA,Dec 2023,DEC 2023,3.5600,8.5200,75.0000,12.9200,27610.0000,Diversified
3MINDIA,Dec 2024,DEC 2024,4.0100,8.1600,75.0000,12.8400,32147.0000,Diversified
3MINDIA,Dec 2025,DEC 2025,3.5000,8.3900,75.0000,13.1100,30577.0000,Diversified
3MINDIA,Jun 2024,JUN 2024,3.7700,8.2700,75.0000,12.9500,29243.0000,Diversified
3MINDIA,Jun 2025,JUN 2025,3.8400,8.1000,75.0000,13.0500,34588.0000,Diversified
3MINDIA,Jun 2026,JUN 2026,3.5000,8.1600,75.0000,13.3300,30673.0000,Diversified
3MINDIA,Mar 2017,MAR 2017,9.1800,2.5400,75.0000,13.2800,16290.0000,Diversified
3MINDIA,Mar 2018,MAR 2018,9.1700,2.0500,75.0000,13.7800,18145.0000,Diversified
3MINDIA,Mar 2019,MAR 2019,8.2900,2.2200,75.0000,14.4900,22564.0000,Diversified
3MINDIA,Mar 2020,MAR 2020,4.8500,4.4200,75.0000,15.7300,30112.0000,Diversified
3MINDIA,Mar 2021,MAR 2021,3.7600,7.6400,75.0000,13.6000,28823.0000,Diversified
3MINDIA,Mar 2022,MAR 2022,4.2500,6.5400,75.0000,14.2100,37232.0000,Diversified
3MINDIA,Mar 2023,MAR 2023,3.7200,7.9300,75.0000,13.3500,29884.0000,Diversified
3MINDIA,Mar 2024,MAR 2024,3.6400,8.4400,75.0000,12.9200,29198.0000,Diversified
3MINDIA,Mar 2025,MAR 2025,3.7800,8.0800,75.0000,13.1300,34425.0000,Diversified
3MINDIA,Mar 2026,MAR 2026,3.5200,8.3400,75.0000,13.1500,29808.0000,Diversified
3MINDIA,Sep 2023,SEP 2023,3.5600,8.4500,75.0000,12.9800,28077.0000,Diversified
3MINDIA,Sep 2024,SEP 2024,4.0700,8.1300,75.0000,12.8000,30045.0000,Diversified
3MINDIA,Sep 2025,SEP 2025,3.4300,8.1200,75.0000,13.4400,34539.0000,Diversified
AADHARHFC,Dec 2024,DEC 2024,4.3000,9.2700,75.7400,10.6900,219626.0000,Financial Services
AADHARHFC,Dec 2025,DEC 2025,6.1900,8.4500,75.1900,10.1700,194143.0000,Financial Services
AADHARHFC,Jun 2024,JUN 2024,4.1800,8.5000,76.4800,10.8600,239696.0000,Financial Services
AADHARHFC,Jun 2025,JUN 2025,5.5800,8.4300,75.5000,10.4800,202739.0000,Financial Services
AADHARHFC,Jun 2026,JUN 2026,5.8000,9.9200,64.6600,19.6100,162826.0000,Financial Services
AADHARHFC,Mar 2025,MAR 2025,5.3200,8.5800,75.6100,10.5100,209369.0000,Financial Services
AADHARHFC,Mar 2026,MAR 2026,6.1300,9.1500,64.9000,19.8300,184772.0000,Financial Services
AADHARHFC,Sep 2024,SEP 2024,4.3200,9.4600,75.8900,10.3300,220338.0000,Financial Services
AADHARHFC,Sep 2025,SEP 2025,6.1100,8.2500,75.3200,10.3300,197894.0000,Financial Services
AARTIIND,Dec 2023,DEC 2023,10.8300,15.8200,43.5400,29.7800,418123.0000,Chemicals
AARTIIND,Dec 2024,DEC 2024,7.2500,17.9300,42.3500,32.4600,450588.0000,Chemicals
AARTIIND,Dec 2025,DEC 2025,6.7000,18.2200,42.1400,32.9400,418492.0000,Chemicals
AARTIIND,Jun 2024,JUN 2024,10.6100,18.5500,43.2400,27.5800,349415.0000,Chemicals
AARTIIND,Jun 2025,JUN 2025,6.4400,20.3800,42.2400,30.9200,425399.0000,Chemicals
AARTIIND,Jun 2026,JUN 2026,7.0000,21.1100,41.8200,30.0800,370868.0000,Chemicals
AARTIIND,Mar 2017,MAR 2017,4.0700,12.0800,53.7800,30.0700,21649.0000,Chemicals
AARTIIND,Mar 2018,MAR 2018,3.6400,14.1700,51.0700,31.1200,24870.0000,Chemicals
AARTIIND,Mar 2019,MAR 2019,7.4300,15.9100,49.3600,27.3000,33093.0000,Chemicals
AARTIIND,Mar 2020,MAR 2020,8.2800,16.5600,47.7500,27.4100,64606.0000,Chemicals
AARTIIND,Mar 2021,MAR 2021,8.6600,15.6400,46.8200,28.8700,107886.0000,Chemicals
AARTIIND,Mar 2022,MAR 2022,12.4600,14.8900,44.1900,28.4500,295763.0000,Chemicals
AARTIIND,Mar 2023,MAR 2023,12.3200,14.7400,44.0700,28.8700,385751.0000,Chemicals
AARTIIND,Mar 2024,MAR 2024,10.9300,17.2400,43.4300,28.3800,377953.0000,Chemicals
AARTIIND,Mar 2025,MAR 2025,6.2900,19.9600,42.2400,31.4800,439227.0000,Chemicals
AARTIIND,Mar 2026,MAR 2026,7.3800,20.1200,42.0900,30.3900,384210.0000,Chemicals
AARTIIND,Sep 2023,SEP 2023,10.5800,16.1400,43.5700,29.7200,423140.0000,Chemicals
AARTIIND,Sep 2024,SEP 2024,9.6800,18.1100,42.6100,29.5800,394154.0000,Chemicals
AARTIIND,Sep 2025,SEP 2025,6.4000,18.2100,42.1800,33.2000,428931.0000,Chemicals
AAVAS,Dec 2023,DEC 2023,32.3200,15.2900,39.1000,13.2900,132644.0000,Financial Services
AAVAS,Dec 2024,DEC 2024,33.9700,25.6900,26.4700,13.8700,147894.0000,Financial Services
AAVAS,Dec 2025,DEC 2025,24.7200,14.3000,48.9500,12.0400,120695.0000,Financial Services
AAVAS,Jun 2024,JUN 2024,35.8800,24.3900,26.4700,13.2600,144395.0000,Financial Services
AAVAS,Jun 2025,JUN 2025,29.7700,11.5200,48.9600,9.7500,121862.0000,Financial Services
AAVAS,Jun 2026,JUN 2026,16.2800,22.1500,48.8800,12.6900,113498.0000,Financial Services
AAVAS,Mar 2019,MAR 2019,13.1300,18.7100,58.2900,9.8600,12227.0000,Financial Services
AAVAS,Mar 2020,MAR 2020,23.6400,13.4600,53.4600,9.4400,21719.0000,Financial Services
AAVAS,Mar 2021,MAR 2021,31.8600,8.4900,50.0800,9.5700,25935.0000,Financial Services
AAVAS,Mar 2022,MAR 2022,39.9100,9.8900,39.2000,11.0000,50248.0000,Financial Services
AAVAS,Mar 2023,MAR 2023,38.8300,12.4900,39.1400,9.5300,60388.0000,Financial Services
AAVAS,Mar 2024,MAR 2024,34.8000,23.9900,26.4700,14.7600,151680.0000,Financial Services
AAVAS,Mar 2025,MAR 2025,29.6700,10.7500,26.4700,33.1100,132792.0000,Financial Services
AAVAS,Mar 2026,MAR 2026,16.7400,22.1400,48.8800,12.2400,117980.0000,Financial Services
AAVAS,Sep 2023,SEP 2023,35.4900,14.1300,39.1100,11.2400,107718.0000,Financial Services
AAVAS,Sep 2024,SEP 2024,35.5000,25.5500,26.4700,12.4900,144452.0000,Financial Services
AAVAS,Sep 2025,SEP 2025,25.8800,14.1300,48.9600,11.0200,122052.0000,Financial Services
ABB,Dec 2023,DEC 2023,10.7200,6.9200,75.0000,7.3600,102093.0000,Capital Goods
ABB,Dec 2024,DEC 2024,11.8500,5.7000,75.0000,7.4500,148890.0000,Capital Goods
ABB,Dec 2025,DEC 2025,7.6400,9.1500,75.0000,8.2000,200657.0000,Capital Goods
ABB,Jun 2024,JUN 2024,12.0600,5.6400,75.0000,7.2900,132505.0000,Capital Goods
ABB,Jun 2025,JUN 2025,9.2500,7.6600,75.0000,8.0800,182397.0000,Capital Goods
ABB,Jun 2026,JUN 2026,7.6700,9.8900,75.0000,7.4400,183577.0000,Capital Goods
ABB,Mar 2017,MAR 2017,4.3700,12.5400,75.0000,8.0900,64014.0000,Capital Goods
ABB,Mar 2018,MAR 2018,3.2100,13.5500,75.0000,8.2400,58583.0000,Capital Goods
ABB,Mar 2019,MAR 2019,3.3000,12.9500,75.0000,8.7500,65551.0000,Capital Goods
ABB,Mar 2020,MAR 2020,3.3100,11.6100,75.0000,10.0800,69683.0000,Capital Goods
ABB,Mar 2021,MAR 2021,3.8300,7.2600,75.0000,13.9100,76229.0000,Capital Goods
ABB,Mar 2022,MAR 2022,3.6800,8.2200,75.0000,13.1000,83187.0000,Capital Goods
ABB,Mar 2023,MAR 2023,8.4500,8.9800,75.0000,7.5600,106396.0000,Capital Goods
ABB,Mar 2024,MAR 2024,11.8900,5.9500,75.0000,7.1500,102557.0000,Capital Goods
ABB,Mar 2025,MAR 2025,10.2700,7.0100,75.0000,7.7000,171077.0000,Capital Goods
ABB,Mar 2026,MAR 2026,8.1900,9.2800,75.0000,7.5000,181528.0000,Capital Goods
ABB,Sep 2023,SEP 2023,10.1800,7.3700,75.0000,7.4700,112399.0000,Capital Goods
ABB,Sep 2024,SEP 2024,12.2800,5.4200,75.0000,7.2900,138259.0000,Capital Goods
ABB,Sep 2025,SEP 2025,8.2900,8.3100,75.0000,8.3900,202400.0000,Capital Goods
ABBOTINDIA,Dec 2023,DEC 2023,0.1800,8.7300,74.9900,16.0900,72252.0000,Healthcare
ABBOTINDIA,Dec 2024,DEC 2024,0.1700,9.0100,74.9900,15.8500,67892.0000,Healthcare
ABBOTINDIA,Dec 2025,DEC 2025,0.1900,9.0000,74.9900,15.8300,75801.0000,Healthcare
ABBOTINDIA,Jun 2024,JUN 2024,0.1800,8.8100,74.9900,16.0100,71588.0000,Healthcare
ABBOTINDIA,Jun 2025,JUN 2025,0.1600,9.1800,74.9900,15.6700,67584.0000,Healthcare
ABBOTINDIA,Jun 2026,JUN 2026,0.3800,8.7700,74.9900,15.8500,78320.0000,Healthcare
ABBOTINDIA,Mar 2017,MAR 2017,2.7400,6.1400,74.9900,16.1300,23004.0000,Healthcare
ABBOTINDIA,Mar 2018,MAR 2018,2.8200,6.6200,74.9900,15.5800,22583.0000,Healthcare
ABBOTINDIA,Mar 2019,MAR 2019,1.9000,7.1400,74.9900,15.9800,26624.0000,Healthcare
ABBOTINDIA,Mar 2020,MAR 2020,1.6400,6.0800,74.9900,17.3000,49254.0000,Healthcare
ABBOTINDIA,Mar 2021,MAR 2021,1.0100,5.5300,74.9900,18.4700,84478.0000,Healthcare
ABBOTINDIA,Mar 2022,MAR 2022,0.2200,7.5200,74.9900,17.2700,90567.0000,Healthcare
ABBOTINDIA,Mar 2023,MAR 2023,0.1900,8.6100,74.9900,16.2000,72086.0000,Healthcare
ABBOTINDIA,Mar 2024,MAR 2024,0.1800,8.9100,74.9900,15.9200,69382.0000,Healthcare
ABBOTINDIA,Mar 2025,MAR 2025,0.1600,8.9100,74.9900,15.9400,69934.0000,Healthcare
ABBOTINDIA,Mar 2026,MAR 2026,0.2700,8.9300,74.9900,15.8100,75866.0000,Healthcare
ABBOTINDIA,Sep 2023,SEP 2023,0.1900,8.8300,74.9900,16.0100,68885.0000,Healthcare
ABBOTINDIA,Sep 2024,SEP 2024,0.1700,9.0000,74.9900,15.8600,69449.0000,Healthcare
ABBOTINDIA,Sep 2025,SEP 2025,0.1600,9.1100,74.9900,15.7400,71199.0000,Healthcare
ABCAPITAL,Dec 2023,DEC 2023,9.7700,8.3700,68.9800,12.8900,491856.0000,Financial Services
ABCAPITAL,Dec 2024,DEC 2024,8.5700,9.5200,68.8500,13.0500,563086.0000,Financial Services
ABCAPITAL,Dec 2025,DEC 2025,5.1500,14.6700,68.5700,11.5900,546470.0000,Financial Services
ABCAPITAL,Jun 2024,JUN 2024,10.1200,8.1200,68.9800,12.7800,530087.0000,Financial Services
ABCAPITAL,Jun 2025,JUN 2025,6.4700,12.0600,68.7600,12.7200,560382.0000,Financial Services
ABCAPITAL,Jun 2026,JUN 2026,7.9400,13.3600,68.8100,9.7700,513052.0000,Financial Services
ABCAPITAL,Mar 2018,MAR 2018,5.2700,7.0400,72.7500,14.9400,495076.0000,Financial Services
ABCAPITAL,Mar 2019,MAR 2019,3.6500,7.5100,72.7400,16.1000,526452.0000,Financial Services
ABCAPITAL,Mar 2020,MAR 2020,2.1800,12.5700,70.4800,14.7700,508974.0000,Financial Services
ABCAPITAL,Mar 2021,MAR 2021,2.7900,12.2300,70.7000,14.2800,498750.0000,Financial Services
ABCAPITAL,Mar 2022,MAR 2022,2.3600,12.3300,71.0700,14.2400,538508.0000,Financial Services
ABCAPITAL,Mar 2023,MAR 2023,7.3200,7.8500,71.0200,13.8000,475283.0000,Financial Services
ABCAPITAL,Mar 2024,MAR 2024,10.9200,7.5500,68.9700,12.5900,503842.0000,Financial Services
ABCAPITAL,Mar 2025,MAR 2025,7.8300,9.7900,68.8400,13.5300,576863.0000,Financial Services
ABCAPITAL,Mar 2026,MAR 2026,7.0100,13.7100,68.5100,10.6400,522128.0000,Financial Services
ABCAPITAL,Sep 2023,SEP 2023,10.4600,8.2400,69.0000,12.3200,464366.0000,Financial Services
ABCAPITAL,Sep 2024,SEP 2024,10.4000,8.4700,68.9000,12.2300,527478.0000,Financial Services
ABCAPITAL,Sep 2025,SEP 2025,6.1000,12.8200,68.7000,12.3700,561046.0000,Financial Services
ABDL,Dec 2024,DEC 2024,2.5500,4.0100,80.9100,12.5300,109574.0000,Fast Moving Consumer Goods
ABDL,Dec 2025,DEC 2025,3.3600,4.6100,80.9100,11.1200,127169.0000,Fast Moving Consumer Goods
ABDL,Jun 2024,JUN 2024,3.8300,3.5200,80.9100,11.7300,363049.0000,Fast Moving Consumer Goods
ABDL,Jun 2025,JUN 2025,2.8200,4.7300,80.9100,11.5300,105910.0000,Fast Moving Consumer Goods
ABDL,Jun 2026,JUN 2026,3.2400,5.0700,80.9100,10.7700,112420.0000,Fast Moving Consumer Goods
ABDL,Mar 2025,MAR 2025,2.7300,4.0300,80.9100,12.3300,109052.0000,Fast Moving Consumer Goods
ABDL,Mar 2026,MAR 2026,3.2300,4.8200,80.9100,11.0300,119762.0000,Fast Moving Consumer Goods
ABDL,Sep 2024,SEP 2024,2.8300,4.1400,80.9100,12.1100,121282.0000,Fast Moving Consumer Goods
ABDL,Sep 2025,SEP 2025,2.9600,4.5600,80.9100,11.5800,109761.0000,Fast Moving Consumer Goods
ABFRL,Dec 2023,DEC 2023,14.1500,17.0000,55.4500,12.9100,289693.0000,Consumer Services
ABFRL,Dec 2024,DEC 2024,18.3500,14.5600,49.2400,17.4300,321623.0000,Consumer Services
ABFRL,Dec 2025,DEC 2025,18.3600,7.9000,46.6100,26.7900,376993.0000,Consumer Services
ABFRL,Jan 2016,JAN 2016,0.0000,26.4100,59.4600,14.1300,160672.0000,Consumer Services
ABFRL,Jun 2024,JUN 2024,19.9900,14.4500,51.9700,13.1200,300868.0000,Consumer Services
ABFRL,Jun 2025,JUN 2025,17.6300,12.1400,46.5800,23.2900,393518.0000,Consumer Services
ABFRL,Jun 2026,JUN 2026,12.8700,5.6900,46.6100,34.5200,368478.0000,Consumer Services
ABFRL,Mar 2017,MAR 2017,11.1500,14.9800,59.3300,14.5300,165809.0000,Consumer Services
ABFRL,Mar 2018,MAR 2018,10.5000,16.1200,59.2400,14.1400,157447.0000,Consumer Services
ABFRL,Mar 2019,MAR 2019,9.8400,18.1400,59.1000,12.7600,156313.0000,Consumer Services
ABFRL,Mar 2020,MAR 2020,8.4300,21.3500,59.0700,9.9900,151677.0000,Consumer Services
ABFRL,Mar 2021,MAR 2021,13.9500,17.5300,56.1000,11.3700,199012.0000,Consumer Services
ABFRL,Mar 2022,MAR 2022,13.1800,19.5200,56.0900,10.3200,225384.0000,Consumer Services
ABFRL,Mar 2023,MAR 2023,14.3900,18.4500,55.4700,10.7700,257409.0000,Consumer Services
ABFRL,Mar 2024,MAR 2024,19.5000,14.8400,51.8500,13.3500,312400.0000,Consumer Services
ABFRL,Mar 2025,MAR 2025,22.2000,14.6500,46.5800,16.2300,320957.0000,Consumer Services
ABFRL,Mar 2026,MAR 2026,15.5300,6.6200,46.6100,30.9600,369727.0000,Consumer Services
ABFRL,Sep 2023,SEP 2023,14.0300,17.0100,55.4500,13.0100,299083.0000,Consumer Services
ABFRL,Sep 2024,SEP 2024,19.6800,14.7600,49.2500,15.8900,300270.0000,Consumer Services
ABFRL,Sep 2025,SEP 2025,18.6200,8.0700,46.6100,26.3300,391980.0000,Consumer Services
ABLBL,Dec 2025,DEC 2025,16.2500,17.0500,46.6000,19.5800,275706.0000,Consumer Services
ABLBL,Jun 2025,JUN 2025,22.5900,10.9600,46.5800,19.5100,297575.0000,Consumer Services
ABLBL,Jun 2026,JUN 2026,12.7000,20.8000,46.6000,19.4200,262354.0000,Consumer Services
ABLBL,Mar 2026,MAR 2026,12.7800,20.2400,46.6000,19.8700,266973.0000,Consumer Services
ABLBL,Sep 2025,SEP 2025,21.5900,11.4800,46.6000,19.9800,284718.0000,Consumer Services
ABREL,Dec 2023,DEC 2023,6.4200,17.3900,50.2100,24.8600,68301.0000,Realty
ABREL,Dec 2024,DEC 2024,9.5300,15.3300,50.2100,23.8900,107955.0000,Realty
ABREL,Dec 2025,DEC 2025,8.9600,16.9000,50.2100,22.9100,101623.0000,Realty
ABREL,Jun 2024,JUN 2024,8.5200,15.7600,50.2100,24.4100,91178.0000,Realty
ABREL,Jun 2025,JUN 2025,9.1100,16.7400,50.2100,22.8900,105295.0000,Realty
ABREL,Jun 2026,JUN 2026,9.2600,16.6300,50.2100,23.1400,95594.0000,Realty
ABREL,Mar 2017,MAR 2017,9.1000,15.1400,47.7500,28.0000,65814.0000,Realty
ABREL,Mar 2018,MAR 2018,8.6200,17.2400,50.2100,23.9300,62393.0000,Realty
ABREL,Mar 2019,MAR 2019,9.6000,17.1900,50.2100,23.0000,64933.0000,Realty
ABREL,Mar 2020,MAR 2020,12.2600,14.6500,50.2100,22.8900,66236.0000,Realty
ABREL,Mar 2021,MAR 2021,9.7400,11.8900,50.2100,28.1600,75313.0000,Realty
ABREL,Mar 2022,MAR 2022,7.3200,15.4600,50.2100,27.0100,75614.0000,Realty
ABREL,Mar 2023,MAR 2023,7.9200,16.0700,50.2100,25.8200,72938.0000,Realty
ABREL,Mar 2024,MAR 2024,7.4600,16.5400,50.2100,24.6800,69463.0000,Realty
ABREL,Mar 2025,MAR 2025,9.2800,15.8600,50.2100,23.6000,106615.0000,Realty
ABREL,Mar 2026,MAR 2026,9.0400,16.4000,50.2100,23.3400,96982.0000,Realty
ABREL,Sep 2023,SEP 2023,6.6400,16.1000,50.2100,25.9300,72014.0000,Realty
ABREL,Sep 2024,SEP 2024,9.4100,15.9000,50.2100,23.4300,98994.0000,Realty
ABREL,Sep 2025,SEP 2025,9.1100,16.4300,50.2100,23.2200,107236.0000,Realty
ABSLAMC,Dec 2023,DEC 2023,1.7400,5.2100,86.4800,6.5700,382248.0000,Financial Services
ABSLAMC,Dec 2024,DEC 2024,5.0400,11.5100,74.9000,8.5200,288489.0000,Financial Services
ABSLAMC,Dec 2025,DEC 2025,6.0500,10.7900,74.8200,8.3100,252480.0000,Financial Services
ABSLAMC,Jun 2024,JUN 2024,4.6200,11.5900,75.0000,8.7800,344787.0000,Financial Services
ABSLAMC,Jun 2025,JUN 2025,5.5200,10.8000,74.8800,8.7700,271241.0000,Financial Services
ABSLAMC,Jun 2026,JUN 2026,4.4100,14.2600,74.7200,6.5800,236462.0000,Financial Services
ABSLAMC,Mar 2022,MAR 2022,1.2100,5.3600,86.5000,6.9300,497703.0000,Financial Services
ABSLAMC,Mar 2023,MAR 2023,1.6100,4.8400,86.5000,7.0500,431871.0000,Financial Services
ABSLAMC,Mar 2024,MAR 2024,4.3700,12.0800,75.3200,8.2400,365456.0000,Financial Services
ABSLAMC,Mar 2025,MAR 2025,5.3200,10.9200,74.9000,8.8400,286736.0000,Financial Services
ABSLAMC,Mar 2026,MAR 2026,5.7500,11.5500,74.8200,7.8500,244638.0000,Financial Services
ABSLAMC,Sep 2023,SEP 2023,1.6800,4.7200,86.4800,7.1000,404493.0000,Financial Services
ABSLAMC,Sep 2024,SEP 2024,4.5400,12.3700,74.9500,8.1300,297030.0000,Financial Services
ABSLAMC,Sep 2025,SEP 2025,6.1800,10.3000,74.8500,8.6400,259806.0000,Financial Services
ACC,Dec 2023,DEC 2023,6.2400,24.1400,56.6900,12.7600,164547.0000,Construction Materials
ACC,Dec 2024,DEC 2024,5.1400,24.6600,56.6900,13.3500,194430.0000,Construction Materials
ACC,Dec 2025,DEC 2025,5.9900,21.3700,56.6900,15.7800,237736.0000,Construction Materials
ACC,Jun 2024,JUN 2024,5.6400,24.8200,56.6900,12.6800,168397.0000,Construction Materials
ACC,Jun 2025,JUN 2025,4.6600,24.1300,56.6900,14.3600,219069.0000,Construction Materials
ACC,Jun 2026,JUN 2026,5.8300,21.1200,56.6900,16.1900,238540.0000,Construction Materials
ACC,Mar 2017,MAR 2017,14.2600,16.6800,54.5300,14.3800,104881.0000,Construction Materials
ACC,Mar 2018,MAR 2018,13.6900,17.6000,54.5300,14.0300,98342.0000,Construction Materials
ACC,Mar 2019,MAR 2019,8.9200,21.4500,54.5300,14.9500,96905.0000,Construction Materials
ACC,Mar 2020,MAR 2020,7.7900,21.0300,54.5300,16.4900,109196.0000,Construction Materials
ACC,Mar 2021,MAR 2021,12.7400,20.1800,54.5300,12.4000,108174.0000,Construction Materials
ACC,Mar 2022,MAR 2022,12.8500,19.8900,54.5300,12.5800,135310.0000,Construction Materials
ACC,Mar 2023,MAR 2023,10.0500,19.5100,56.6900,13.5700,170373.0000,Construction Materials
ACC,Mar 2024,MAR 2024,6.1700,24.6400,56.6900,12.3300,149893.0000,Construction Materials
ACC,Mar 2025,MAR 2025,4.8300,24.9200,56.6900,13.4100,204209.0000,Construction Materials
ACC,Mar 2026,MAR 2026,5.9300,21.6200,56.6900,15.6000,235988.0000,Construction Materials
ACC,Sep 2023,SEP 2023,7.1000,22.7900,56.6900,13.2600,167639.0000,Construction Materials
ACC,Sep 2024,SEP 2024,5.5000,24.4200,56.6900,13.2200,186393.0000,Construction Materials
ACC,Sep 2025,SEP 2025,5.0400,22.5500,56.6900,15.5500,229364.0000,Construction Materials
ACE,Dec 2023,DEC 2023,8.8100,2.6100,66.7600,21.7700,114418.0000,Capital Goods
ACE,Dec 2024,DEC 2024,11.9000,1.7600,65.4100,20.8600,162240.0000,Capital Goods
ACE,Dec 2025,DEC 2025,10.4000,1.7600,65.4200,22.3500,181846.0000,Capital Goods
ACE,Jun 2024,JUN 2024,10.1300,1.7900,65.4100,22.6100,174717.0000,Capital Goods
ACE,Jun 2025,JUN 2025,11.4400,2.0500,65.4100,21.0200,171647.0000,Capital Goods
ACE,Jun 2026,JUN 2026,7.8200,2.5900,65.4200,24.1200,183575.0000,Capital Goods
ACE,Mar 2017,MAR 2017,1.7000,1.6600,73.1000,23.5500,26309.0000,Capital Goods
ACE,Mar 2018,MAR 2018,3.6600,1.5400,68.9100,25.8900,29627.0000,Capital Goods
ACE,Mar 2019,MAR 2019,2.1400,1.5000,69.7800,26.5700,32292.0000,Capital Goods
ACE,Mar 2020,MAR 2020,0.9400,0.7900,72.4200,25.8600,31701.0000,Capital Goods
ACE,Mar 2021,MAR 2021,3.1500,1.4200,70.0500,25.3700,41110.0000,Capital Goods
ACE,Mar 2022,MAR 2022,4.8400,3.4900,66.7600,24.9200,92888.0000,Capital Goods
ACE,Mar 2023,MAR 2023,5.6300,3.5400,66.7600,24.0800,85319.0000,Capital Goods
ACE,Mar 2024,MAR 2024,9.3500,2.2100,66.7600,21.6400,131256.0000,Capital Goods
ACE,Mar 2025,MAR 2025,11.5700,1.9700,65.4100,20.9700,166873.0000,Capital Goods
ACE,Mar 2026,MAR 2026,9.5800,1.8400,65.4200,23.1000,181542.0000,Capital Goods
ACE,Sep 2023,SEP 2023,8.9600,2.7900,66.7600,21.4800,104247.0000,Capital Goods
ACE,Sep 2024,SEP 2024,10.4800,1.6100,65.4100,22.4300,182607.0000,Capital Goods
ACE,Sep 2025,SEP 2025,10.3600,1.8300,65.4200,22.3300,181766.0000,Capital Goods
ACMESOLAR,Dec 2024,DEC 2024,5.5400,6.9700,83.4100,4.0700,199394.0000,Power
ACMESOLAR,Dec 2025,DEC 2025,4.0300,6.8700,83.2900,5.6900,184159.0000,Power
ACMESOLAR,Jun 2025,JUN 2025,5.7600,6.6100,83.4100,4.2200,197223.0000,Power
ACMESOLAR,Jun 2026,JUN 2026,4.3900,19.1000,71.4000,4.9200,143209.0000,Power
ACMESOLAR,Mar 2025,MAR 2025,4.7400,7.0900,83.4100,4.7500,215043.0000,Power
ACMESOLAR,Mar 2026,MAR 2026,3.6000,7.0500,83.2900,5.9600,164635.0000,Power
ACMESOLAR,Sep 2025,SEP 2025,5.5700,6.3900,83.4100,4.6300,177167.0000,Power
ACUTAAS,Dec 2023,DEC 2023,11.6600,7.5800,39.9100,40.8500,83344.0000,Healthcare
ACUTAAS,Dec 2024,DEC 2024,15.5200,20.2300,35.9600,28.2700,95756.0000,Healthcare
ACUTAAS,Dec 2025,DEC 2025,16.6700,21.7000,32.6600,28.9600,110363.0000,Healthcare
ACUTAAS,Jun 2024,JUN 2024,12.9300,14.8100,35.9800,36.2800,90987.0000,Healthcare
ACUTAAS,Jun 2025,JUN 2025,16.9400,22.3800,32.6600,28.0000,119890.0000,Healthcare
ACUTAAS,Jun 2026,JUN 2026,21.6100,19.5500,32.6600,26.1600,125569.0000,Healthcare
ACUTAAS,Mar 2022,MAR 2022,2.2300,5.6300,41.0500,51.0800,93922.0000,Healthcare
ACUTAAS,Mar 2023,MAR 2023,6.3600,3.6300,39.4100,50.6200,78786.0000,Healthcare
ACUTAAS,Mar 2024,MAR 2024,8.9800,6.8000,39.9100,44.3100,95784.0000,Healthcare
ACUTAAS,Mar 2025,MAR 2025,16.4800,18.3100,35.9600,29.2200,114060.0000,Healthcare
ACUTAAS,Mar 2026,MAR 2026,19.4800,19.6000,32.6600,28.2400,112939.0000,Healthcare
ACUTAAS,Sep 2023,SEP 2023,7.1500,5.9500,38.9300,47.9700,72897.0000,Healthcare
ACUTAAS,Sep 2024,SEP 2024,13.8700,19.9300,35.9700,30.2400,93394.0000,Healthcare
ACUTAAS,Sep 2025,SEP 2025,16.8400,22.5900,32.6600,27.8900,108664.0000,Healthcare
ADANIENSOL,Dec 2023,DEC 2023,17.4900,3.8200,73.2200,5.4600,476626.0000,Power
ADANIENSOL,Dec 2024,DEC 2024,17.3400,5.8500,69.9400,6.8700,549520.0000,Power
ADANIENSOL,Dec 2025,DEC 2025,13.4700,10.1400,71.1900,5.2000,437571.0000,Power
ADANIENSOL,Jul 2026,JUL 2026,10.3100,13.0500,73.3900,3.2600,376377.0000,Power
ADANIENSOL,Jun 2024,JUN 2024,15.5300,3.9700,74.9500,5.5400,493621.0000,Power
ADANIENSOL,Jun 2025,JUN 2025,15.8500,6.8900,71.1900,6.0800,500926.0000,Power
ADANIENSOL,Jun 2026,JUN 2026,10.1400,11.7700,74.7100,3.3900,385315.0000,Power
ADANIENSOL,Mar 2017,MAR 2017,17.1900,3.2000,74.9200,4.6900,57168.0000,Power
ADANIENSOL,Mar 2018,MAR 2018,19.9900,2.6300,74.9200,2.4600,51685.0000,Power
ADANIENSOL,Mar 2019,MAR 2019,20.6300,2.5700,74.9200,1.8800,42663.0000,Power
ADANIENSOL,Mar 2020,MAR 2020,20.6900,2.5700,74.9200,1.8200,42441.0000,Power
ADANIENSOL,Mar 2021,MAR 2021,20.3000,2.5500,74.9200,2.2300,75527.0000,Power
ADANIENSOL,Mar 2022,MAR 2022,20.5700,3.2100,74.9200,1.3000,88941.0000,Power
ADANIENSOL,Mar 2023,MAR 2023,21.0400,3.8000,71.6400,3.5100,322851.0000,Power
ADANIENSOL,Mar 2024,MAR 2024,17.4900,3.8000,73.2200,5.4900,478125.0000,Power
ADANIENSOL,Mar 2025,MAR 2025,17.5800,6.3300,69.9400,6.1600,527137.0000,Power
ADANIENSOL,Mar 2026,MAR 2026,12.2300,10.2400,72.7200,4.8100,403625.0000,Power
ADANIENSOL,Sep 2024,SEP 2024,18.6600,5.3800,69.9400,6.0300,450283.0000,Power
ADANIENSOL,Sep 2025,SEP 2025,13.0600,9.9700,71.1900,5.7900,489248.0000,Power
ADANIENT,Dec 2023,DEC 2023,14.6500,5.4400,72.6100,7.3000,561309.0000,Metals & Mining
ADANIENT,Dec 2024,DEC 2024,11.7200,6.6100,73.9700,7.6800,667210.0000,Metals & Mining
ADANIENT,Dec 2025,DEC 2025,11.6400,6.7100,73.9700,7.6600,642614.0000,Metals & Mining
ADANIENT,Jul 2026,JUL 2026,10.5100,10.7500,71.9700,6.7800,588595.0000,Metals & Mining
ADANIENT,Jun 2024,JUN 2024,11.7300,6.0200,74.7200,7.5300,643975.0000,Metals & Mining
ADANIENT,Jun 2025,JUN 2025,11.5500,7.0400,73.9700,7.4400,621739.0000,Metals & Mining
ADANIENT,Jun 2026,JUN 2026,8.7700,9.3400,74.8400,7.0600,596414.0000,Metals & Mining
ADANIENT,Mar 2017,MAR 2017,18.1300,2.8300,74.9200,4.1200,81676.0000,Metals & Mining
ADANIENT,Mar 2018,MAR 2018,20.7200,1.0800,74.9200,3.2800,73186.0000,Metals & Mining
ADANIENT,Mar 2019,MAR 2019,19.3100,2.5300,74.9200,3.2400,81444.0000,Metals & Mining
ADANIENT,Mar 2020,MAR 2020,20.3700,1.5700,74.9200,3.1400,80147.0000,Metals & Mining
ADANIENT,Mar 2021,MAR 2021,20.5100,0.8300,74.9200,3.7400,148923.0000,Metals & Mining
ADANIENT,Mar 2022,MAR 2022,16.6200,5.6900,74.9200,2.7700,226071.0000,Metals & Mining
ADANIENT,Mar 2023,MAR 2023,17.7500,5.1500,69.2300,7.8700,746605.0000,Metals & Mining
ADANIENT,Mar 2024,MAR 2024,14.4100,5.7700,72.6100,7.2200,537342.0000,Metals & Mining
ADANIENT,Mar 2025,MAR 2025,11.7100,6.8600,73.9700,7.4500,655946.0000,Metals & Mining
ADANIENT,Mar 2026,MAR 2026,10.8000,6.7000,74.6700,7.8400,664882.0000,Metals & Mining
ADANIENT,Sep 2024,SEP 2024,11.3100,6.4600,74.8900,7.3600,584928.0000,Metals & Mining
ADANIENT,Sep 2025,SEP 2025,11.7200,6.8400,73.9700,7.4700,618413.0000,Metals & Mining
ADANIGREEN,Dec 2023,DEC 2023,18.0300,1.5000,56.3700,24.1000,693064.0000,Power
ADANIGREEN,Dec 2024,DEC 2024,13.6800,1.7300,60.9300,23.6400,900770.0000,Power
ADANIGREEN,Dec 2025,DEC 2025,11.4200,4.3100,62.4400,21.8400,935716.0000,Power
ADANIGREEN,Jun 2024,JUN 2024,16.9100,1.4600,57.5100,24.1100,742579.0000,Power
ADANIGREEN,Jun 2025,JUN 2025,11.5800,2.8600,61.9100,23.6400,989821.0000,Power
ADANIGREEN,Jun 2026,JUN 2026,11.8400,4.8200,62.4300,20.9000,799143.0000,Power
ADANIGREEN,Mar 2019,MAR 2019,10.2600,0.2400,86.5000,3.0000,83552.0000,Power
ADANIGREEN,Mar 2020,MAR 2020,21.1400,0.2000,74.9200,3.7500,94098.0000,Power
ADANIGREEN,Mar 2021,MAR 2021,21.4700,0.3000,56.2900,21.9400,166386.0000,Power
ADANIGREEN,Mar 2022,MAR 2022,16.5300,0.7900,61.2700,21.4100,228469.0000,Power
ADANIGREEN,Mar 2023,MAR 2023,17.1300,1.4500,57.2600,24.1600,746294.0000,Power
ADANIGREEN,Mar 2024,MAR 2024,18.1500,1.5500,56.3700,23.9300,668586.0000,Power
ADANIGREEN,Mar 2025,MAR 2025,12.4500,2.4000,60.9300,24.2200,995700.0000,Power
ADANIGREEN,Mar 2026,MAR 2026,11.1000,4.5600,62.4400,21.9200,930970.0000,Power
ADANIGREEN,Sep 2023,SEP 2023,18.1600,1.4900,56.2600,24.0900,676271.0000,Power
ADANIGREEN,Sep 2024,SEP 2024,15.1600,1.4500,60.9300,22.4500,628425.0000,Power
ADANIGREEN,Sep 2025,SEP 2025,11.2900,2.9800,62.4400,23.3000,977483.0000,Power
ADANIPORTS,Dec 2023,DEC 2023,14.7200,12.0100,65.8900,7.3900,970247.0000,Services
ADANIPORTS,Dec 2024,DEC 2024,13.9400,14.2000,65.8900,5.9600,1253858.0000,Services
ADANIPORTS,Dec 2025,DEC 2025,13.1000,13.8900,68.0200,4.9900,1122537.0000,Services
ADANIPORTS,Jun 2024,JUN 2024,15.1900,12.4800,65.8900,6.4400,1274010.0000,Services
ADANIPORTS,Jun 2025,JUN 2025,13.5300,15.1500,65.8900,5.4600,1185335.0000,Services
ADANIPORTS,Jun 2026,JUN 2026,15.5800,13.6000,66.0300,4.7900,1072323.0000,Services
ADANIPORTS,Mar 2017,MAR 2017,23.2500,10.3400,61.3000,5.0600,295076.0000,Services
ADANIPORTS,Mar 2018,MAR 2018,18.0200,12.1700,66.2700,3.4700,263300.0000,Services
ADANIPORTS,Mar 2019,MAR 2019,21.8200,12.5400,62.3000,3.2600,251109.0000,Services
ADANIPORTS,Mar 2020,MAR 2020,17.5300,16.6200,62.7900,2.9800,264916.0000,Services
ADANIPORTS,Mar 2021,MAR 2021,17.9000,14.8300,63.7400,3.4600,405940.0000,Services
ADANIPORTS,Mar 2022,MAR 2022,14.2600,15.3200,65.5500,4.8400,626791.0000,Services
ADANIPORTS,Mar 2023,MAR 2023,17.9900,13.0200,61.0300,7.9500,1098596.0000,Services
ADANIPORTS,Mar 2024,MAR 2024,14.9800,11.8400,65.8900,7.3000,991001.0000,Services
ADANIPORTS,Mar 2025,MAR 2025,13.4300,14.7300,65.8900,5.9400,1262911.0000,Services
ADANIPORTS,Mar 2026,MAR 2026,13.2500,13.8600,68.0200,4.8900,1095768.0000,Services
ADANIPORTS,Sep 2023,SEP 2023,13.8300,13.2700,65.5300,7.3700,944166.0000,Services
ADANIPORTS,Sep 2024,SEP 2024,15.2200,13.2600,65.8900,5.6200,1186670.0000,Services
ADANIPORTS,Sep 2025,SEP 2025,13.6100,15.0300,65.8900,5.4800,1166914.0000,Services
ADANIPOWER,Dec 2023,DEC 2023,15.8600,1.1800,71.7500,11.2000,1460767.0000,Power
ADANIPOWER,Dec 2024,DEC 2024,12.3400,1.6000,74.9600,11.0900,1885684.0000,Power
ADANIPOWER,Dec 2025,DEC 2025,11.6400,3.4100,74.9600,9.9900,2147981.0000,Power
ADANIPOWER,Jun 2024,JUN 2024,14.7300,1.4200,72.7100,11.1400,1790384.0000,Power
ADANIPOWER,Jun 2025,JUN 2025,12.4600,1.7600,74.9600,10.8200,1814142.0000,Power
ADANIPOWER,Jun 2026,JUN 2026,11.7600,4.0700,74.9600,9.2000,2116256.0000,Power
ADANIPOWER,Mar 2017,MAR 2017,22.1200,2.6700,68.0800,7.1200,340749.0000,Power
ADANIPOWER,Mar 2018,MAR 2018,11.2800,9.1400,73.0700,6.5100,346605.0000,Power
ADANIPOWER,Mar 2019,MAR 2019,10.0200,10.1100,74.9700,4.9000,292036.0000,Power
ADANIPOWER,Mar 2020,MAR 2020,12.3800,8.2900,74.9700,4.3500,303805.0000,Power
ADANIPOWER,Mar 2021,MAR 2021,11.5200,7.0800,74.9700,6.4300,555590.0000,Power
ADANIPOWER,Mar 2022,MAR 2022,11.3100,5.5600,74.9700,8.1500,1174863.0000,Power
ADANIPOWER,Mar 2023,MAR 2023,11.7000,0.0100,74.9700,13.3200,1790675.0000,Power
ADANIPOWER,Mar 2024,MAR 2024,15.9100,1.4100,71.7500,10.9300,1426249.0000,Power
ADANIPOWER,Mar 2025,MAR 2025,12.3600,1.6400,74.9600,11.0300,1891234.0000,Power
ADANIPOWER,Mar 2026,MAR 2026,11.7300,3.6900,74.9600,9.6300,2087011.0000,Power
ADANIPOWER,Sep 2023,SEP 2023,17.5100,0.7600,70.0200,11.7200,1503347.0000,Power
ADANIPOWER,Sep 2024,SEP 2024,12.6600,1.5200,74.9600,10.8400,1742783.0000,Power
ADANIPOWER,Sep 2025,SEP 2025,11.5300,2.7000,74.9600,10.8200,2012647.0000,Power
AEGISLOG,Dec 2023,DEC 2023,17.9700,5.0800,58.1000,18.8300,60275.0000,Oil Gas & Consumable Fuels
AEGISLOG,Dec 2024,DEC 2024,18.2200,6.6900,58.1000,16.9900,73784.0000,Oil Gas & Consumable Fuels
AEGISLOG,Dec 2025,DEC 2025,17.8700,5.4100,58.1000,18.6400,77695.0000,Oil Gas & Consumable Fuels
AEGISLOG,Jun 2024,JUN 2024,17.6500,6.7100,58.1000,17.5500,62660.0000,Oil Gas & Consumable Fuels
AEGISLOG,Jun 2025,JUN 2025,16.7900,6.4000,58.1000,18.7100,84323.0000,Oil Gas & Consumable Fuels
AEGISLOG,Jun 2026,JUN 2026,19.5400,3.6000,58.1000,18.7700,77194.0000,Oil Gas & Consumable Fuels
AEGISLOG,Mar 2017,MAR 2017,12.9800,1.9000,61.5000,23.6300,42373.0000,Oil Gas & Consumable Fuels
AEGISLOG,Mar 2018,MAR 2018,11.4400,2.5700,60.5100,25.4800,50887.0000,Oil Gas & Consumable Fuels
AEGISLOG,Mar 2019,MAR 2019,12.3800,2.3400,60.5800,24.7000,51676.0000,Oil Gas & Consumable Fuels
AEGISLOG,Mar 2020,MAR 2020,12.4500,2.7200,59.5700,25.2600,51218.0000,Oil Gas & Consumable Fuels
AEGISLOG,Mar 2021,MAR 2021,14.7800,2.3100,57.7400,25.1600,48994.0000,Oil Gas & Consumable Fuels
AEGISLOG,Mar 2022,MAR 2022,15.0300,2.1800,58.0700,24.7200,83195.0000,Oil Gas & Consumable Fuels
AEGISLOG,Mar 2023,MAR 2023,18.0400,3.5700,58.0700,20.3100,71850.0000,Oil Gas & Consumable Fuels
AEGISLOG,Mar 2024,MAR 2024,18.1700,4.9200,58.1000,18.8000,65445.0000,Oil Gas & Consumable Fuels
AEGISLOG,Mar 2025,MAR 2025,18.0600,6.3100,58.1000,17.5200,86749.0000,Oil Gas & Consumable Fuels
AEGISLOG,Mar 2026,MAR 2026,19.5600,3.6700,58.1000,18.6700,78190.0000,Oil Gas & Consumable Fuels
AEGISLOG,Sep 2023,SEP 2023,18.8700,4.5300,58.1000,18.5000,60395.0000,Oil Gas & Consumable Fuels
AEGISLOG,Sep 2024,SEP 2024,17.9300,6.6800,58.1000,17.2900,74810.0000,Oil Gas & Consumable Fuels
AEGISLOG,Sep 2025,SEP 2025,16.8800,6.2500,58.1000,18.7600,81425.0000,Oil Gas & Consumable Fuels
AEGISVOPAK,Dec 2025,DEC 2025,6.0300,4.9800,86.9400,2.0600,47170.0000,Oil Gas & Consumable Fuels
AEGISVOPAK,Jun 2025,JUN 2025,5.8700,5.2900,86.9400,1.9000,57139.0000,Oil Gas & Consumable Fuels
AEGISVOPAK,Jun 2026,JUN 2026,5.3500,5.3000,86.9400,2.4100,50411.0000,Oil Gas & Consumable Fuels
AEGISVOPAK,Mar 2026,MAR 2026,5.8900,4.8900,86.9400,2.2800,48956.0000,Oil Gas & Consumable Fuels
AEGISVOPAK,Sep 2025,SEP 2025,6.0700,5.0300,86.9400,1.9500,48323.0000,Oil Gas & Consumable Fuels
AFCONS,Dec 2024,DEC 2024,18.0000,11.1200,50.1700,20.7100,282920.0000,Construction
AFCONS,Dec 2025,DEC 2025,12.8100,19.6000,50.1700,17.4000,245226.0000,Construction
AFCONS,Jun 2025,JUN 2025,15.8000,14.5300,50.1700,19.5000,266041.0000,Construction
AFCONS,Jun 2026,JUN 2026,12.1500,20.0700,50.1700,17.6200,240266.0000,Construction
AFCONS,Mar 2025,MAR 2025,18.2100,12.0700,50.1700,19.5500,268890.0000,Construction
AFCONS,Mar 2026,MAR 2026,12.1900,20.9600,50.1700,16.6900,237539.0000,Construction
AFCONS,Sep 2025,SEP 2025,12.8100,17.9400,50.1700,19.0600,256969.0000,Construction
AFFLE,Dec 2023,DEC 2023,14.3500,14.7100,56.9300,13.9500,322499.0000,Information Technology
AFFLE,Dec 2024,DEC 2024,16.4900,14.5700,55.0300,13.8000,275241.0000,Information Technology
AFFLE,Dec 2025,DEC 2025,17.7900,16.3600,54.9500,10.8000,247224.0000,Information Technology
AFFLE,Jun 2024,JUN 2024,15.3000,16.2100,55.1400,13.3300,289362.0000,Information Technology
AFFLE,Jun 2025,JUN 2025,18.4200,13.8200,55.0000,12.6900,261724.0000,Information Technology
AFFLE,Jun 2026,JUN 2026,15.3700,18.7700,54.9100,10.8200,243769.0000,Information Technology
AFFLE,Mar 2020,MAR 2020,7.5400,11.4000,68.3800,12.6900,27551.0000,Information Technology
AFFLE,Mar 2021,MAR 2021,17.2800,6.9300,62.6000,13.1900,88416.0000,Information Technology
AFFLE,Mar 2022,MAR 2022,15.4000,6.3700,59.8900,18.3300,366185.0000,Information Technology
AFFLE,Mar 2023,MAR 2023,11.4300,11.9500,59.8900,16.6800,364615.0000,Information Technology
AFFLE,Mar 2024,MAR 2024,14.7900,14.7200,56.9200,13.5000,308470.0000,Information Technology
AFFLE,Mar 2025,MAR 2025,16.0900,15.3100,55.0200,13.4700,276042.0000,Information Technology
AFFLE,Mar 2026,MAR 2026,16.6600,17.9000,54.9200,10.4000,240775.0000,Information Technology
AFFLE,Sep 2023,SEP 2023,9.6600,14.2800,59.8900,16.1200,352826.0000,Information Technology
AFFLE,Sep 2024,SEP 2024,15.5500,15.5900,55.0900,13.7000,283423.0000,Information Technology
AFFLE,Sep 2025,SEP 2025,19.0200,14.6800,54.9700,11.2300,252674.0000,Information Technology
AIAENG,Dec 2023,DEC 2023,18.2900,20.4600,58.4700,2.7800,43427.0000,Capital Goods
AIAENG,Dec 2024,DEC 2024,17.2100,21.8400,58.5000,2.4300,53263.0000,Capital Goods
AIAENG,Dec 2025,DEC 2025,16.5700,22.2600,58.5000,2.6600,55406.0000,Capital Goods
AIAENG,Jun 2024,JUN 2024,17.6800,20.9400,58.4700,2.9100,45928.0000,Capital Goods
AIAENG,Jun 2025,JUN 2025,17.0000,22.0200,58.5000,2.4800,55456.0000,Capital Goods
AIAENG,Jun 2026,JUN 2026,16.8700,22.1000,58.5000,2.5400,58979.0000,Capital Goods
AIAENG,Mar 2017,MAR 2017,27.8000,5.5300,61.6500,5.0200,16486.0000,Capital Goods
AIAENG,Mar 2018,MAR 2018,23.0900,10.3700,61.6500,4.6800,15909.0000,Capital Goods
AIAENG,Mar 2019,MAR 2019,21.8500,14.4700,58.4700,4.9500,17743.0000,Capital Goods
AIAENG,Mar 2020,MAR 2020,21.3400,16.4500,58.4700,3.4100,18291.0000,Capital Goods
AIAENG,Mar 2021,MAR 2021,18.7600,19.5600,58.4700,2.8800,20927.0000,Capital Goods
AIAENG,Mar 2022,MAR 2022,18.0800,20.4400,58.4700,2.7100,22711.0000,Capital Goods
AIAENG,Mar 2023,MAR 2023,18.0400,20.6900,58.4700,2.4900,37196.0000,Capital Goods
AIAENG,Mar 2024,MAR 2024,18.1600,20.5300,58.4700,2.8200,44943.0000,Capital Goods
AIAENG,Mar 2025,MAR 2025,17.0600,22.0300,58.5000,2.4000,54166.0000,Capital Goods
AIAENG,Mar 2026,MAR 2026,16.7900,22.0300,58.5000,2.6900,59500.0000,Capital Goods
AIAENG,Sep 2023,SEP 2023,18.5000,20.2900,58.4700,2.7400,40326.0000,Capital Goods
AIAENG,Sep 2024,SEP 2024,17.9300,20.8300,58.5000,2.7300,50461.0000,Capital Goods
AIAENG,Sep 2025,SEP 2025,16.6600,22.1800,58.5000,2.6400,59297.0000,Capital Goods
AIIL,Dec 2023,DEC 2023,7.1900,0.0000,74.5300,18.2800,8147.0000,Financial Services
AIIL,Dec 2024,DEC 2024,7.3100,0.0200,74.9500,17.7100,24205.0000,Financial Services
AIIL,Dec 2025,DEC 2025,14.4500,0.1700,68.7900,16.5800,33789.0000,Financial Services
AIIL,Jun 2024,JUN 2024,7.2300,0.0000,74.9500,17.8200,10385.0000,Financial Services
AIIL,Jun 2025,JUN 2025,7.9400,0.1500,74.9500,16.9500,37874.0000,Financial Services
AIIL,Jun 2026,JUN 2026,14.2800,0.2000,68.8100,16.6900,37689.0000,Financial Services
AIIL,Mar 2017,MAR 2017,0.0000,0.0000,0.0000,100.0000,659.0000,Financial Services
AIIL,Mar 2018,MAR 2018,0.0000,0.0000,0.0000,100.0000,758.0000,Financial Services
AIIL,Mar 2019,MAR 2019,0.0000,0.0000,0.0000,100.0000,798.0000,Financial Services
AIIL,Mar 2020,MAR 2020,0.0000,0.0000,74.7400,25.2600,646.0000,Financial Services
AIIL,Mar 2021,MAR 2021,6.0300,0.0000,68.7200,25.2500,641.0000,Financial Services
AIIL,Mar 2022,MAR 2022,6.7400,0.0000,70.2800,22.9900,6810.0000,Financial Services
AIIL,Mar 2023,MAR 2023,7.0100,0.0000,71.4700,21.5200,6792.0000,Financial Services
AIIL,Mar 2024,MAR 2024,7.1900,0.0000,74.7200,18.0900,8562.0000,Financial Services
AIIL,Mar 2025,MAR 2025,7.4100,0.0900,74.9500,17.5400,29636.0000,Financial Services
AIIL,Mar 2026,MAR 2026,14.2300,0.1900,68.8100,16.7600,39531.0000,Financial Services
AIIL,Sep 2023,SEP 2023,7.1400,0.0000,74.5300,18.3300,6238.0000,Financial Services
AIIL,Sep 2024,SEP 2024,7.2900,0.0100,74.9500,17.7600,23591.0000,Financial Services
AIIL,Sep 2025,SEP 2025,14.1100,0.2400,68.7900,16.8500,37613.0000,Financial Services
AJANTPHARM,Dec 2023,DEC 2023,9.1100,16.6700,66.2200,8.0000,54351.0000,Healthcare
AJANTPHARM,Dec 2024,DEC 2024,9.2600,17.0200,66.2600,7.4500,66896.0000,Healthcare
AJANTPHARM,Dec 2025,DEC 2025,7.9700,18.5800,66.2500,7.2000,65409.0000,Healthcare
AJANTPHARM,Jun 2024,JUN 2024,8.3600,17.4100,66.2700,7.9400,70316.0000,Healthcare
AJANTPHARM,Jun 2025,JUN 2025,8.8600,17.5000,66.2600,7.3800,68882.0000,Healthcare
AJANTPHARM,Jun 2026,JUN 2026,7.6800,21.8000,63.4900,7.0300,65296.0000,Healthcare
AJANTPHARM,Mar 2017,MAR 2017,10.9300,2.1400,73.7800,13.1500,38069.0000,Healthcare
AJANTPHARM,Mar 2018,MAR 2018,12.1700,6.5400,70.7000,10.3200,35394.0000,Healthcare
AJANTPHARM,Mar 2019,MAR 2019,9.7800,9.5200,70.5200,9.7400,39912.0000,Healthcare
AJANTPHARM,Mar 2020,MAR 2020,8.9100,10.6300,70.5100,9.2100,39188.0000,Healthcare
AJANTPHARM,Mar 2021,MAR 2021,8.3700,11.8600,70.3400,8.6700,44881.0000,Healthcare
AJANTPHARM,Mar 2022,MAR 2022,8.6400,12.2900,70.4800,8.1400,60759.0000,Healthcare
AJANTPHARM,Mar 2023,MAR 2023,10.0000,15.5200,66.1100,7.9100,83549.0000,Healthcare
AJANTPHARM,Mar 2024,MAR 2024,8.5400,17.4800,66.2200,7.7600,55488.0000,Healthcare
AJANTPHARM,Mar 2025,MAR 2025,8.8600,17.4800,66.2600,7.3800,70827.0000,Healthcare
AJANTPHARM,Mar 2026,MAR 2026,8.2600,18.3600,66.2500,7.1400,67955.0000,Healthcare
AJANTPHARM,Sep 2023,SEP 2023,9.9900,15.6000,66.2200,8.2100,56277.0000,Healthcare
AJANTPHARM,Sep 2024,SEP 2024,9.1100,17.0900,66.2600,7.5100,64315.0000,Healthcare
AJANTPHARM,Sep 2025,SEP 2025,8.5300,17.9000,66.2500,7.3200,67785.0000,Healthcare
ALKEM,Dec 2023,DEC 2023,8.4900,15.9100,56.7400,18.8600,65184.0000,Healthcare
ALKEM,Dec 2024,DEC 2024,10.1400,18.0100,55.6600,16.1900,84038.0000,Healthcare
ALKEM,Dec 2025,DEC 2025,9.9700,21.5400,51.2000,17.3000,64536.0000,Healthcare
ALKEM,Jun 2024,JUN 2024,8.6900,18.5600,56.3800,16.3700,69627.0000,Healthcare
ALKEM,Jun 2025,JUN 2025,9.1100,21.8000,53.0400,16.0500,79740.0000,Healthcare
ALKEM,Jun 2026,JUN 2026,10.4200,22.6400,49.7000,17.2500,62822.0000,Healthcare
ALKEM,Mar 2017,MAR 2017,4.2200,2.5300,66.9700,26.2800,67050.0000,Healthcare
ALKEM,Mar 2018,MAR 2018,3.6000,3.3200,65.8600,27.2200,68512.0000,Healthcare
ALKEM,Mar 2019,MAR 2019,2.4400,5.1100,66.0200,26.2000,71552.0000,Healthcare
ALKEM,Mar 2020,MAR 2020,3.6400,11.5300,65.8800,18.7000,74517.0000,Healthcare
ALKEM,Mar 2021,MAR 2021,4.4200,13.2000,60.1600,22.2200,95294.0000,Healthcare
ALKEM,Mar 2022,MAR 2022,5.4100,14.1400,57.1300,23.3200,81869.0000,Healthcare
ALKEM,Mar 2023,MAR 2023,4.4400,16.6900,57.1600,21.6900,73440.0000,Healthcare
ALKEM,Mar 2024,MAR 2024,9.1100,15.6300,56.7400,18.5100,65830.0000,Healthcare
ALKEM,Mar 2025,MAR 2025,9.4000,19.4200,55.1300,16.0500,84326.0000,Healthcare
ALKEM,Mar 2026,MAR 2026,10.1500,21.3900,51.2000,17.2500,62835.0000,Healthcare
ALKEM,Sep 2023,SEP 2023,6.0300,17.6300,56.7400,19.5800,69442.0000,Healthcare
ALKEM,Sep 2024,SEP 2024,9.0200,19.2100,55.6600,16.1200,74744.0000,Healthcare
ALKEM,Sep 2025,SEP 2025,9.4700,21.9300,51.2000,17.3900,67196.0000,Healthcare
AMBER,Dec 2023,DEC 2023,28.2900,14.6700,40.3100,16.7300,78144.0000,Consumer Durables
AMBER,Dec 2024,DEC 2024,28.5600,19.1100,39.7200,12.6000,125374.0000,Consumer Durables
AMBER,Dec 2025,DEC 2025,26.9800,23.8600,38.1900,10.9700,120726.0000,Consumer Durables
AMBER,Jun 2024,JUN 2024,28.4200,15.7300,39.8700,15.9900,90725.0000,Consumer Durables
AMBER,Jun 2025,JUN 2025,28.5900,17.8200,39.6500,13.9500,132907.0000,Consumer Durables
AMBER,Jun 2026,JUN 2026,20.4700,30.5400,38.0900,10.8800,119692.0000,Consumer Durables
AMBER,Mar 2018,MAR 2018,10.7800,8.4300,44.0000,36.7900,46533.0000,Consumer Durables
AMBER,Mar 2019,MAR 2019,11.4700,5.8500,44.0200,38.6600,39350.0000,Consumer Durables
AMBER,Mar 2020,MAR 2020,12.3600,7.2400,44.0200,36.3800,32779.0000,Consumer Durables
AMBER,Mar 2021,MAR 2021,28.0600,7.6200,40.2700,24.0500,79888.0000,Consumer Durables
AMBER,Mar 2022,MAR 2022,28.1100,9.1800,40.2700,22.4400,82090.0000,Consumer Durables
AMBER,Mar 2023,MAR 2023,23.9100,13.5500,40.3100,22.2400,98113.0000,Consumer Durables
AMBER,Mar 2024,MAR 2024,25.9800,15.8300,40.3100,17.8700,89145.0000,Consumer Durables
AMBER,Mar 2025,MAR 2025,27.0500,19.4200,39.7200,13.8100,138651.0000,Consumer Durables
AMBER,Mar 2026,MAR 2026,23.9600,27.9200,38.1700,9.9600,116560.0000,Consumer Durables
AMBER,Sep 2023,SEP 2023,29.6900,13.0700,40.3100,16.9100,81407.0000,Consumer Durables
AMBER,Sep 2024,SEP 2024,26.3900,17.8000,39.7900,16.0200,96987.0000,Consumer Durables
AMBER,Sep 2025,SEP 2025,30.6100,20.2000,38.2200,10.9800,115647.0000,Consumer Durables
AMBUJACEM,Dec 2023,DEC 2023,11.8800,15.5600,63.1900,9.1000,564847.0000,Construction Materials
AMBUJACEM,Dec 2024,DEC 2024,9.1400,16.4100,67.5700,6.6600,633718.0000,Construction Materials
AMBUJACEM,Dec 2025,DEC 2025,5.8000,19.6400,67.6800,6.6700,625013.0000,Construction Materials
AMBUJACEM,Jun 2024,JUN 2024,9.5900,13.0300,70.3300,6.8300,611804.0000,Construction Materials
AMBUJACEM,Jun 2025,JUN 2025,7.4300,18.4900,67.5700,6.3000,618855.0000,Construction Materials
AMBUJACEM,Jun 2026,JUN 2026,5.6300,19.4400,67.3300,7.3800,674206.0000,Construction Materials
AMBUJACEM,Mar 2017,MAR 2017,18.3500,10.7700,63.6200,7.2200,179684.0000,Construction Materials
AMBUJACEM,Mar 2018,MAR 2018,16.4500,12.9500,63.5500,6.9200,167494.0000,Construction Materials
AMBUJACEM,Mar 2019,MAR 2019,17.9100,10.9200,63.4500,7.7200,168983.0000,Construction Materials
AMBUJACEM,Mar 2020,MAR 2020,15.6600,14.1600,63.2800,6.7100,179094.0000,Construction Materials
AMBUJACEM,Mar 2021,MAR 2021,17.7500,12.1100,63.2900,6.5900,237224.0000,Construction Materials
AMBUJACEM,Mar 2022,MAR 2022,12.9700,16.2500,63.1900,7.3400,437838.0000,Construction Materials
AMBUJACEM,Mar 2023,MAR 2023,11.1600,14.4800,63.2200,10.8700,704994.0000,Construction Materials
AMBUJACEM,Mar 2024,MAR 2024,11.0900,14.2400,66.7400,7.6900,542773.0000,Construction Materials
AMBUJACEM,Mar 2025,MAR 2025,8.6000,17.0900,67.5700,6.5100,644696.0000,Construction Materials
AMBUJACEM,Mar 2026,MAR 2026,5.8700,19.8600,67.6800,6.3600,607505.0000,Construction Materials
AMBUJACEM,Sep 2023,SEP 2023,11.6500,15.2600,63.1900,9.6300,598147.0000,Construction Materials
AMBUJACEM,Sep 2024,SEP 2024,10.6100,14.9800,67.5700,6.6400,605551.0000,Construction Materials
AMBUJACEM,Sep 2025,SEP 2025,5.9100,19.4100,67.6800,6.7700,620457.0000,Construction Materials
ANANDRATHI,Dec 2023,DEC 2023,3.0100,9.1600,48.2000,39.6400,44369.0000,Financial Services
ANANDRATHI,Dec 2024,DEC 2024,5.7500,7.8100,47.9900,38.4500,52392.0000,Financial Services
ANANDRATHI,Dec 2025,DEC 2025,6.6600,9.4500,43.1100,40.7800,73908.0000,Financial Services
ANANDRATHI,Jun 2024,JUN 2024,5.0200,8.3200,48.0900,38.5600,68256.0000,Financial Services
ANANDRATHI,Jun 2025,JUN 2025,4.9000,8.4000,42.7100,43.9900,59186.0000,Financial Services
ANANDRATHI,Jun 2026,JUN 2026,6.3700,10.4000,41.3700,41.8600,80729.0000,Financial Services
ANANDRATHI,Mar 2022,MAR 2022,1.0200,10.0200,48.8200,40.1400,45437.0000,Financial Services
ANANDRATHI,Mar 2023,MAR 2023,1.7100,9.9900,48.7400,39.5600,35643.0000,Financial Services
ANANDRATHI,Mar 2024,MAR 2024,4.8600,8.7800,48.0200,38.3500,44307.0000,Financial Services
ANANDRATHI,Mar 2025,MAR 2025,4.8500,7.2100,47.2900,40.6400,54938.0000,Financial Services
ANANDRATHI,Mar 2026,MAR 2026,5.7800,9.1000,43.1100,42.0100,64931.0000,Financial Services
ANANDRATHI,Sep 2023,SEP 2023,1.8400,10.2600,48.6900,39.2100,37141.0000,Financial Services
ANANDRATHI,Sep 2024,SEP 2024,5.3200,7.9600,47.9900,38.7200,54189.0000,Financial Services
ANANDRATHI,Sep 2025,SEP 2025,5.5600,8.7300,42.7100,43.0000,74121.0000,Financial Services
ANANTRAJ,Dec 2023,DEC 2023,8.9600,1.6000,63.3000,26.1400,57858.0000,Realty
ANANTRAJ,Dec 2024,DEC 2024,13.0700,6.7100,60.0100,20.2100,156568.0000,Realty
ANANTRAJ,Dec 2025,DEC 2025,11.1400,5.2000,57.4100,26.2600,335175.0000,Realty
ANANTRAJ,Jun 2024,JUN 2024,13.1000,6.5100,60.0100,20.3600,74161.0000,Realty
ANANTRAJ,Jun 2025,JUN 2025,10.6200,6.2200,60.1200,23.0400,257866.0000,Realty
ANANTRAJ,Jun 2026,JUN 2026,10.7400,4.6000,57.4300,27.2200,375155.0000,Realty
ANANTRAJ,Mar 2017,MAR 2017,7.8600,0.2100,63.4700,28.4500,51266.0000,Realty
ANANTRAJ,Mar 2018,MAR 2018,8.7400,0.2100,63.4700,27.3200,53666.0000,Realty
ANANTRAJ,Mar 2019,MAR 2019,8.1100,0.1300,63.4900,27.9900,51599.0000,Realty
ANANTRAJ,Mar 2020,MAR 2020,7.6200,0.1600,64.9400,27.2800,46353.0000,Realty
ANANTRAJ,Mar 2021,MAR 2021,8.3600,0.0200,65.0400,26.5800,47017.0000,Realty
ANANTRAJ,Mar 2022,MAR 2022,6.3500,0.0700,64.9900,28.5900,54998.0000,Realty
ANANTRAJ,Mar 2023,MAR 2023,10.7300,0.0900,63.2100,25.9700,48465.0000,Realty
ANANTRAJ,Mar 2024,MAR 2024,11.5200,3.6300,60.0100,24.8300,63832.0000,Realty
ANANTRAJ,Mar 2025,MAR 2025,12.8800,6.5700,60.1600,20.3800,212034.0000,Realty
ANANTRAJ,Mar 2026,MAR 2026,10.8800,4.8300,57.4100,26.8900,368350.0000,Realty
ANANTRAJ,Sep 2023,SEP 2023,9.5100,1.6600,63.3100,25.5300,50956.0000,Realty
ANANTRAJ,Sep 2024,SEP 2024,13.0400,6.6900,60.0100,20.2600,116891.0000,Realty
ANANTRAJ,Sep 2025,SEP 2025,10.7200,5.8200,60.1200,23.3200,291165.0000,Realty
ANGELONE,Dec 2023,DEC 2023,19.1100,9.3200,38.2300,33.3300,155194.0000,Financial Services
ANGELONE,Dec 2024,DEC 2024,13.8100,14.3200,35.5700,36.2800,355598.0000,Financial Services
ANGELONE,Dec 2025,DEC 2025,12.4500,18.1100,28.8700,40.5700,327994.0000,Financial Services
ANGELONE,Jun 2024,JUN 2024,15.3600,14.0300,35.6300,34.9900,270528.0000,Financial Services
ANGELONE,Jun 2025,JUN 2025,14.6600,16.4300,28.9700,39.9300,325965.0000,Financial Services
ANGELONE,Jun 2026,JUN 2026,13.7600,20.3400,28.5900,37.3000,356468.0000,Financial Services
ANGELONE,Mar 2021,MAR 2021,5.0100,11.9700,44.5500,38.4700,46605.0000,Financial Services
ANGELONE,Mar 2022,MAR 2022,8.9600,10.3300,44.0000,36.7200,101028.0000,Financial Services
ANGELONE,Mar 2023,MAR 2023,16.6100,9.7300,38.4800,35.1700,142320.0000,Financial Services
ANGELONE,Mar 2024,MAR 2024,17.2700,9.4900,38.2100,35.0200,200355.0000,Financial Services
ANGELONE,Mar 2025,MAR 2025,13.0500,14.2700,35.5500,37.1200,402193.0000,Financial Services
ANGELONE,Mar 2026,MAR 2026,12.8100,18.8800,28.8000,39.5200,359235.0000,Financial Services
ANGELONE,Sep 2023,SEP 2023,16.8200,10.4100,38.2600,34.5200,131876.0000,Financial Services
ANGELONE,Sep 2024,SEP 2024,12.2700,12.7300,35.6100,39.3900,381346.0000,Financial Services
ANGELONE,Sep 2025,SEP 2025,13.1100,14.8700,28.9200,43.1100,383581.0000,Financial Services
ANTHEM,Dec 2025,DEC 2025,1.3700,7.6000,74.6900,16.3400,199492.0000,Healthcare
ANTHEM,Jun 2026,JUN 2026,2.5700,13.4800,71.4200,12.5200,173273.0000,Healthcare
ANTHEM,Mar 2026,MAR 2026,1.2800,11.5500,74.6700,12.4800,180220.0000,Healthcare
ANTHEM,Sep 2025,SEP 2025,1.6600,7.2100,74.6900,16.4200,217681.0000,Healthcare
ANURAS,Dec 2023,DEC 2023,9.1300,2.5100,61.4100,26.9600,60089.0000,Chemicals
ANURAS,Dec 2024,DEC 2024,7.4600,2.3200,61.1900,29.0600,60938.0000,Chemicals
ANURAS,Dec 2025,DEC 2025,7.6000,0.4100,59.0700,32.8900,47469.0000,Chemicals
ANURAS,Jun 2024,JUN 2024,7.1400,2.5600,61.2300,29.0600,62218.0000,Chemicals
ANURAS,Jun 2025,JUN 2025,4.9400,2.2400,61.1900,31.6500,47711.0000,Chemicals
ANURAS,Jun 2026,JUN 2026,7.7200,0.3800,59.0700,32.8200,42776.0000,Chemicals
ANURAS,Mar 2021,MAR 2021,5.7400,1.7500,65.4000,27.1100,160298.0000,Chemicals
ANURAS,Mar 2022,MAR 2022,5.7300,3.6800,65.1800,25.4100,65071.0000,Chemicals
ANURAS,Mar 2023,MAR 2023,8.5200,4.9800,60.8000,25.6800,66507.0000,Chemicals
ANURAS,Mar 2024,MAR 2024,8.0700,2.5600,61.2600,28.1000,57623.0000,Chemicals
ANURAS,Mar 2025,MAR 2025,6.4700,2.2500,61.1900,30.1100,57478.0000,Chemicals
ANURAS,Mar 2026,MAR 2026,6.9100,0.3500,59.0700,33.6500,43475.0000,Chemicals
ANURAS,Sep 2023,SEP 2023,10.2600,1.7600,60.7300,27.2500,61129.0000,Chemicals
ANURAS,Sep 2024,SEP 2024,7.0000,2.3000,61.2300,29.4700,63866.0000,Chemicals
ANURAS,Sep 2025,SEP 2025,7.6300,1.3700,59.0700,31.9300,48785.0000,Chemicals
APARINDS,Aug 2026,AUG 2026,11.3600,24.8800,55.4200,8.3400,97938.0000,Capital Goods
APARINDS,Dec 2023,DEC 2023,10.9800,18.6200,57.7700,12.6300,94354.0000,Capital Goods
APARINDS,Dec 2024,DEC 2024,10.2200,21.2400,57.7700,10.7700,102362.0000,Capital Goods
APARINDS,Dec 2025,DEC 2025,9.3500,23.2000,57.7700,9.6800,97761.0000,Capital Goods
APARINDS,Jun 2024,JUN 2024,11.5100,19.7300,57.7700,11.0000,91491.0000,Capital Goods
APARINDS,Jun 2025,JUN 2025,9.0600,21.7900,57.7700,11.3800,112365.0000,Capital Goods
APARINDS,Jun 2026,JUN 2026,10.7600,23.0200,57.7600,8.4700,95279.0000,Capital Goods
APARINDS,Mar 2017,MAR 2017,8.3700,18.4000,57.9600,15.2700,24795.0000,Capital Goods
APARINDS,Mar 2018,MAR 2018,7.3700,21.5000,57.9600,13.0400,26648.0000,Capital Goods
APARINDS,Mar 2019,MAR 2019,5.8700,24.6900,58.5500,10.7500,23153.0000,Capital Goods
APARINDS,Mar 2020,MAR 2020,5.8100,23.4200,59.6900,10.8600,23176.0000,Capital Goods
APARINDS,Mar 2021,MAR 2021,4.1800,19.4900,60.4600,15.6300,28119.0000,Capital Goods
APARINDS,Mar 2022,MAR 2022,5.5200,18.2500,60.5700,15.4100,34460.0000,Capital Goods
APARINDS,Mar 2023,MAR 2023,6.6600,17.9500,60.6400,14.7500,62726.0000,Capital Goods
APARINDS,Mar 2024,MAR 2024,11.5500,18.9000,57.7700,11.7800,90969.0000,Capital Goods
APARINDS,Mar 2025,MAR 2025,9.8700,20.6300,57.7700,11.7300,114553.0000,Capital Goods
APARINDS,Mar 2026,MAR 2026,9.3800,24.1500,57.7700,8.7100,89009.0000,Capital Goods
APARINDS,Sep 2024,SEP 2024,10.9700,20.4100,57.7700,10.8500,100821.0000,Capital Goods
APARINDS,Sep 2025,SEP 2025,9.2400,22.6400,57.7700,10.3500,106316.0000,Capital Goods
APLAPOLLO,Dec 2023,DEC 2023,29.2500,13.7500,29.5600,27.4100,205845.0000,Capital Goods
APLAPOLLO,Dec 2024,DEC 2024,31.7200,16.5100,28.3100,23.4500,194598.0000,Capital Goods
APLAPOLLO,Dec 2025,DEC 2025,33.1200,19.9100,28.2700,18.6900,159316.0000,Capital Goods
APLAPOLLO,Jun 2024,JUN 2024,31.5500,14.9000,28.3300,25.2300,194192.0000,Capital Goods
APLAPOLLO,Jun 2025,JUN 2025,33.0500,16.8300,28.3100,21.8100,183416.0000,Capital Goods
APLAPOLLO,Jun 2026,JUN 2026,35.1200,18.5800,28.2500,18.0400,158947.0000,Capital Goods
APLAPOLLO,Mar 2017,MAR 2017,0.4200,15.3300,37.4700,46.7700,7627.0000,Capital Goods
APLAPOLLO,Mar 2018,MAR 2018,0.0200,14.8100,37.2500,47.9200,14905.0000,Capital Goods
APLAPOLLO,Mar 2019,MAR 2019,0.0000,13.9300,37.0700,49.0000,23513.0000,Capital Goods
APLAPOLLO,Mar 2020,MAR 2020,0.0000,13.7000,38.4000,47.9000,27245.0000,Capital Goods
APLAPOLLO,Mar 2021,MAR 2021,24.2000,10.0400,37.0000,28.7600,55607.0000,Capital Goods
APLAPOLLO,Mar 2022,MAR 2022,23.2900,11.1200,34.5200,31.0700,156055.0000,Capital Goods
APLAPOLLO,Mar 2023,MAR 2023,25.7100,11.0800,31.1600,32.0500,181466.0000,Capital Goods
APLAPOLLO,Mar 2024,MAR 2024,30.6900,14.0600,29.4400,25.8100,203720.0000,Capital Goods
APLAPOLLO,Mar 2025,MAR 2025,31.7800,16.7400,28.3100,23.1700,185524.0000,Capital Goods
APLAPOLLO,Mar 2026,MAR 2026,37.5200,16.0500,28.2500,18.1800,158128.0000,Capital Goods
APLAPOLLO,Sep 2023,SEP 2023,28.6600,12.6900,29.6700,28.9900,191718.0000,Capital Goods
APLAPOLLO,Sep 2024,SEP 2024,31.9400,15.8900,28.3200,23.8400,217648.0000,Capital Goods
APLAPOLLO,Sep 2025,SEP 2025,33.7200,18.9200,28.3000,19.0700,164361.0000,Capital Goods
APOLLOHOSP,Dec 2023,DEC 2023,46.2500,18.8700,29.3300,5.3200,119578.0000,Healthcare
APOLLOHOSP,Dec 2024,DEC 2024,45.2700,19.9700,29.3300,5.2100,127802.0000,Healthcare
APOLLOHOSP,Dec 2025,DEC 2025,43.5400,21.5000,28.0200,6.7100,178648.0000,Healthcare
APOLLOHOSP,Jun 2024,JUN 2024,43.9200,21.1300,29.3300,5.3800,127754.0000,Healthcare
APOLLOHOSP,Jun 2025,JUN 2025,43.4900,21.3400,29.3400,5.6100,141007.0000,Healthcare
APOLLOHOSP,Jun 2026,JUN 2026,41.4900,23.7200,28.0200,6.5300,174281.0000,Healthcare
APOLLOHOSP,Mar 2017,MAR 2017,46.8700,4.3300,34.3500,14.2100,7513.0000,Healthcare
APOLLOHOSP,Mar 2018,MAR 2018,48.5400,8.0500,34.3900,8.7800,44050.0000,Healthcare
APOLLOHOSP,Mar 2019,MAR 2019,44.2700,12.9000,34.4000,8.2000,44821.0000,Healthcare
APOLLOHOSP,Mar 2020,MAR 2020,46.9200,14.7800,30.8100,7.2500,60310.0000,Healthcare
APOLLOHOSP,Mar 2021,MAR 2021,54.5100,9.2500,29.8200,6.2000,67091.0000,Healthcare
APOLLOHOSP,Mar 2022,MAR 2022,50.8100,12.9300,29.3300,6.7000,126226.0000,Healthcare
APOLLOHOSP,Mar 2023,MAR 2023,46.9600,17.7600,29.3300,5.7200,131937.0000,Healthcare
APOLLOHOSP,Mar 2024,MAR 2024,45.6300,19.5500,29.3300,5.2600,130664.0000,Healthcare
APOLLOHOSP,Mar 2025,MAR 2025,42.7400,22.2900,29.3400,5.4100,134058.0000,Healthcare
APOLLOHOSP,Mar 2026,MAR 2026,42.6200,22.7600,28.0200,6.3900,174610.0000,Healthcare
APOLLOHOSP,Sep 2023,SEP 2023,46.1500,18.5900,29.3300,5.6800,131565.0000,Healthcare
APOLLOHOSP,Sep 2024,SEP 2024,45.3700,19.9400,29.3300,5.1200,119245.0000,Healthcare
APOLLOHOSP,Sep 2025,SEP 2025,44.2000,21.1200,28.0200,6.4300,160556.0000,Healthcare
APOLLOTYRE,Dec 2023,DEC 2023,17.9600,22.0200,37.3400,21.1000,336846.0000,Automobile and Auto Components
APOLLOTYRE,Dec 2024,DEC 2024,14.2100,26.1200,37.3600,20.7300,417861.0000,Automobile and Auto Components
APOLLOTYRE,Dec 2025,DEC 2025,12.2600,27.8900,36.9300,21.0600,401081.0000,Automobile and Auto Components
APOLLOTYRE,Jun 2024,JUN 2024,14.4600,25.1200,37.3600,21.4800,424206.0000,Automobile and Auto Components
APOLLOTYRE,Jun 2025,JUN 2025,12.2700,27.5400,36.9500,21.4400,421813.0000,Automobile and Auto Components
APOLLOTYRE,Jun 2026,JUN 2026,10.0900,29.0500,36.9300,21.9700,426532.0000,Automobile and Auto Components
APOLLOTYRE,Mar 2017,MAR 2017,31.1600,8.2900,44.1500,14.4400,135539.0000,Automobile and Auto Components
APOLLOTYRE,Mar 2018,MAR 2018,24.3400,19.9700,40.3200,13.6100,133736.0000,Automobile and Auto Components
APOLLOTYRE,Mar 2019,MAR 2019,19.3500,21.8700,40.9000,16.1300,165148.0000,Automobile and Auto Components
APOLLOTYRE,Mar 2020,MAR 2020,22.8900,17.0600,40.9000,17.4000,193296.0000,Automobile and Auto Components
APOLLOTYRE,Mar 2021,MAR 2021,24.2700,11.5400,37.3100,25.3000,237503.0000,Automobile and Auto Components
APOLLOTYRE,Mar 2022,MAR 2022,19.4300,18.5500,37.3400,23.1000,328179.0000,Automobile and Auto Components
APOLLOTYRE,Mar 2023,MAR 2023,22.3500,17.7800,37.3400,20.9400,282649.0000,Automobile and Auto Components
APOLLOTYRE,Mar 2024,MAR 2024,18.1600,21.9900,37.3600,20.9300,372372.0000,Automobile and Auto Components
APOLLOTYRE,Mar 2025,MAR 2025,13.4300,26.5100,37.3600,21.1300,427248.0000,Automobile and Auto Components
APOLLOTYRE,Mar 2026,MAR 2026,12.1500,27.5600,36.9300,21.3800,408704.0000,Automobile and Auto Components
APOLLOTYRE,Sep 2023,SEP 2023,22.1000,17.7400,37.3400,21.2600,333827.0000,Automobile and Auto Components
APOLLOTYRE,Sep 2024,SEP 2024,14.5500,25.5600,37.3600,20.9700,429251.0000,Automobile and Auto Components
APOLLOTYRE,Sep 2025,SEP 2025,11.9000,27.9300,36.9500,21.3800,424104.0000,Automobile and Auto Components
APTUS,Dec 2023,DEC 2023,15.4200,5.2100,62.1000,17.2800,142117.0000,Financial Services
APTUS,Dec 2024,DEC 2024,21.8600,9.6800,52.9900,15.4700,164387.0000,Financial Services
APTUS,Dec 2025,DEC 2025,33.1900,27.2900,23.8600,15.6500,166729.0000,Financial Services
APTUS,Jun 2024,JUN 2024,22.8100,9.1400,54.0900,13.9600,130289.0000,Financial Services
APTUS,Jun 2025,JUN 2025,30.4100,16.0400,40.3700,13.1900,164752.0000,Financial Services
APTUS,Jun 2026,JUN 2026,29.9600,29.9000,23.8600,16.2700,166122.0000,Financial Services
APTUS,Mar 2022,MAR 2022,11.4000,20.3800,62.3500,5.8800,140814.0000,Financial Services
APTUS,Mar 2023,MAR 2023,14.0600,2.5900,62.2100,21.1500,131365.0000,Financial Services
APTUS,Mar 2024,MAR 2024,19.5800,5.1100,61.1000,14.2200,129415.0000,Financial Services
APTUS,Mar 2025,MAR 2025,27.7400,9.8800,52.9900,9.4000,155270.0000,Financial Services
APTUS,Mar 2026,MAR 2026,30.3400,29.4300,23.8600,16.3500,166229.0000,Financial Services
APTUS,Sep 2023,SEP 2023,14.8300,2.7800,62.1300,20.2700,136988.0000,Financial Services
APTUS,Sep 2024,SEP 2024,22.4500,9.4800,53.9000,14.1600,153109.0000,Financial Services
APTUS,Sep 2025,SEP 2025,35.3600,25.8700,23.8700,14.8900,160741.0000,Financial Services
ARE&M,Dec 2023,DEC 2023,24.0000,17.9100,28.0600,30.0200,552894.0000,Automobile and Auto Components
ARE&M,Dec 2024,DEC 2024,21.8200,14.8100,32.8600,30.5200,807657.0000,Automobile and Auto Components
ARE&M,Dec 2025,DEC 2025,17.3700,17.1200,32.8600,32.6300,820460.0000,Automobile and Auto Components
ARE&M,Jun 2024,JUN 2024,23.8400,14.5500,32.8600,28.7600,662428.0000,Automobile and Auto Components
ARE&M,Jun 2025,JUN 2025,19.3900,14.0000,32.8600,33.7600,871584.0000,Automobile and Auto Components
ARE&M,Jun 2026,JUN 2026,17.3400,15.3100,32.8600,34.5000,818619.0000,Automobile and Auto Components
ARE&M,Mar 2017,MAR 2017,19.6700,8.9200,52.0600,19.3500,60960.0000,Automobile and Auto Components
ARE&M,Mar 2018,MAR 2018,18.9700,10.9700,52.0600,17.6900,67815.0000,Automobile and Auto Components
ARE&M,Mar 2019,MAR 2019,19.3800,10.3200,52.0600,17.8700,67723.0000,Automobile and Auto Components
ARE&M,Mar 2020,MAR 2020,20.9100,11.1400,28.0600,39.4200,73723.0000,Automobile and Auto Components
ARE&M,Mar 2021,MAR 2021,21.3400,12.6400,28.0600,37.9600,149574.0000,Automobile and Auto Components
ARE&M,Mar 2022,MAR 2022,18.1000,11.3800,28.0600,42.4600,542133.0000,Automobile and Auto Components
ARE&M,Mar 2023,MAR 2023,36.1900,9.2100,28.0600,26.5500,471435.0000,Automobile and Auto Components
ARE&M,Mar 2024,MAR 2024,24.4600,15.3600,32.8600,27.3300,563871.0000,Automobile and Auto Components
ARE&M,Mar 2025,MAR 2025,20.7100,14.5900,32.8600,31.8600,862059.0000,Automobile and Auto Components
ARE&M,Mar 2026,MAR 2026,17.3100,16.9500,32.8600,32.8800,809144.0000,Automobile and Auto Components
ARE&M,Sep 2023,SEP 2023,24.6400,16.8100,28.0600,30.5000,560987.0000,Automobile and Auto Components
ARE&M,Sep 2024,SEP 2024,22.3300,15.3600,32.8600,29.4300,734151.0000,Automobile and Auto Components
ARE&M,Sep 2025,SEP 2025,17.9700,16.2400,32.8600,32.9300,849222.0000,Automobile and Auto Components
ASAHIINDIA,Dec 2023,DEC 2023,3.7100,1.9100,54.2200,40.1500,59970.0000,Automobile and Auto Components
ASAHIINDIA,Dec 2024,DEC 2024,4.1900,1.6200,54.2200,39.9600,63200.0000,Automobile and Auto Components
ASAHIINDIA,Dec 2025,DEC 2025,4.8800,5.2500,51.5800,38.3000,66692.0000,Automobile and Auto Components
ASAHIINDIA,Jun 2024,JUN 2024,3.9400,1.4700,54.2200,40.3400,60227.0000,Automobile and Auto Components
ASAHIINDIA,Jun 2025,JUN 2025,3.7400,1.7800,54.0900,40.4000,63611.0000,Automobile and Auto Components
ASAHIINDIA,Jun 2026,JUN 2026,4.8500,5.2600,51.5800,38.3100,64157.0000,Automobile and Auto Components
ASAHIINDIA,Mar 2017,MAR 2017,1.2500,1.1900,54.3100,43.2500,49430.0000,Automobile and Auto Components
ASAHIINDIA,Mar 2018,MAR 2018,1.1300,1.3300,54.2700,43.2700,49650.0000,Automobile and Auto Components
ASAHIINDIA,Mar 2019,MAR 2019,1.1000,1.5200,54.2800,43.1000,47273.0000,Automobile and Auto Components
ASAHIINDIA,Mar 2020,MAR 2020,1.1800,1.4400,54.2700,43.1100,47899.0000,Automobile and Auto Components
ASAHIINDIA,Mar 2021,MAR 2021,1.1400,0.8100,54.2700,43.4000,40271.0000,Automobile and Auto Components
ASAHIINDIA,Mar 2022,MAR 2022,1.4700,1.5500,54.2400,42.3600,51945.0000,Automobile and Auto Components
ASAHIINDIA,Mar 2023,MAR 2023,3.7900,1.7300,54.2400,40.2400,58716.0000,Automobile and Auto Components
ASAHIINDIA,Mar 2024,MAR 2024,3.9400,1.4400,54.2200,40.3700,63465.0000,Automobile and Auto Components
ASAHIINDIA,Mar 2025,MAR 2025,4.1500,1.6300,54.1900,40.0100,65564.0000,Automobile and Auto Components
ASAHIINDIA,Mar 2026,MAR 2026,4.8500,5.3500,51.5800,38.2300,64539.0000,Automobile and Auto Components
ASAHIINDIA,Sep 2023,SEP 2023,3.6800,1.8300,54.2300,40.2600,62825.0000,Automobile and Auto Components
ASAHIINDIA,Sep 2024,SEP 2024,4.0100,1.5500,54.2200,40.2000,62836.0000,Automobile and Auto Components
ASAHIINDIA,Sep 2025,SEP 2025,4.8700,5.1600,51.5800,38.3900,64209.0000,Automobile and Auto Components
ASHOKLEY,Dec 2023,DEC 2023,20.4800,14.6600,51.5300,13.2500,1339744.0000,Capital Goods
ASHOKLEY,Dec 2024,DEC 2024,24.0900,13.0400,51.5200,11.2800,1456048.0000,Capital Goods
ASHOKLEY,Dec 2025,DEC 2025,24.4100,13.7300,51.5100,10.3000,1443916.0000,Capital Goods
ASHOKLEY,Jun 2024,JUN 2024,22.0300,14.1200,51.5200,12.2400,1475874.0000,Capital Goods
ASHOKLEY,Jun 2025,JUN 2025,23.8500,13.8800,51.5200,10.6700,1392223.0000,Capital Goods
ASHOKLEY,Jun 2026,JUN 2026,20.6700,15.7500,51.5100,11.9900,1645114.0000,Capital Goods
ASHOKLEY,Mar 2017,MAR 2017,17.8900,9.7900,50.3800,21.8600,518972.0000,Capital Goods
ASHOKLEY,Mar 2018,MAR 2018,23.2600,11.0700,51.2700,14.3200,481404.0000,Capital Goods
ASHOKLEY,Mar 2019,MAR 2019,19.0600,10.0000,51.1200,19.7400,862936.0000,Capital Goods
ASHOKLEY,Mar 2020,MAR 2020,16.9400,14.9800,51.5400,16.4600,951725.0000,Capital Goods
ASHOKLEY,Mar 2021,MAR 2021,18.0800,16.7200,51.5400,13.5800,1005180.0000,Capital Goods
ASHOKLEY,Mar 2022,MAR 2022,13.4500,21.9400,51.5400,12.9900,1242008.0000,Capital Goods
ASHOKLEY,Mar 2023,MAR 2023,14.8500,22.1500,51.5300,11.4000,1118107.0000,Capital Goods
ASHOKLEY,Mar 2024,MAR 2024,21.4500,12.2300,51.5200,14.7200,1491397.0000,Capital Goods
ASHOKLEY,Mar 2025,MAR 2025,23.5000,14.0600,51.5200,10.8400,1444998.0000,Capital Goods
ASHOKLEY,Mar 2026,MAR 2026,24.5700,13.0600,51.5100,10.7900,1502640.0000,Capital Goods
ASHOKLEY,Sep 2023,SEP 2023,20.2100,16.5100,51.5300,11.6600,1206482.0000,Capital Goods
ASHOKLEY,Sep 2024,SEP 2024,24.3900,12.3400,51.5200,11.6600,1459212.0000,Capital Goods
ASHOKLEY,Sep 2025,SEP 2025,24.3200,13.5900,51.5100,10.5100,1450991.0000,Capital Goods
ASIANPAINT,Dec 2023,DEC 2023,17.3200,10.5200,52.6300,19.4400,975319.0000,Consumer Durables
ASIANPAINT,Dec 2024,DEC 2024,13.6100,13.9800,52.6300,19.6600,1192876.0000,Consumer Durables
ASIANPAINT,Dec 2025,DEC 2025,12.7800,21.0800,52.6300,13.3700,1000999.0000,Consumer Durables
ASIANPAINT,Jun 2024,JUN 2024,15.2700,12.3000,52.6300,19.6800,1111601.0000,Consumer Durables
ASIANPAINT,Jun 2025,JUN 2025,11.8500,20.9800,52.6300,14.4100,1171145.0000,Consumer Durables
ASIANPAINT,Jun 2026,JUN 2026,13.3200,20.7000,52.6300,13.1900,959219.0000,Consumer Durables
ASIANPAINT,Mar 2017,MAR 2017,18.0700,7.6000,52.7900,21.4300,202914.0000,Consumer Durables
ASIANPAINT,Mar 2018,MAR 2018,15.0800,11.7600,52.7900,20.2700,185307.0000,Consumer Durables
ASIANPAINT,Mar 2019,MAR 2019,16.3300,9.5100,52.7900,21.3200,211792.0000,Consumer Durables
ASIANPAINT,Mar 2020,MAR 2020,17.2100,9.8100,52.7900,20.0400,300307.0000,Consumer Durables
ASIANPAINT,Mar 2021,MAR 2021,20.3800,7.2700,52.7900,19.4800,499185.0000,Consumer Durables
ASIANPAINT,Mar 2022,MAR 2022,19.4500,7.5700,52.6300,20.2900,946876.0000,Consumer Durables
ASIANPAINT,Mar 2023,MAR 2023,17.0200,9.9600,52.6300,20.3200,1082650.0000,Consumer Durables
ASIANPAINT,Mar 2024,MAR 2024,15.8900,11.6100,52.6300,19.7800,1105326.0000,Consumer Durables
ASIANPAINT,Mar 2025,MAR 2025,12.2300,15.5100,52.6300,19.5100,1213836.0000,Consumer Durables
ASIANPAINT,Mar 2026,MAR 2026,12.1100,21.7400,52.6300,13.3900,1001799.0000,Consumer Durables
ASIANPAINT,Sep 2023,SEP 2023,17.6500,10.0100,52.6300,19.6400,985216.0000,Consumer Durables
ASIANPAINT,Sep 2024,SEP 2024,15.2800,13.1000,52.6300,18.8800,975807.0000,Consumer Durables
ASIANPAINT,Sep 2025,SEP 2025,11.6400,21.5000,52.6300,14.0900,1108404.0000,Consumer Durables
ASTERDM,Dec 2023,DEC 2023,41.0000,7.1500,41.8800,9.6100,67331.0000,Healthcare
ASTERDM,Dec 2024,DEC 2024,22.6200,22.9100,41.8800,12.3000,159038.0000,Healthcare
ASTERDM,Dec 2025,DEC 2025,18.4600,26.1200,40.3900,14.8000,146998.0000,Healthcare
ASTERDM,Jul 2026,JUL 2026,10.3200,16.4800,53.7200,19.4800,133338.0000,Healthcare
ASTERDM,Jun 2024,JUN 2024,27.0800,16.3500,41.8800,14.3800,206660.0000,Healthcare
ASTERDM,Jun 2025,JUN 2025,19.6400,25.2800,40.3900,14.4500,148139.0000,Healthcare
ASTERDM,Jun 2026,JUN 2026,10.5300,27.6500,40.3900,21.4100,133444.0000,Healthcare
ASTERDM,Mar 2018,MAR 2018,6.8400,2.7700,37.4600,52.2000,149169.0000,Healthcare
ASTERDM,Mar 2019,MAR 2019,7.4500,2.2900,37.8000,51.8600,90750.0000,Healthcare
ASTERDM,Mar 2020,MAR 2020,10.8100,6.5100,37.8700,44.2300,84716.0000,Healthcare
ASTERDM,Mar 2021,MAR 2021,10.5700,8.7200,37.8800,42.3300,78719.0000,Healthcare
ASTERDM,Mar 2022,MAR 2022,11.0300,8.6400,37.8800,41.9900,80427.0000,Healthcare
ASTERDM,Mar 2023,MAR 2023,38.6300,8.9300,41.8800,10.1200,82129.0000,Healthcare
ASTERDM,Mar 2024,MAR 2024,33.4800,13.7000,41.8800,10.5900,80931.0000,Healthcare
ASTERDM,Mar 2025,MAR 2025,21.6600,24.5800,41.8900,11.6000,154014.0000,Healthcare
ASTERDM,Mar 2026,MAR 2026,17.1800,27.5700,40.3900,14.6100,136892.0000,Healthcare
ASTERDM,Sep 2024,SEP 2024,23.8600,20.9100,41.8800,13.0500,174171.0000,Healthcare
ASTERDM,Sep 2025,SEP 2025,18.7200,26.3200,40.3900,14.3300,147304.0000,Healthcare
ASTRAL,Dec 2023,DEC 2023,19.7900,13.6600,54.1000,12.4400,293602.0000,Capital Goods
ASTRAL,Dec 2024,DEC 2024,21.0700,13.7600,54.1000,10.9000,297527.0000,Capital Goods
ASTRAL,Dec 2025,DEC 2025,15.2100,19.1900,54.2200,11.0300,279726.0000,Capital Goods
ASTRAL,Jun 2024,JUN 2024,22.4800,12.4500,54.1000,10.9600,262050.0000,Capital Goods
ASTRAL,Jun 2025,JUN 2025,20.1500,14.7100,54.1000,10.8500,298456.0000,Capital Goods
ASTRAL,Jun 2026,JUN 2026,13.8900,20.9300,54.2200,10.5900,264925.0000,Capital Goods
ASTRAL,Mar 2017,MAR 2017,14.1900,10.1000,59.3400,16.3700,14496.0000,Capital Goods
ASTRAL,Mar 2018,MAR 2018,19.8900,6.5700,58.5000,15.0400,16952.0000,Capital Goods
ASTRAL,Mar 2019,MAR 2019,21.9300,5.7400,58.4800,13.8400,22958.0000,Capital Goods
ASTRAL,Mar 2020,MAR 2020,20.0800,8.8100,55.7400,15.3700,44976.0000,Capital Goods
ASTRAL,Mar 2021,MAR 2021,22.7100,7.6800,55.7400,13.8700,98974.0000,Capital Goods
ASTRAL,Mar 2022,MAR 2022,17.7900,12.7000,55.7300,13.7800,241931.0000,Capital Goods
ASTRAL,Mar 2023,MAR 2023,13.8600,16.5000,55.8500,13.7900,319899.0000,Capital Goods
ASTRAL,Mar 2024,MAR 2024,21.2200,12.8500,54.1000,11.8100,285688.0000,Capital Goods
ASTRAL,Mar 2025,MAR 2025,20.1700,14.6000,54.1000,10.9700,309714.0000,Capital Goods
ASTRAL,Mar 2026,MAR 2026,14.5000,20.9200,54.2200,9.9900,258441.0000,Capital Goods
ASTRAL,Sep 2023,SEP 2023,18.5000,13.2100,55.8500,12.4400,295456.0000,Capital Goods
ASTRAL,Sep 2024,SEP 2024,22.3200,12.4800,54.1000,11.1100,293911.0000,Capital Goods
ASTRAL,Sep 2025,SEP 2025,16.6100,17.4900,54.2100,11.3800,297582.0000,Capital Goods
ATGL,Dec 2023,DEC 2023,13.0600,6.1400,74.8000,5.9800,653417.0000,Oil Gas & Consumable Fuels
ATGL,Dec 2024,DEC 2024,13.0600,6.2700,74.8000,5.8500,643039.0000,Oil Gas & Consumable Fuels
ATGL,Dec 2025,DEC 2025,12.8100,6.2500,74.8000,6.1400,618119.0000,Oil Gas & Consumable Fuels
ATGL,Jun 2024,JUN 2024,12.9600,6.1500,74.8000,6.0800,655643.0000,Oil Gas & Consumable Fuels
ATGL,Jun 2025,JUN 2025,13.0200,6.3100,74.8000,5.8700,632842.0000,Oil Gas & Consumable Fuels
ATGL,Jun 2026,JUN 2026,12.7700,6.3400,74.8000,6.0700,596758.0000,Oil Gas & Consumable Fuels
ATGL,Mar 2015,MAR 2015,13.2200,6.2300,74.8000,5.7400,641091.0000,Oil Gas & Consumable Fuels
ATGL,Mar 2019,MAR 2019,21.6000,0.4800,74.8000,3.1100,74199.0000,Oil Gas & Consumable Fuels
ATGL,Mar 2020,MAR 2020,20.3600,0.3300,74.8000,4.5100,108758.0000,Oil Gas & Consumable Fuels
ATGL,Mar 2021,MAR 2021,19.1200,2.1600,74.8000,3.9200,162555.0000,Oil Gas & Consumable Fuels
ATGL,Mar 2022,MAR 2022,17.8300,5.1900,74.8000,2.1800,130747.0000,Oil Gas & Consumable Fuels
ATGL,Mar 2023,MAR 2023,16.3200,6.1400,74.8000,2.7500,301530.0000,Oil Gas & Consumable Fuels
ATGL,Mar 2024,MAR 2024,13.1300,6.1200,74.8000,5.9300,631022.0000,Oil Gas & Consumable Fuels
ATGL,Mar 2025,MAR 2025,13.2200,6.2300,74.8000,5.7400,641091.0000,Oil Gas & Consumable Fuels
ATGL,Mar 2026,MAR 2026,12.7500,6.2600,74.8000,6.1800,636149.0000,Oil Gas & Consumable Fuels
ATGL,Sep 2023,SEP 2023,13.9400,6.1500,74.8000,5.1100,494186.0000,Oil Gas & Consumable Fuels
ATGL,Sep 2024,SEP 2024,13.0700,6.1300,74.8000,5.9900,625899.0000,Oil Gas & Consumable Fuels
ATGL,Sep 2025,SEP 2025,12.8800,6.2300,74.8000,6.0700,634539.0000,Oil Gas & Consumable Fuels
ATHERENERG,Dec 2025,DEC 2025,17.4500,28.1000,40.8600,13.5800,173478.0000,Automobile and Auto Components
ATHERENERG,Jul 2026,JUL 2026,16.7700,29.8200,39.5800,13.8200,254569.0000,Automobile and Auto Components
ATHERENERG,Jun 2025,JUN 2025,24.0700,24.0100,42.0900,9.8200,141409.0000,Automobile and Auto Components
ATHERENERG,Jun 2026,JUN 2026,16.2300,29.2800,40.7200,13.7600,229896.0000,Automobile and Auto Components
ATHERENERG,Mar 2026,MAR 2026,17.2100,28.9700,40.7600,13.0300,169887.0000,Automobile and Auto Components
ATHERENERG,Sep 2025,SEP 2025,23.6100,23.6000,41.2200,11.5800,141467.0000,Automobile and Auto Components
ATUL,Dec 2023,DEC 2023,8.0600,26.0800,45.0600,20.7900,65757.0000,Chemicals
ATUL,Dec 2024,DEC 2024,11.2200,22.7800,45.1800,20.8200,59110.0000,Chemicals
ATUL,Dec 2025,DEC 2025,7.4500,25.4100,45.2200,21.9200,57263.0000,Chemicals
ATUL,Jun 2024,JUN 2024,8.6300,25.8100,45.1700,20.3900,67753.0000,Chemicals
ATUL,Jun 2025,JUN 2025,8.7700,24.9700,45.1800,21.0500,55505.0000,Chemicals
ATUL,Jun 2026,JUN 2026,7.4400,25.9300,45.3300,21.3000,56570.0000,Chemicals
ATUL,Mar 2017,MAR 2017,6.1200,20.5200,44.4700,28.8900,30021.0000,Chemicals
ATUL,Mar 2018,MAR 2018,4.9100,23.4400,44.6400,26.3900,24738.0000,Chemicals
ATUL,Mar 2019,MAR 2019,6.6100,22.7200,44.7000,25.9700,27117.0000,Chemicals
ATUL,Mar 2020,MAR 2020,6.8900,24.4900,44.8000,23.8100,35827.0000,Chemicals
ATUL,Mar 2021,MAR 2021,9.4800,23.1100,44.9300,22.4800,50197.0000,Chemicals
ATUL,Mar 2022,MAR 2022,9.2200,23.4300,44.9400,22.4100,64429.0000,Chemicals
ATUL,Mar 2023,MAR 2023,8.1500,25.2300,45.0500,21.5600,67542.0000,Chemicals
ATUL,Mar 2024,MAR 2024,8.4700,25.6700,45.1700,20.6900,66589.0000,Chemicals
ATUL,Mar 2025,MAR 2025,9.7900,23.6200,45.1800,21.4000,59642.0000,Chemicals
ATUL,Mar 2026,MAR 2026,7.5000,25.8900,45.2200,21.3700,56855.0000,Chemicals
ATUL,Sep 2023,SEP 2023,7.7100,26.5000,45.0500,20.7300,66776.0000,Chemicals
ATUL,Sep 2024,SEP 2024,9.6600,24.5400,45.1700,20.6300,60354.0000,Chemicals
ATUL,Sep 2025,SEP 2025,8.3100,24.9500,45.2100,21.5100,56951.0000,Chemicals
AUBANK,Dec 2023,DEC 2023,41.1300,20.8100,25.4700,12.6300,155660.0000,Financial Services
AUBANK,Dec 2024,DEC 2024,39.3400,21.7800,22.8900,15.9900,189495.0000,Financial Services
AUBANK,Dec 2025,DEC 2025,36.4500,31.2700,22.7900,9.5100,181635.0000,Financial Services
AUBANK,Jun 2024,JUN 2024,39.5800,18.4400,22.9200,19.0600,195762.0000,Financial Services
AUBANK,Jun 2025,JUN 2025,37.6800,28.8600,22.8500,10.5900,190119.0000,Financial Services
AUBANK,Jun 2026,JUN 2026,35.9800,32.8100,22.7400,8.4700,162894.0000,Financial Services
AUBANK,Mar 2018,MAR 2018,7.4000,11.7800,32.7000,48.1100,95291.0000,Financial Services
AUBANK,Mar 2019,MAR 2019,23.7600,14.4100,32.1900,29.6300,85989.0000,Financial Services
AUBANK,Mar 2020,MAR 2020,28.6900,15.4200,30.9500,24.9400,98113.0000,Financial Services
AUBANK,Mar 2021,MAR 2021,32.0500,20.5400,28.4700,18.9400,114569.0000,Financial Services
AUBANK,Mar 2022,MAR 2022,34.3100,18.7900,28.2300,18.6700,149884.0000,Financial Services
AUBANK,Mar 2023,MAR 2023,39.7400,20.6200,25.5400,14.0900,170109.0000,Financial Services
AUBANK,Mar 2024,MAR 2024,39.3700,22.7700,25.4500,12.4000,230172.0000,Financial Services
AUBANK,Mar 2025,MAR 2025,35.5800,27.1600,22.8700,14.3900,192987.0000,Financial Services
AUBANK,Mar 2026,MAR 2026,37.2700,31.3000,22.7600,8.6700,167443.0000,Financial Services
AUBANK,Sep 2023,SEP 2023,41.6400,19.5600,25.4800,13.3100,159037.0000,Financial Services
AUBANK,Sep 2024,SEP 2024,40.7100,20.1300,22.9100,16.2300,174101.0000,Financial Services
AUBANK,Sep 2025,SEP 2025,34.5000,31.9100,22.8200,10.7800,191508.0000,Financial Services
AUROPHARMA,Dec 2023,DEC 2023,20.7200,20.6000,51.8400,6.8500,241944.0000,Healthcare
AUROPHARMA,Dec 2024,DEC 2024,16.2900,25.2100,51.8200,6.6700,257962.0000,Healthcare
AUROPHARMA,Dec 2025,DEC 2025,13.9500,27.6600,51.8200,6.5500,236859.0000,Healthcare
AUROPHARMA,Jun 2024,JUN 2024,16.7300,24.7700,51.8000,6.6900,238622.0000,Healthcare
AUROPHARMA,Jun 2025,JUN 2025,14.3800,26.9300,51.8200,6.8800,272208.0000,Healthcare
AUROPHARMA,Jun 2026,JUN 2026,16.3800,25.0500,51.8800,6.6300,239073.0000,Healthcare
AUROPHARMA,Mar 2017,MAR 2017,20.9900,12.7600,51.8700,14.3800,191317.0000,Healthcare
AUROPHARMA,Mar 2018,MAR 2018,17.9900,15.6400,51.8700,14.5000,218029.0000,Healthcare
AUROPHARMA,Mar 2019,MAR 2019,21.4700,13.6900,51.8700,12.9700,176406.0000,Healthcare
AUROPHARMA,Mar 2020,MAR 2020,22.2600,12.5600,52.0100,13.1600,206824.0000,Healthcare
AUROPHARMA,Mar 2021,MAR 2021,24.3700,13.2400,51.9400,10.4500,232634.0000,Healthcare
AUROPHARMA,Mar 2022,MAR 2022,20.8300,17.4700,51.8300,9.8600,338639.0000,Healthcare
AUROPHARMA,Mar 2023,MAR 2023,23.0300,15.0900,51.8400,10.0600,343617.0000,Healthcare
AUROPHARMA,Mar 2024,MAR 2024,18.0100,23.2800,51.8400,6.8700,244575.0000,Healthcare
AUROPHARMA,Mar 2025,MAR 2025,15.3300,26.2300,51.8200,6.6100,269323.0000,Healthcare
AUROPHARMA,Mar 2026,MAR 2026,15.2400,25.8200,51.8200,7.0800,241298.0000,Healthcare
AUROPHARMA,Sep 2023,SEP 2023,22.4500,18.2900,51.8400,7.4300,259638.0000,Healthcare
AUROPHARMA,Sep 2024,SEP 2024,16.5900,25.1400,51.8200,6.4500,248488.0000,Healthcare
AUROPHARMA,Sep 2025,SEP 2025,14.2100,27.6000,51.8200,6.3700,247662.0000,Healthcare
AWL,Dec 2023,DEC 2023,0.6500,0.1200,87.8800,11.3500,1200267.0000,Fast Moving Consumer Goods
AWL,Dec 2024,DEC 2024,1.1600,0.0500,87.8800,10.9100,1059390.0000,Fast Moving Consumer Goods
AWL,Dec 2025,DEC 2025,21.1500,9.2800,56.9400,12.3000,966721.0000,Fast Moving Consumer Goods
AWL,Jun 2024,JUN 2024,0.7300,0.2500,87.8800,11.1500,1161453.0000,Fast Moving Consumer Goods
AWL,Jun 2025,JUN 2025,4.6100,8.6200,74.3600,12.0800,1034675.0000,Fast Moving Consumer Goods
AWL,Jun 2026,JUN 2026,21.1000,8.4600,56.9400,12.9100,931230.0000,Fast Moving Consumer Goods
AWL,Mar 2022,MAR 2022,2.0100,0.4100,87.9400,9.6400,802280.0000,Fast Moving Consumer Goods
AWL,Mar 2023,MAR 2023,1.2700,0.1100,87.9400,10.6800,1132258.0000,Fast Moving Consumer Goods
AWL,Mar 2024,MAR 2024,0.7700,0.2900,87.8800,11.0800,1173450.0000,Fast Moving Consumer Goods
AWL,Mar 2025,MAR 2025,4.3100,8.9000,74.3600,12.0800,1057695.0000,Fast Moving Consumer Goods
AWL,Mar 2026,MAR 2026,21.8600,8.3700,56.9400,12.3800,941828.0000,Fast Moving Consumer Goods
AWL,Sep 2023,SEP 2023,0.6300,0.0600,87.9400,11.3600,1153748.0000,Fast Moving Consumer Goods
AWL,Sep 2024,SEP 2024,0.9500,0.0700,87.8800,11.1100,1075647.0000,Fast Moving Consumer Goods
AWL,Sep 2025,SEP 2025,14.1100,8.8200,63.9400,12.7800,1013527.0000,Fast Moving Consumer Goods
AXISBANK,Dec 2023,DEC 2023,54.6800,28.8300,8.2000,8.2700,785502.0000,Financial Services
AXISBANK,Dec 2024,DEC 2024,47.3200,37.4800,8.2300,6.9700,899949.0000,Financial Services
AXISBANK,Dec 2025,DEC 2025,42.5800,42.6500,8.1500,6.6100,863758.0000,Financial Services
AXISBANK,Jun 2024,JUN 2024,53.4300,31.6300,8.3100,6.6300,769651.0000,Financial Services
AXISBANK,Jun 2025,JUN 2025,43.8100,41.2200,8.1700,6.8000,885725.0000,Financial Services
AXISBANK,Jun 2026,JUN 2026,39.9100,42.6900,7.8700,9.5200,836818.0000,Financial Services
AXISBANK,Mar 2017,MAR 2017,50.5400,8.8400,30.1300,10.4900,448287.0000,Financial Services
AXISBANK,Mar 2018,MAR 2018,49.9000,13.4100,27.6000,9.0900,353088.0000,Financial Services
AXISBANK,Mar 2019,MAR 2019,49.6200,21.2400,18.7000,10.4400,336023.0000,Financial Services
AXISBANK,Mar 2020,MAR 2020,45.4900,24.9400,16.0000,13.5600,558989.0000,Financial Services
AXISBANK,Mar 2021,MAR 2021,51.4300,23.2700,13.5800,11.7200,620618.0000,Financial Services
AXISBANK,Mar 2022,MAR 2022,46.9300,30.5000,9.7000,12.8700,813530.0000,Financial Services
AXISBANK,Mar 2023,MAR 2023,49.0500,32.0100,8.1600,10.7900,846261.0000,Financial Services
AXISBANK,Mar 2024,MAR 2024,53.8400,30.1200,8.2200,7.8100,786166.0000,Financial Services
AXISBANK,Mar 2025,MAR 2025,43.9400,40.8700,8.1800,6.9900,935453.0000,Financial Services
AXISBANK,Mar 2026,MAR 2026,42.0400,43.3500,8.1400,6.4400,854844.0000,Financial Services
AXISBANK,Sep 2023,SEP 2023,53.0000,29.0300,8.2200,9.7600,785601.0000,Financial Services
AXISBANK,Sep 2024,SEP 2024,51.7800,33.2100,8.2900,6.7100,828629.0000,Financial Services
AXISBANK,Sep 2025,SEP 2025,41.8900,42.8700,8.1600,7.0600,918780.0000,Financial Services
BAJAJ-AUTO,Dec 2023,DEC 2023,14.6400,8.6600,54.9500,21.6700,200795.0000,Automobile and Auto Components
BAJAJ-AUTO,Dec 2024,DEC 2024,12.4500,9.9800,55.0400,22.4400,347655.0000,Automobile and Auto Components
BAJAJ-AUTO,Dec 2025,DEC 2025,8.8400,14.0700,54.9900,22.0100,333792.0000,Automobile and Auto Components
BAJAJ-AUTO,Jun 2024,JUN 2024,14.1900,8.7300,55.0600,21.9200,274956.0000,Automobile and Auto Components
BAJAJ-AUTO,Jun 2025,JUN 2025,10.3000,12.0100,55.0400,22.5300,358806.0000,Automobile and Auto Components
BAJAJ-AUTO,Jun 2026,JUN 2026,9.0100,13.4200,55.0100,22.4400,678954.0000,Automobile and Auto Components
BAJAJ-AUTO,Mar 2017,MAR 2017,17.4400,7.6700,49.3000,25.5900,80360.0000,Automobile and Auto Components
BAJAJ-AUTO,Mar 2018,MAR 2018,17.2000,8.5100,49.3000,24.9900,88377.0000,Automobile and Auto Components
BAJAJ-AUTO,Mar 2019,MAR 2019,15.6400,7.3800,51.1800,25.8000,109541.0000,Automobile and Auto Components
BAJAJ-AUTO,Mar 2020,MAR 2020,13.9400,8.7600,53.6600,23.6400,125263.0000,Automobile and Auto Components
BAJAJ-AUTO,Mar 2021,MAR 2021,11.9900,12.2900,53.7000,22.0200,156955.0000,Automobile and Auto Components
BAJAJ-AUTO,Mar 2022,MAR 2022,10.4900,13.1700,53.7700,22.5700,233225.0000,Automobile and Auto Components
BAJAJ-AUTO,Mar 2023,MAR 2023,12.3500,10.7900,54.9900,21.7900,209076.0000,Automobile and Auto Components
BAJAJ-AUTO,Mar 2024,MAR 2024,14.5300,8.4700,55.0600,21.8800,297605.0000,Automobile and Auto Components
BAJAJ-AUTO,Mar 2025,MAR 2025,11.6100,10.9200,55.0300,22.3200,344314.0000,Automobile and Auto Components
BAJAJ-AUTO,Mar 2026,MAR 2026,8.8200,14.3500,55.0100,21.6200,314095.0000,Automobile and Auto Components
BAJAJ-AUTO,Sep 2023,SEP 2023,14.3700,9.0300,54.9900,21.5400,196543.0000,Automobile and Auto Components
BAJAJ-AUTO,Sep 2024,SEP 2024,14.3200,8.6700,55.0400,21.8900,269698.0000,Automobile and Auto Components
BAJAJ-AUTO,Sep 2025,SEP 2025,9.6600,12.7800,55.0400,22.5100,357666.0000,Automobile and Auto Components
BAJAJFINSV,Dec 2023,DEC 2023,7.9100,7.4800,60.6900,23.7000,585220.0000,Financial Services
BAJAJFINSV,Dec 2024,DEC 2024,7.4000,8.9100,60.6400,22.9300,777680.0000,Financial Services
BAJAJFINSV,Dec 2025,DEC 2025,8.0600,10.7400,58.8100,22.3700,617071.0000,Financial Services
BAJAJFINSV,Jun 2024,JUN 2024,8.3900,7.6000,60.6400,23.1800,708432.0000,Financial Services
BAJAJFINSV,Jun 2025,JUN 2025,8.4000,10.0900,58.8100,22.6000,683279.0000,Financial Services
BAJAJFINSV,Jun 2026,JUN 2026,6.9000,12.1100,58.7200,22.2300,597797.0000,Financial Services
BAJAJFINSV,Mar 2017,MAR 2017,8.2200,6.3900,58.3500,27.0400,67348.0000,Financial Services
BAJAJFINSV,Mar 2018,MAR 2018,7.8200,7.0300,58.3500,26.8000,94270.0000,Financial Services
BAJAJFINSV,Mar 2019,MAR 2019,8.3000,6.5000,58.3700,26.8100,99512.0000,Financial Services
BAJAJFINSV,Mar 2020,MAR 2020,8.6200,6.2400,60.8000,24.1500,171188.0000,Financial Services
BAJAJFINSV,Mar 2021,MAR 2021,9.0700,6.0900,60.8000,23.8700,194174.0000,Financial Services
BAJAJFINSV,Mar 2022,MAR 2022,8.5000,6.9700,60.7700,23.6500,243853.0000,Financial Services
BAJAJFINSV,Mar 2023,MAR 2023,7.0300,7.1000,60.7800,24.9500,736596.0000,Financial Services
BAJAJFINSV,Mar 2024,MAR 2024,8.4200,7.3300,60.6900,23.3800,567041.0000,Financial Services
BAJAJFINSV,Mar 2025,MAR 2025,7.5300,8.9900,60.6400,22.7100,708845.0000,Financial Services
BAJAJFINSV,Mar 2026,MAR 2026,7.2300,11.7600,58.7200,22.1600,601457.0000,Financial Services
BAJAJFINSV,Sep 2023,SEP 2023,7.6600,7.0900,60.6900,24.3100,660295.0000,Financial Services
BAJAJFINSV,Sep 2024,SEP 2024,8.2400,8.1300,60.6400,22.8400,807360.0000,Financial Services
BAJAJFINSV,Sep 2025,SEP 2025,8.1100,10.4900,58.8100,22.5200,639624.0000,Financial Services
BAJAJHLDNG,Dec 2023,DEC 2023,11.5700,5.9500,51.4600,31.0100,61275.0000,Financial Services
BAJAJHLDNG,Dec 2024,DEC 2024,10.6500,7.1200,51.4600,30.7500,64338.0000,Financial Services
BAJAJHLDNG,Dec 2025,DEC 2025,10.2600,7.3100,51.4600,30.9700,84234.0000,Financial Services
BAJAJHLDNG,Jun 2024,JUN 2024,11.2100,6.4200,51.4600,30.9200,65300.0000,Financial Services
BAJAJHLDNG,Jun 2025,JUN 2025,10.3100,7.4500,51.4600,30.7800,72783.0000,Financial Services
BAJAJHLDNG,Jun 2026,JUN 2026,9.4700,8.2600,51.4600,30.8000,83499.0000,Financial Services
BAJAJHLDNG,Mar 2017,MAR 2017,15.4700,6.0200,43.7700,34.7300,45943.0000,Financial Services
BAJAJHLDNG,Mar 2018,MAR 2018,15.9700,5.1100,44.3200,34.6000,46647.0000,Financial Services
BAJAJHLDNG,Mar 2019,MAR 2019,14.4300,2.1300,49.0300,34.4100,43588.0000,Financial Services
BAJAJHLDNG,Mar 2020,MAR 2020,15.6600,2.4200,49.9100,32.0100,51337.0000,Financial Services
BAJAJHLDNG,Mar 2021,MAR 2021,14.3900,3.6700,49.9500,31.9900,59483.0000,Financial Services
BAJAJHLDNG,Mar 2022,MAR 2022,12.0600,5.1700,51.0900,31.6800,62749.0000,Financial Services
BAJAJHLDNG,Mar 2023,MAR 2023,12.3400,4.9700,51.4600,31.2200,66687.0000,Financial Services
BAJAJHLDNG,Mar 2024,MAR 2024,11.5300,6.0900,51.4600,30.9000,60774.0000,Financial Services
BAJAJHLDNG,Mar 2025,MAR 2025,10.5600,7.3000,51.4600,30.6900,69354.0000,Financial Services
BAJAJHLDNG,Mar 2026,MAR 2026,9.6200,8.0800,51.4600,30.8500,83963.0000,Financial Services
BAJAJHLDNG,Sep 2023,SEP 2023,11.6500,5.8800,51.4600,31.0100,60734.0000,Financial Services
BAJAJHLDNG,Sep 2024,SEP 2024,10.8900,6.8000,51.4600,30.8200,65695.0000,Financial Services
BAJAJHLDNG,Sep 2025,SEP 2025,10.3300,7.3100,51.4600,30.9000,75884.0000,Financial Services
BAJFINANCE,Dec 2023,DEC 2023,20.9200,14.0100,54.7800,10.1700,745040.0000,Financial Services
BAJFINANCE,Dec 2024,DEC 2024,20.7900,15.0800,54.7000,9.3200,791392.0000,Financial Services
BAJFINANCE,Dec 2025,DEC 2025,21.4900,14.8600,54.7000,8.7700,961994.0000,Financial Services
BAJFINANCE,Jun 2024,JUN 2024,21.0800,14.2300,54.7000,9.8300,805241.0000,Financial Services
BAJFINANCE,Jun 2025,JUN 2025,21.7100,14.5200,54.7300,8.9200,899777.0000,Financial Services
BAJFINANCE,Jun 2026,JUN 2026,20.2000,16.3000,54.6800,8.6400,985158.0000,Financial Services
BAJFINANCE,Mar 2017,MAR 2017,19.2600,5.3600,57.9400,16.8900,94633.0000,Financial Services
BAJFINANCE,Mar 2018,MAR 2018,19.4600,8.9800,55.1400,15.9400,131959.0000,Financial Services
BAJFINANCE,Mar 2019,MAR 2019,20.6700,8.5000,55.1700,15.4700,168420.0000,Financial Services
BAJFINANCE,Mar 2020,MAR 2020,21.1600,10.8900,56.2000,11.4600,354901.0000,Financial Services
BAJFINANCE,Mar 2021,MAR 2021,24.0600,9.0800,56.1200,10.5700,464394.0000,Financial Services
BAJFINANCE,Mar 2022,MAR 2022,21.4100,11.2200,55.8600,11.1500,718638.0000,Financial Services
BAJFINANCE,Mar 2023,MAR 2023,19.1600,12.9200,55.9100,11.7500,890706.0000,Financial Services
BAJFINANCE,Mar 2024,MAR 2024,20.5500,14.3300,54.6900,10.1900,799199.0000,Financial Services
BAJFINANCE,Mar 2025,MAR 2025,21.4500,14.7800,54.7300,8.8400,705610.0000,Financial Services
BAJFINANCE,Mar 2026,MAR 2026,21.3300,15.1000,54.7100,8.7300,1002945.0000,Financial Services
BAJFINANCE,Sep 2023,SEP 2023,20.4100,13.0500,55.8700,10.5000,726583.0000,Financial Services
BAJFINANCE,Sep 2024,SEP 2024,20.8100,15.0100,54.7000,9.3600,781913.0000,Financial Services
BAJFINANCE,Sep 2025,SEP 2025,21.9700,14.3900,54.6700,8.7800,941999.0000,Financial Services
BALKRISIND,Dec 2023,DEC 2023,12.6900,21.3200,58.3000,7.5900,125341.0000,Automobile and Auto Components
BALKRISIND,Dec 2024,DEC 2024,11.2800,23.8100,58.3000,6.4600,118966.0000,Automobile and Auto Components
BALKRISIND,Dec 2025,DEC 2025,11.0000,24.4200,58.3000,6.2900,123337.0000,Automobile and Auto Components
BALKRISIND,Jun 2024,JUN 2024,12.6100,22.2900,58.3000,6.6500,123435.0000,Automobile and Auto Components
BALKRISIND,Jun 2025,JUN 2025,10.5000,24.7100,58.3000,6.3700,127401.0000,Automobile and Auto Components
BALKRISIND,Jun 2026,JUN 2026,10.3300,24.6000,58.3000,6.7700,122372.0000,Automobile and Auto Components
BALKRISIND,Mar 2017,MAR 2017,18.2900,13.2300,54.3700,14.1100,14211.0000,Automobile and Auto Components
BALKRISIND,Mar 2018,MAR 2018,17.6500,10.9700,58.3000,13.0800,35211.0000,Automobile and Auto Components
BALKRISIND,Mar 2019,MAR 2019,11.4600,15.0300,58.3000,15.2100,54477.0000,Automobile and Auto Components
BALKRISIND,Mar 2020,MAR 2020,11.9300,17.8000,58.3000,11.9700,55046.0000,Automobile and Auto Components
BALKRISIND,Mar 2021,MAR 2021,14.4000,14.6000,58.3000,12.7100,94371.0000,Automobile and Auto Components
BALKRISIND,Mar 2022,MAR 2022,14.0500,11.7800,58.2900,15.8700,139913.0000,Automobile and Auto Components
BALKRISIND,Mar 2023,MAR 2023,12.4200,20.2100,58.3000,8.9900,146804.0000,Automobile and Auto Components
BALKRISIND,Mar 2024,MAR 2024,12.2400,21.9700,58.3000,7.3800,134831.0000,Automobile and Auto Components
BALKRISIND,Mar 2025,MAR 2025,11.4600,23.6300,58.3000,6.4600,123755.0000,Automobile and Auto Components
BALKRISIND,Mar 2026,MAR 2026,11.1300,24.2500,58.3000,6.3200,120740.0000,Automobile and Auto Components
BALKRISIND,Sep 2023,SEP 2023,12.5300,21.1100,58.3000,7.9400,136214.0000,Automobile and Auto Components
BALKRISIND,Sep 2024,SEP 2024,11.7200,23.3100,58.3000,6.5200,124388.0000,Automobile and Auto Components
BALKRISIND,Sep 2025,SEP 2025,10.7000,24.5500,58.3000,6.3100,123406.0000,Automobile and Auto Components
BALRAMCHIN,Dec 2023,DEC 2023,10.4900,21.6300,42.8900,24.9800,224016.0000,Fast Moving Consumer Goods
BALRAMCHIN,Dec 2024,DEC 2024,12.1100,26.5300,42.8700,18.5000,209649.0000,Fast Moving Consumer Goods
BALRAMCHIN,Dec 2025,DEC 2025,10.5500,27.5000,42.8600,19.0900,193296.0000,Fast Moving Consumer Goods
BALRAMCHIN,Jun 2024,JUN 2024,12.1900,22.5800,42.8900,22.3400,213934.0000,Fast Moving Consumer Goods
BALRAMCHIN,Jun 2025,JUN 2025,11.9900,28.0200,42.8700,17.1200,188796.0000,Fast Moving Consumer Goods
BALRAMCHIN,Jun 2026,JUN 2026,9.3300,29.0900,42.8600,18.7100,187662.0000,Fast Moving Consumer Goods
BALRAMCHIN,Mar 2017,MAR 2017,15.4300,16.6900,40.9400,26.9300,79352.0000,Fast Moving Consumer Goods
BALRAMCHIN,Mar 2018,MAR 2018,20.6100,7.8600,39.8400,31.6900,107814.0000,Fast Moving Consumer Goods
BALRAMCHIN,Mar 2019,MAR 2019,20.5900,7.7600,40.9800,30.6700,88169.0000,Fast Moving Consumer Goods
BALRAMCHIN,Mar 2020,MAR 2020,22.6400,12.7500,41.1000,23.5100,85865.0000,Fast Moving Consumer Goods
BALRAMCHIN,Mar 2021,MAR 2021,21.5700,15.0600,41.2100,22.1600,87449.0000,Fast Moving Consumer Goods
BALRAMCHIN,Mar 2022,MAR 2022,17.0000,19.2500,42.4200,21.3300,173901.0000,Fast Moving Consumer Goods
BALRAMCHIN,Mar 2023,MAR 2023,13.5200,20.9100,42.8900,22.6700,187241.0000,Fast Moving Consumer Goods
BALRAMCHIN,Mar 2024,MAR 2024,11.2700,20.7600,42.8900,25.0700,239972.0000,Fast Moving Consumer Goods
BALRAMCHIN,Mar 2025,MAR 2025,12.0100,27.1300,42.8700,18.0000,199662.0000,Fast Moving Consumer Goods
BALRAMCHIN,Mar 2026,MAR 2026,10.4300,27.6700,42.8600,19.0300,186610.0000,Fast Moving Consumer Goods
BALRAMCHIN,Sep 2023,SEP 2023,14.1800,22.1300,42.8900,20.7800,183340.0000,Fast Moving Consumer Goods
BALRAMCHIN,Sep 2024,SEP 2024,12.8500,26.4300,42.8900,17.7900,193214.0000,Fast Moving Consumer Goods
BALRAMCHIN,Sep 2025,SEP 2025,11.2000,27.5900,42.8600,18.3300,193075.0000,Fast Moving Consumer Goods
BATAINDIA,Dec 2023,DEC 2023,7.8800,29.6900,50.1600,12.2600,204861.0000,Consumer Durables
BATAINDIA,Dec 2024,DEC 2024,7.4800,29.1500,50.1600,13.2100,233660.0000,Consumer Durables
BATAINDIA,Dec 2025,DEC 2025,6.1800,29.3100,50.1600,14.3400,239885.0000,Consumer Durables
BATAINDIA,Jun 2024,JUN 2024,7.6300,27.5200,50.1600,14.7000,253334.0000,Consumer Durables
BATAINDIA,Jun 2025,JUN 2025,6.8900,29.3500,50.1600,13.6100,234388.0000,Consumer Durables
BATAINDIA,Jun 2026,JUN 2026,6.3800,27.2200,50.1600,16.2400,245930.0000,Consumer Durables
BATAINDIA,Mar 2017,MAR 2017,6.7900,21.2900,52.9600,18.9600,112311.0000,Consumer Durables
BATAINDIA,Mar 2018,MAR 2018,6.1900,25.5000,52.9600,15.3500,114023.0000,Consumer Durables
BATAINDIA,Mar 2019,MAR 2019,11.1400,21.5800,52.9600,14.3200,122956.0000,Consumer Durables
BATAINDIA,Mar 2020,MAR 2020,9.2400,22.8400,52.9600,14.9600,177633.0000,Consumer Durables
BATAINDIA,Mar 2021,MAR 2021,5.3300,26.0000,52.9600,15.7100,223608.0000,Consumer Durables
BATAINDIA,Mar 2022,MAR 2022,6.6600,27.4100,52.9600,12.9700,202543.0000,Consumer Durables
BATAINDIA,Mar 2023,MAR 2023,5.8500,30.5600,50.1600,13.4200,231072.0000,Consumer Durables
BATAINDIA,Mar 2024,MAR 2024,8.2400,28.3100,50.1600,13.2800,223136.0000,Consumer Durables
BATAINDIA,Mar 2025,MAR 2025,6.9300,29.4600,50.1600,13.4500,234080.0000,Consumer Durables
BATAINDIA,Mar 2026,MAR 2026,6.4300,28.3900,50.1600,15.0200,241836.0000,Consumer Durables
BATAINDIA,Sep 2023,SEP 2023,7.5100,29.9700,50.1600,12.3600,209846.0000,Consumer Durables
BATAINDIA,Sep 2024,SEP 2024,8.8100,27.1200,50.1600,13.8900,237735.0000,Consumer Durables
BATAINDIA,Sep 2025,SEP 2025,6.8900,29.3900,50.1600,13.5500,236169.0000,Consumer Durables
BAYERCROP,Dec 2023,DEC 2023,3.5300,12.7000,71.4400,12.3300,46907.0000,Chemicals
BAYERCROP,Dec 2024,DEC 2024,3.4200,11.6900,71.4400,13.4500,54289.0000,Chemicals
BAYERCROP,Dec 2025,DEC 2025,3.8400,11.4700,71.4400,13.2700,58571.0000,Chemicals
BAYERCROP,Jun 2024,JUN 2024,3.6300,12.4700,71.4400,12.4700,46201.0000,Chemicals
BAYERCROP,Jun 2025,JUN 2025,3.6400,11.3800,71.4400,13.5500,55753.0000,Chemicals
BAYERCROP,Jun 2026,JUN 2026,3.9700,11.6400,71.4400,12.9600,58884.0000,Chemicals
BAYERCROP,Mar 2017,MAR 2017,7.6100,12.5700,68.5800,11.2400,22176.0000,Chemicals
BAYERCROP,Mar 2018,MAR 2018,4.4300,14.4200,68.6900,12.4600,44345.0000,Chemicals
BAYERCROP,Mar 2019,MAR 2019,3.6200,15.8800,68.6900,11.8000,44093.0000,Chemicals
BAYERCROP,Mar 2020,MAR 2020,2.1700,13.8600,71.4300,12.5300,57059.0000,Chemicals
BAYERCROP,Mar 2021,MAR 2021,2.8700,12.4900,71.4300,13.2100,65285.0000,Chemicals
BAYERCROP,Mar 2022,MAR 2022,2.9000,12.9000,71.4300,12.7700,60230.0000,Chemicals
BAYERCROP,Mar 2023,MAR 2023,3.1800,12.7400,71.4400,12.6400,57253.0000,Chemicals
BAYERCROP,Mar 2024,MAR 2024,3.6200,12.8000,71.4400,12.1500,45852.0000,Chemicals
BAYERCROP,Mar 2025,MAR 2025,3.4900,11.5600,71.4400,13.5300,54216.0000,Chemicals
BAYERCROP,Mar 2026,MAR 2026,3.8900,11.8900,71.4400,12.7900,55795.0000,Chemicals
BAYERCROP,Sep 2023,SEP 2023,3.3000,13.2300,71.4400,12.0500,45329.0000,Chemicals
BAYERCROP,Sep 2024,SEP 2024,3.3000,12.0800,71.4400,13.1800,51289.0000,Chemicals
BAYERCROP,Sep 2025,SEP 2025,3.8000,11.2200,71.4400,13.5600,58109.0000,Chemicals
BBTC,Dec 2023,DEC 2023,8.4800,1.2500,74.0500,16.2200,33322.0000,Fast Moving Consumer Goods
BBTC,Dec 2024,DEC 2024,9.6400,1.4800,74.0500,14.8400,39028.0000,Fast Moving Consumer Goods
BBTC,Dec 2025,DEC 2025,9.4200,1.4200,74.0400,15.1200,47042.0000,Fast Moving Consumer Goods
BBTC,Jun 2024,JUN 2024,8.8600,1.4500,74.0500,15.6400,34104.0000,Fast Moving Consumer Goods
BBTC,Jun 2025,JUN 2025,9.3300,1.4300,74.0500,15.1900,44823.0000,Fast Moving Consumer Goods
BBTC,Jun 2026,JUN 2026,9.4600,1.0400,74.0400,15.4600,48630.0000,Fast Moving Consumer Goods
BBTC,Mar 2016,MAR 2016,0.0000,5.3600,74.0100,20.6300,17144.0000,Fast Moving Consumer Goods
BBTC,Mar 2017,MAR 2017,1.5500,5.2600,74.0100,19.1700,18029.0000,Fast Moving Consumer Goods
BBTC,Mar 2018,MAR 2018,4.8500,2.4100,74.0100,18.7200,23418.0000,Fast Moving Consumer Goods
BBTC,Mar 2019,MAR 2019,4.6900,2.2400,74.0300,19.0200,28608.0000,Fast Moving Consumer Goods
BBTC,Mar 2020,MAR 2020,6.7800,1.1900,74.0400,17.9700,30955.0000,Fast Moving Consumer Goods
BBTC,Mar 2021,MAR 2021,7.5100,1.1400,74.0400,17.3000,39872.0000,Fast Moving Consumer Goods
BBTC,Mar 2022,MAR 2022,7.2900,1.1800,74.0400,17.4900,46465.0000,Fast Moving Consumer Goods
BBTC,Mar 2023,MAR 2023,7.9500,1.1900,74.0400,16.8300,43686.0000,Fast Moving Consumer Goods
BBTC,Mar 2024,MAR 2024,8.9600,1.2700,74.0500,15.7100,32500.0000,Fast Moving Consumer Goods
BBTC,Mar 2025,MAR 2025,9.6000,1.4700,74.0500,14.8800,43025.0000,Fast Moving Consumer Goods
BBTC,Mar 2026,MAR 2026,9.4800,1.4600,74.0400,15.0100,46776.0000,Fast Moving Consumer Goods
BBTC,Sep 2023,SEP 2023,8.2700,1.3000,74.0500,16.3900,38086.0000,Fast Moving Consumer Goods
BBTC,Sep 2024,SEP 2024,9.4800,1.5000,74.0500,14.9700,40610.0000,Fast Moving Consumer Goods
BBTC,Sep 2025,SEP 2025,9.3000,1.4300,74.0500,15.2200,44643.0000,Fast Moving Consumer Goods
BDL,Dec 2023,DEC 2023,3.0900,13.3200,74.9300,8.6400,205887.0000,Capital Goods
BDL,Dec 2024,DEC 2024,3.0900,8.7000,74.9300,13.2600,594284.0000,Capital Goods
BDL,Dec 2025,DEC 2025,2.2900,10.9400,74.9300,11.8300,551090.0000,Capital Goods
BDL,Jun 2024,JUN 2024,3.0600,9.5200,74.9300,12.4900,498630.0000,Capital Goods
BDL,Jun 2025,JUN 2025,3.7700,10.1000,74.9300,11.1900,541535.0000,Capital Goods
BDL,Jun 2026,JUN 2026,1.6900,11.5300,74.9300,11.8500,560750.0000,Capital Goods
BDL,Mar 2018,MAR 2018,0.0000,6.7400,87.7500,5.5100,156004.0000,Capital Goods
BDL,Mar 2019,MAR 2019,0.9000,6.6300,87.7500,4.7200,118358.0000,Capital Goods
BDL,Mar 2020,MAR 2020,0.0400,7.4700,87.7500,4.7400,107828.0000,Capital Goods
BDL,Mar 2021,MAR 2021,0.2800,17.5200,74.9300,7.2700,131209.0000,Capital Goods
BDL,Mar 2022,MAR 2022,2.1100,16.3800,74.9300,6.5900,112648.0000,Capital Goods
BDL,Mar 2023,MAR 2023,2.8300,14.1000,74.9300,8.1500,166501.0000,Capital Goods
BDL,Mar 2024,MAR 2024,2.9500,12.3900,74.9300,9.7200,248158.0000,Capital Goods
BDL,Mar 2025,MAR 2025,3.2500,9.4500,74.9300,12.3500,567591.0000,Capital Goods
BDL,Mar 2026,MAR 2026,2.0200,10.9700,74.9300,12.1000,568164.0000,Capital Goods
BDL,Sep 2023,SEP 2023,3.0900,12.8100,74.9300,9.1700,196566.0000,Capital Goods
BDL,Sep 2024,SEP 2024,2.9400,8.4600,74.9300,13.6700,590374.0000,Capital Goods
BDL,Sep 2025,SEP 2025,2.4300,11.3000,74.9300,11.3400,537004.0000,Capital Goods
BEL,Dec 2023,DEC 2023,17.7700,23.3700,51.1400,7.7200,1098228.0000,Capital Goods
BEL,Dec 2024,DEC 2024,17.3400,20.9400,51.1400,10.5800,2653676.0000,Capital Goods
BEL,Dec 2025,DEC 2025,18.5100,20.4700,51.1400,9.8700,2543622.0000,Capital Goods
BEL,Jun 2024,JUN 2024,17.4300,20.6200,51.1400,10.8200,2518663.0000,Capital Goods
BEL,Jun 2025,JUN 2025,18.5600,20.6000,51.1400,9.7000,2542378.0000,Capital Goods
BEL,Jun 2026,JUN 2026,18.0200,21.0200,51.1400,9.8200,2604298.0000,Capital Goods
BEL,Mar 2017,MAR 2017,6.6500,17.7300,68.1900,7.4300,82161.0000,Capital Goods
BEL,Mar 2018,MAR 2018,6.4400,17.8500,66.7900,8.9200,216908.0000,Capital Goods
BEL,Mar 2019,MAR 2019,7.4900,22.8800,58.8300,10.8000,296899.0000,Capital Goods
BEL,Mar 2020,MAR 2020,10.7100,30.2100,51.1400,7.9500,286632.0000,Capital Goods
BEL,Mar 2021,MAR 2021,11.5800,30.2100,51.1400,7.0700,373893.0000,Capital Goods
BEL,Mar 2022,MAR 2022,16.7700,26.7100,51.1400,5.3800,431034.0000,Capital Goods
BEL,Mar 2023,MAR 2023,16.4200,25.5000,51.1400,6.9500,780211.0000,Capital Goods
BEL,Mar 2024,MAR 2024,17.5600,22.6300,51.1400,8.6600,1364873.0000,Capital Goods
BEL,Mar 2025,MAR 2025,17.5500,20.8700,51.1400,10.4300,2678435.0000,Capital Goods
BEL,Mar 2026,MAR 2026,19.5100,20.0000,51.1400,9.3700,2530896.0000,Capital Goods
BEL,Sep 2023,SEP 2023,17.1900,24.1900,51.1400,7.4900,974782.0000,Capital Goods
BEL,Sep 2024,SEP 2024,17.2700,20.2200,51.1400,11.3700,2772002.0000,Capital Goods
BEL,Sep 2025,SEP 2025,18.1400,20.8800,51.1400,9.8400,2498588.0000,Capital Goods
BELRISE,Dec 2025,DEC 2025,8.9000,9.2700,66.4600,15.3700,214976.0000,Automobile and Auto Components
BELRISE,Jul 2026,JUL 2026,12.0900,13.1200,61.1400,13.6300,221048.0000,Automobile and Auto Components
BELRISE,Jun 2025,JUN 2025,6.7800,7.1200,73.0100,13.0800,223147.0000,Automobile and Auto Components
BELRISE,Jun 2026,JUN 2026,9.4000,10.0000,66.4600,14.1400,215956.0000,Automobile and Auto Components
BELRISE,Mar 2026,MAR 2026,8.8600,10.1600,66.4600,14.5100,201261.0000,Automobile and Auto Components
BELRISE,Sep 2025,SEP 2025,7.6700,4.0000,73.0100,15.3200,214067.0000,Automobile and Auto Components
BEML,Dec 2023,DEC 2023,9.1200,18.9700,54.0300,17.8700,99586.0000,Capital Goods
BEML,Dec 2024,DEC 2024,7.4100,18.1000,54.0300,20.4500,185005.0000,Capital Goods
BEML,Dec 2025,DEC 2025,5.5100,18.3900,54.0300,22.0800,198478.0000,Capital Goods
BEML,Jun 2024,JUN 2024,6.7600,20.1400,54.0300,19.0800,152698.0000,Capital Goods
BEML,Jun 2025,JUN 2025,5.6700,18.8000,54.0300,21.5100,195176.0000,Capital Goods
BEML,Jun 2026,JUN 2026,5.4800,19.4000,54.0300,21.1000,197269.0000,Capital Goods
BEML,Mar 2017,MAR 2017,7.7800,22.9000,54.0300,15.2900,55398.0000,Capital Goods
BEML,Mar 2018,MAR 2018,3.9900,24.2700,54.0300,17.7100,66476.0000,Capital Goods
BEML,Mar 2019,MAR 2019,3.7100,25.3100,54.0300,16.9500,70498.0000,Capital Goods
BEML,Mar 2020,MAR 2020,2.4100,26.3500,54.0300,17.2100,74869.0000,Capital Goods
BEML,Mar 2021,MAR 2021,1.3600,21.2900,54.0300,23.3200,100992.0000,Capital Goods
BEML,Mar 2022,MAR 2022,6.1500,19.0800,54.0300,20.7500,88267.0000,Capital Goods
BEML,Mar 2023,MAR 2023,5.4400,19.7200,54.0300,20.7900,94767.0000,Capital Goods
BEML,Mar 2024,MAR 2024,9.9100,17.7900,54.0300,18.2800,121001.0000,Capital Goods
BEML,Mar 2025,MAR 2025,7.2600,18.6900,54.0300,20.0000,192797.0000,Capital Goods
BEML,Mar 2026,MAR 2026,5.5900,18.7100,54.0300,21.6800,200609.0000,Capital Goods
BEML,Sep 2023,SEP 2023,6.7900,19.0300,54.0300,20.1600,101576.0000,Capital Goods
BEML,Sep 2024,SEP 2024,5.6600,18.5100,54.0300,21.7900,191604.0000,Capital Goods
BEML,Sep 2025,SEP 2025,5.8200,18.5400,54.0300,21.6200,193304.0000,Capital Goods
BERGEPAINT,Dec 2023,DEC 2023,10.6800,4.6700,74.9900,9.6500,392656.0000,Consumer Durables
BERGEPAINT,Dec 2024,DEC 2024,5.9400,9.6000,74.9900,9.4700,392176.0000,Consumer Durables
BERGEPAINT,Dec 2025,DEC 2025,5.2500,11.0800,74.9800,8.6800,323008.0000,Consumer Durables
BERGEPAINT,Jun 2024,JUN 2024,7.5100,7.5700,74.9900,9.9300,424374.0000,Consumer Durables
BERGEPAINT,Jun 2025,JUN 2025,5.5900,10.4500,74.9900,8.9700,353795.0000,Consumer Durables
BERGEPAINT,Jun 2026,JUN 2026,4.8200,11.7800,74.9800,8.4000,312571.0000,Consumer Durables
BERGEPAINT,Mar 2017,MAR 2017,5.6600,8.4500,74.9900,10.9000,74326.0000,Consumer Durables
BERGEPAINT,Mar 2018,MAR 2018,5.8400,8.4100,74.9900,10.7700,73480.0000,Consumer Durables
BERGEPAINT,Mar 2019,MAR 2019,5.5500,8.2600,74.9800,11.2100,76921.0000,Consumer Durables
BERGEPAINT,Mar 2020,MAR 2020,7.7800,6.8300,74.9900,10.4000,118622.0000,Consumer Durables
BERGEPAINT,Mar 2021,MAR 2021,11.2400,4.0200,74.9800,9.7500,163936.0000,Consumer Durables
BERGEPAINT,Mar 2022,MAR 2022,11.2800,3.4100,74.9900,10.3200,353821.0000,Consumer Durables
BERGEPAINT,Mar 2023,MAR 2023,10.6400,3.4700,75.0000,10.9000,428448.0000,Consumer Durables
BERGEPAINT,Mar 2024,MAR 2024,10.6600,5.1700,74.9900,9.1700,371411.0000,Consumer Durables
BERGEPAINT,Mar 2025,MAR 2025,5.7500,10.1100,74.9900,9.1500,378309.0000,Consumer Durables
BERGEPAINT,Mar 2026,MAR 2026,4.6800,11.7100,74.9800,8.6300,326701.0000,Consumer Durables
BERGEPAINT,Sep 2023,SEP 2023,10.8900,4.0600,75.0000,10.0500,399714.0000,Consumer Durables
BERGEPAINT,Sep 2024,SEP 2024,6.9800,8.7700,74.9900,9.2400,373110.0000,Consumer Durables
BERGEPAINT,Sep 2025,SEP 2025,5.3500,10.7100,74.9900,8.9500,343496.0000,Consumer Durables
BHARATFORG,Dec 2023,DEC 2023,16.6000,27.7400,45.2600,10.2200,179683.0000,Automobile and Auto Components
BHARATFORG,Dec 2024,DEC 2024,17.8700,28.3500,44.0700,9.5500,207810.0000,Automobile and Auto Components
BHARATFORG,Dec 2025,DEC 2025,12.4000,34.0800,44.0700,9.2900,227160.0000,Automobile and Auto Components
BHARATFORG,Jun 2024,JUN 2024,17.0400,27.9600,45.2600,9.5800,182988.0000,Automobile and Auto Components
BHARATFORG,Jun 2025,JUN 2025,14.3700,31.2600,44.0700,10.1500,242732.0000,Automobile and Auto Components
BHARATFORG,Jun 2026,JUN 2026,15.0400,32.1800,44.0700,8.5400,232361.0000,Automobile and Auto Components
BHARATFORG,Mar 2016,MAR 2016,0.0000,32.5400,47.2400,20.2300,105825.0000,Automobile and Auto Components
BHARATFORG,Mar 2017,MAR 2017,15.1800,19.7700,46.2400,18.8200,103386.0000,Automobile and Auto Components
BHARATFORG,Mar 2018,MAR 2018,21.3600,12.7000,46.2400,19.6100,120548.0000,Automobile and Auto Components
BHARATFORG,Mar 2019,MAR 2019,19.2700,12.9300,46.2500,21.4100,142062.0000,Automobile and Auto Components
BHARATFORG,Mar 2020,MAR 2020,20.7100,15.7100,46.2500,17.1500,132757.0000,Automobile and Auto Components
BHARATFORG,Mar 2021,MAR 2021,24.9400,12.1700,46.2500,16.3600,144297.0000,Automobile and Auto Components
BHARATFORG,Mar 2022,MAR 2022,19.8000,23.5500,45.2500,11.2300,153718.0000,Automobile and Auto Components
BHARATFORG,Mar 2023,MAR 2023,16.1700,27.7000,45.2600,10.7000,162105.0000,Automobile and Auto Components
BHARATFORG,Mar 2024,MAR 2024,16.4800,28.0600,45.2600,10.0400,189104.0000,Automobile and Auto Components
BHARATFORG,Mar 2025,MAR 2025,16.0800,30.2000,44.0700,9.4900,214725.0000,Automobile and Auto Components
BHARATFORG,Mar 2026,MAR 2026,14.1500,32.6200,44.0700,9.0000,228156.0000,Automobile and Auto Components
BHARATFORG,Sep 2023,SEP 2023,16.2800,27.9500,45.2600,10.3500,169954.0000,Automobile and Auto Components
BHARATFORG,Sep 2024,SEP 2024,18.7200,26.3200,45.2600,9.5500,199721.0000,Automobile and Auto Components
BHARATFORG,Sep 2025,SEP 2025,13.6200,32.1100,44.0700,10.0500,249520.0000,Automobile and Auto Components
BHARTIARTL,Dec 2023,DEC 2023,22.6900,19.5100,54.5700,3.0700,677690.0000,Telecommunication
BHARTIARTL,Dec 2024,DEC 2024,24.2700,19.5200,53.1200,2.9100,836095.0000,Telecommunication
BHARTIARTL,Dec 2025,DEC 2025,28.7500,19.5400,48.8700,2.6500,852831.0000,Telecommunication
BHARTIARTL,Jun 2024,JUN 2024,24.6200,19.1300,53.1700,2.8900,762266.0000,Telecommunication
BHARTIARTL,Jun 2025,JUN 2025,26.7200,19.0900,51.2600,2.7400,828719.0000,Telecommunication
BHARTIARTL,Jun 2026,JUN 2026,26.4800,20.6400,50.0700,2.6400,924369.0000,Telecommunication
BHARTIARTL,Mar 2017,MAR 2017,15.2200,11.1500,67.1400,6.4600,212238.0000,Telecommunication
BHARTIARTL,Mar 2018,MAR 2018,18.4500,12.3800,67.1400,1.9900,193663.0000,Telecommunication
BHARTIARTL,Mar 2019,MAR 2019,17.6100,13.2500,67.1400,2.0000,186238.0000,Telecommunication
BHARTIARTL,Mar 2020,MAR 2020,20.2900,15.8300,58.9800,4.8700,230528.0000,Telecommunication
BHARTIARTL,Mar 2021,MAR 2021,18.5700,20.3500,55.8600,5.1600,713866.0000,Telecommunication
BHARTIARTL,Mar 2022,MAR 2022,19.3600,19.5000,55.9300,5.1600,767578.0000,Telecommunication
BHARTIARTL,Mar 2023,MAR 2023,20.9700,19.7800,55.0200,4.0500,758715.0000,Telecommunication
BHARTIARTL,Mar 2024,MAR 2024,24.3500,19.2000,53.4800,2.8000,694297.0000,Telecommunication
BHARTIARTL,Mar 2025,MAR 2025,25.4100,19.2300,52.4200,2.7500,833428.0000,Telecommunication
BHARTIARTL,Mar 2026,MAR 2026,27.7900,20.5300,48.8700,2.6300,901086.0000,Telecommunication
BHARTIARTL,Sep 2023,SEP 2023,21.8700,19.6900,54.7500,3.5300,685529.0000,Telecommunication
BHARTIARTL,Sep 2024,SEP 2024,25.0700,18.6900,53.1400,2.8900,784930.0000,Telecommunication
BHARTIARTL,Sep 2025,SEP 2025,27.4200,19.4000,50.2700,2.7200,848472.0000,Telecommunication
BHARTIHEXA,Dec 2024,DEC 2024,5.0200,9.2800,70.0000,15.7100,87449.0000,Telecommunication
BHARTIHEXA,Dec 2025,DEC 2025,3.9800,10.2800,70.0000,15.7300,91986.0000,Telecommunication
BHARTIHEXA,Jun 2024,JUN 2024,4.5400,9.1400,70.0000,16.3000,106437.0000,Telecommunication
BHARTIHEXA,Jun 2025,JUN 2025,4.3300,9.8100,70.0000,15.8600,96675.0000,Telecommunication
BHARTIHEXA,Jun 2026,JUN 2026,3.5800,10.6400,70.0000,15.7700,89330.0000,Telecommunication
BHARTIHEXA,Mar 2025,MAR 2025,4.3300,9.9700,70.0000,15.7100,85480.0000,Telecommunication
BHARTIHEXA,Mar 2026,MAR 2026,3.6900,10.6000,70.0000,15.7100,89246.0000,Telecommunication
BHARTIHEXA,Sep 2024,SEP 2024,5.0600,8.8800,70.0000,16.0500,100982.0000,Telecommunication
BHARTIHEXA,Sep 2025,SEP 2025,3.9400,10.2400,70.0000,15.8300,95145.0000,Telecommunication
BHEL,Dec 2023,DEC 2023,7.0400,17.5800,63.1700,12.2300,1265436.0000,Capital Goods
BHEL,Dec 2024,DEC 2024,7.9800,15.4900,63.1700,13.3600,2083026.0000,Capital Goods
BHEL,Dec 2025,DEC 2025,6.2800,19.7000,63.1700,10.8500,1791831.0000,Capital Goods
BHEL,Jun 2024,JUN 2024,9.1000,15.0300,63.1700,12.7100,1880851.0000,Capital Goods
BHEL,Jun 2025,JUN 2025,6.3600,18.4500,63.1700,12.0200,1983215.0000,Capital Goods
BHEL,Jun 2026,JUN 2026,9.5200,22.3500,58.1700,9.8800,1628020.0000,Capital Goods
BHEL,Mar 2017,MAR 2017,15.8900,16.4300,63.0600,4.6200,383371.0000,Capital Goods
BHEL,Mar 2018,MAR 2018,13.0400,18.5000,63.0600,5.4000,471048.0000,Capital Goods
BHEL,Mar 2019,MAR 2019,11.6800,18.5400,63.1700,6.6100,492165.0000,Capital Goods
BHEL,Mar 2020,MAR 2020,9.3600,17.8100,63.1700,9.6600,584236.0000,Capital Goods
BHEL,Mar 2021,MAR 2021,4.4700,12.4900,63.1700,19.8700,986752.0000,Capital Goods
BHEL,Mar 2022,MAR 2022,4.0000,12.6600,63.1700,20.1700,1281743.0000,Capital Goods
BHEL,Mar 2023,MAR 2023,8.5800,15.5000,63.1700,12.7600,1016936.0000,Capital Goods
BHEL,Mar 2024,MAR 2024,8.7600,15.9500,63.1700,12.1400,1499202.0000,Capital Goods
BHEL,Mar 2025,MAR 2025,7.1900,16.3400,63.1700,13.2900,2120567.0000,Capital Goods
BHEL,Mar 2026,MAR 2026,7.2300,23.9300,58.1700,10.6300,1755262.0000,Capital Goods
BHEL,Sep 2023,SEP 2023,7.2300,15.9900,63.1700,13.6200,1227658.0000,Capital Goods
BHEL,Sep 2024,SEP 2024,9.4800,14.6900,63.1700,12.6600,1995266.0000,Capital Goods
BHEL,Sep 2025,SEP 2025,6.2300,18.6200,63.1700,11.9800,1961664.0000,Capital Goods
BIKAJI,Dec 2023,DEC 2023,6.8900,13.9600,75.1800,3.9900,86930.0000,Fast Moving Consumer Goods
BIKAJI,Dec 2024,DEC 2024,7.7000,11.9600,74.9800,5.3800,142514.0000,Fast Moving Consumer Goods
BIKAJI,Dec 2025,DEC 2025,4.9200,16.6200,73.9200,4.5400,119954.0000,Fast Moving Consumer Goods
BIKAJI,Jun 2024,JUN 2024,7.5100,13.3200,75.1000,4.0600,92097.0000,Fast Moving Consumer Goods
BIKAJI,Jun 2025,JUN 2025,6.6400,13.3700,74.9200,5.0800,133515.0000,Fast Moving Consumer Goods
BIKAJI,Jun 2026,JUN 2026,4.6100,17.5100,73.8800,4.0100,111049.0000,Fast Moving Consumer Goods
BIKAJI,Mar 2023,MAR 2023,3.4500,10.5700,75.9700,10.0300,83142.0000,Fast Moving Consumer Goods
BIKAJI,Mar 2024,MAR 2024,7.6600,13.5100,75.1000,3.7200,85927.0000,Fast Moving Consumer Goods
BIKAJI,Mar 2025,MAR 2025,7.3300,12.2100,74.9200,5.5700,144000.0000,Fast Moving Consumer Goods
BIKAJI,Mar 2026,MAR 2026,4.6800,17.2800,73.8800,4.1500,114783.0000,Fast Moving Consumer Goods
BIKAJI,Sep 2023,SEP 2023,7.0200,13.5500,75.2100,4.2200,85411.0000,Fast Moving Consumer Goods
BIKAJI,Sep 2024,SEP 2024,7.4800,12.7800,74.9800,4.7600,109780.0000,Fast Moving Consumer Goods
BIKAJI,Sep 2025,SEP 2025,6.3400,14.7700,73.9200,4.9700,132115.0000,Fast Moving Consumer Goods
BIOCON,Dec 2023,DEC 2023,6.5500,14.5100,60.6400,17.9600,434339.0000,Healthcare
BIOCON,Dec 2024,DEC 2024,5.6600,15.3600,60.6400,18.1100,427705.0000,Healthcare
BIOCON,Dec 2025,DEC 2025,7.3900,21.6700,54.4500,16.3400,394279.0000,Healthcare
BIOCON,Jun 2024,JUN 2024,5.9000,14.2900,60.6400,18.9000,443513.0000,Healthcare
BIOCON,Jun 2025,JUN 2025,6.0400,22.8300,54.4500,16.5100,428131.0000,Healthcare
BIOCON,Jun 2026,JUN 2026,8.1400,23.3300,44.6800,23.7500,392833.0000,Healthcare
BIOCON,Mar 2017,MAR 2017,17.7100,3.7200,60.6800,16.1200,100761.0000,Healthcare
BIOCON,Mar 2018,MAR 2018,16.9900,3.9300,60.6700,16.9100,134488.0000,Healthcare
BIOCON,Mar 2019,MAR 2019,17.9000,4.3800,60.6700,15.6200,153793.0000,Healthcare
BIOCON,Mar 2020,MAR 2020,14.9800,7.3200,60.6700,15.8000,206996.0000,Healthcare
BIOCON,Mar 2021,MAR 2021,16.3000,7.1400,60.6700,14.9600,311349.0000,Healthcare
BIOCON,Mar 2022,MAR 2022,15.6200,8.3600,60.6400,14.7600,347911.0000,Healthcare
BIOCON,Mar 2023,MAR 2023,10.2000,11.8900,60.6400,16.7000,411086.0000,Healthcare
BIOCON,Mar 2024,MAR 2024,5.6300,13.6900,60.6400,19.7400,470261.0000,Healthcare
BIOCON,Mar 2025,MAR 2025,5.6700,15.7300,60.6400,17.7700,424297.0000,Healthcare
BIOCON,Mar 2026,MAR 2026,7.5200,24.0100,44.9100,23.4000,386593.0000,Healthcare
BIOCON,Sep 2023,SEP 2023,7.9700,14.0800,60.6400,16.9200,415046.0000,Healthcare
BIOCON,Sep 2024,SEP 2024,5.9300,14.4400,60.6400,18.7400,439503.0000,Healthcare
BIOCON,Sep 2025,SEP 2025,6.6100,22.0600,54.4500,16.7000,413191.0000,Healthcare
BLS,Dec 2023,DEC 2023,7.5600,0.8900,71.5200,19.9300,111240.0000,Consumer Services
BLS,Dec 2024,DEC 2024,10.9300,1.3600,70.3800,17.2700,170165.0000,Consumer Services
BLS,Dec 2025,DEC 2025,6.3700,2.9200,70.3900,20.2800,210222.0000,Consumer Services
BLS,Jun 2024,JUN 2024,7.4000,1.3500,71.5200,19.6800,151709.0000,Consumer Services
BLS,Jun 2025,JUN 2025,8.5400,2.8700,70.3900,18.1800,205127.0000,Consumer Services
BLS,Jun 2026,JUN 2026,4.1400,3.1000,70.3900,22.3300,223624.0000,Consumer Services
BLS,Mar 2017,MAR 2017,0.0100,0.0000,74.2400,25.7500,1062.0000,Consumer Services
BLS,Mar 2018,MAR 2018,4.5400,0.2800,74.2400,20.9400,22761.0000,Consumer Services
BLS,Mar 2019,MAR 2019,2.7700,0.0600,74.2400,22.9300,20571.0000,Consumer Services
BLS,Mar 2020,MAR 2020,3.1000,0.1100,74.2400,22.5500,17378.0000,Consumer Services
BLS,Mar 2021,MAR 2021,1.2200,0.0000,74.5900,24.0300,31997.0000,Consumer Services
BLS,Mar 2022,MAR 2022,1.3600,0.0000,74.5900,24.0100,41702.0000,Consumer Services
BLS,Mar 2023,MAR 2023,7.5700,0.0500,74.4100,17.9200,87068.0000,Consumer Services
BLS,Mar 2024,MAR 2024,7.6700,1.0500,71.5200,19.6500,144947.0000,Consumer Services
BLS,Mar 2025,MAR 2025,9.9400,2.2600,70.3800,17.3800,187493.0000,Consumer Services
BLS,Mar 2026,MAR 2026,6.1400,2.9900,70.3900,20.4200,218959.0000,Consumer Services
BLS,Sep 2023,SEP 2023,7.6600,0.0700,71.5200,20.4900,96119.0000,Consumer Services
BLS,Sep 2024,SEP 2024,8.9600,1.7100,70.3800,18.8700,173612.0000,Consumer Services
BLS,Sep 2025,SEP 2025,6.8200,2.9000,70.3900,19.8800,208792.0000,Consumer Services
BLUEDART,Dec 2023,DEC 2023,5.2900,11.7600,75.0000,7.9400,29294.0000,Services
BLUEDART,Dec 2024,DEC 2024,5.9800,12.4900,75.0000,6.5000,30925.0000,Services
BLUEDART,Dec 2025,DEC 2025,4.1400,13.6200,75.0000,7.2600,37308.0000,Services
BLUEDART,Jun 2024,JUN 2024,5.3700,12.6500,75.0000,6.9800,29994.0000,Services
BLUEDART,Jun 2025,JUN 2025,5.5300,13.0400,75.0000,6.4400,30906.0000,Services
BLUEDART,Jun 2026,JUN 2026,3.3500,14.4700,75.0000,7.1700,37650.0000,Services
BLUEDART,Mar 2017,MAR 2017,6.5100,6.6500,75.0000,11.8400,19308.0000,Services
BLUEDART,Mar 2018,MAR 2018,6.6800,5.9000,75.0000,12.4200,16787.0000,Services
BLUEDART,Mar 2019,MAR 2019,4.5000,5.2200,75.0000,15.2800,17042.0000,Services
BLUEDART,Mar 2020,MAR 2020,2.6800,10.8700,75.0000,11.4500,16867.0000,Services
BLUEDART,Mar 2021,MAR 2021,1.9700,11.3100,75.0000,11.7200,22222.0000,Services
BLUEDART,Mar 2022,MAR 2022,3.2500,9.5100,75.0000,12.2400,29768.0000,Services
BLUEDART,Mar 2023,MAR 2023,4.8500,9.8600,75.0000,10.2900,36656.0000,Services
BLUEDART,Mar 2024,MAR 2024,5.4000,11.7300,75.0000,7.8800,34031.0000,Services
BLUEDART,Mar 2025,MAR 2025,5.4600,13.0400,75.0000,6.4900,29904.0000,Services
BLUEDART,Mar 2026,MAR 2026,3.4200,14.5400,75.0000,7.0400,35375.0000,Services
BLUEDART,Sep 2023,SEP 2023,4.7300,11.7600,75.0000,8.5000,35019.0000,Services
BLUEDART,Sep 2024,SEP 2024,5.4600,12.9400,75.0000,6.6000,30301.0000,Services
BLUEDART,Sep 2025,SEP 2025,5.0400,13.1300,75.0000,6.8200,34123.0000,Services
BLUEJET,Dec 2023,DEC 2023,2.9300,3.7000,86.0000,7.3700,55589.0000,Healthcare
BLUEJET,Dec 2024,DEC 2024,1.1000,2.0200,86.0000,10.8700,43003.0000,Healthcare
BLUEJET,Dec 2025,DEC 2025,1.1400,4.6500,79.8100,14.4100,80187.0000,Healthcare
BLUEJET,Jul 2026,JUL 2026,0.6300,9.1100,73.1500,17.1100,78927.0000,Healthcare
BLUEJET,Jun 2024,JUN 2024,2.0200,2.1400,86.0000,9.8300,42882.0000,Healthcare
BLUEJET,Jun 2025,JUN 2025,1.9700,0.9500,86.0000,11.0800,70772.0000,Healthcare
BLUEJET,Jun 2026,JUN 2026,0.4000,4.6500,79.8100,15.1400,78917.0000,Healthcare
BLUEJET,Mar 2024,MAR 2024,2.0100,3.0400,86.0000,8.9700,48625.0000,Healthcare
BLUEJET,Mar 2025,MAR 2025,2.2800,1.3300,86.0000,10.3800,54581.0000,Healthcare
BLUEJET,Mar 2026,MAR 2026,0.8900,4.5100,79.8100,14.8000,79199.0000,Healthcare
BLUEJET,Sep 2024,SEP 2024,2.1800,1.7500,86.0000,10.0600,41933.0000,Healthcare
BLUEJET,Sep 2025,SEP 2025,1.8300,3.6300,79.8100,14.7400,80117.0000,Healthcare
BLUESTARCO,Dec 2023,DEC 2023,15.3800,24.8200,36.5000,23.2900,65465.0000,Consumer Durables
BLUESTARCO,Dec 2024,DEC 2024,18.4800,22.1900,36.4600,22.8600,106776.0000,Consumer Durables
BLUESTARCO,Dec 2025,DEC 2025,14.6600,26.7600,36.4800,22.0800,111215.0000,Consumer Durables
BLUESTARCO,Jun 2024,JUN 2024,17.0400,23.5600,36.5300,22.8500,83167.0000,Consumer Durables
BLUESTARCO,Jun 2025,JUN 2025,16.2100,23.3700,36.4800,23.9100,148932.0000,Consumer Durables
BLUESTARCO,Jun 2026,JUN 2026,12.7500,28.2400,36.4900,22.4900,120369.0000,Consumer Durables
BLUESTARCO,Mar 2017,MAR 2017,9.8700,20.6200,39.0700,30.4400,25553.0000,Consumer Durables
BLUESTARCO,Mar 2018,MAR 2018,7.8100,22.7700,38.8900,30.2800,39690.0000,Consumer Durables
BLUESTARCO,Mar 2019,MAR 2019,7.5200,23.1600,38.7600,30.5600,46488.0000,Consumer Durables
BLUESTARCO,Mar 2020,MAR 2020,8.8000,22.8400,38.7600,29.6000,51871.0000,Consumer Durables
BLUESTARCO,Mar 2021,MAR 2021,11.0800,21.5600,38.7600,28.5900,54876.0000,Consumer Durables
BLUESTARCO,Mar 2022,MAR 2022,11.8300,22.4400,38.7800,26.9600,56504.0000,Consumer Durables
BLUESTARCO,Mar 2023,MAR 2023,10.4500,25.1300,38.7900,25.6500,56940.0000,Consumer Durables
BLUESTARCO,Mar 2024,MAR 2024,15.9300,24.6900,36.5000,22.8900,72949.0000,Consumer Durables
BLUESTARCO,Mar 2025,MAR 2025,16.9400,23.1300,36.4700,23.4400,129555.0000,Consumer Durables
BLUESTARCO,Mar 2026,MAR 2026,13.8000,27.7800,36.4800,21.9200,111852.0000,Consumer Durables
BLUESTARCO,Sep 2023,SEP 2023,14.8900,25.2400,36.4900,23.3900,59444.0000,Consumer Durables
BLUESTARCO,Sep 2024,SEP 2024,18.0600,22.8400,36.4600,22.6300,94641.0000,Consumer Durables
BLUESTARCO,Sep 2025,SEP 2025,16.0500,25.3200,36.4800,22.1200,117734.0000,Consumer Durables
BOSCHLTD,Dec 2023,DEC 2023,3.6800,17.2800,70.5400,8.5000,65214.0000,Automobile and Auto Components
BOSCHLTD,Dec 2024,DEC 2024,6.1400,15.8700,70.5400,7.4500,65532.0000,Automobile and Auto Components
BOSCHLTD,Dec 2025,DEC 2025,7.3400,14.9000,70.5400,7.2200,65028.0000,Automobile and Auto Components
BOSCHLTD,Jun 2024,JUN 2024,5.9600,15.8000,70.5400,7.7100,65580.0000,Automobile and Auto Components
BOSCHLTD,Jun 2025,JUN 2025,6.1800,15.9800,70.5400,7.3100,67199.0000,Automobile and Auto Components
BOSCHLTD,Jun 2026,JUN 2026,7.1000,15.1700,70.5400,7.1900,65497.0000,Automobile and Auto Components
BOSCHLTD,Mar 2017,MAR 2017,7.3700,12.5700,70.4900,9.5800,56108.0000,Automobile and Auto Components
BOSCHLTD,Mar 2018,MAR 2018,6.8700,13.4300,70.4900,9.2100,67782.0000,Automobile and Auto Components
BOSCHLTD,Mar 2019,MAR 2019,7.5100,13.0300,70.5400,8.9200,73237.0000,Automobile and Auto Components
BOSCHLTD,Mar 2020,MAR 2020,7.5200,13.1100,70.5400,8.8300,73784.0000,Automobile and Auto Components
BOSCHLTD,Mar 2021,MAR 2021,4.3300,16.1900,70.5400,8.9400,81507.0000,Automobile and Auto Components
BOSCHLTD,Mar 2022,MAR 2022,3.5000,16.3700,70.5400,9.5900,98873.0000,Automobile and Auto Components
BOSCHLTD,Mar 2023,MAR 2023,3.7000,16.7800,70.5400,8.9900,79456.0000,Automobile and Auto Components
BOSCHLTD,Mar 2024,MAR 2024,4.1000,17.1900,70.5400,8.1500,65376.0000,Automobile and Auto Components
BOSCHLTD,Mar 2025,MAR 2025,6.0900,16.0000,70.5400,7.3600,68418.0000,Automobile and Auto Components
BOSCHLTD,Mar 2026,MAR 2026,7.2200,15.0500,70.5400,7.1800,66646.0000,Automobile and Auto Components
BOSCHLTD,Sep 2023,SEP 2023,3.5600,17.0400,70.5400,8.8600,76127.0000,Automobile and Auto Components
BOSCHLTD,Sep 2024,SEP 2024,6.1900,15.7800,70.5400,7.5000,65133.0000,Automobile and Auto Components
BOSCHLTD,Sep 2025,SEP 2025,7.1300,15.0800,70.5400,7.2500,65227.0000,Automobile and Auto Components
BPCL,Dec 2023,DEC 2023,14.2100,22.1300,52.9800,9.4400,749213.0000,Oil Gas & Consumable Fuels
BPCL,Dec 2024,DEC 2024,14.7100,22.2700,52.9800,9.0900,1124533.0000,Oil Gas & Consumable Fuels
BPCL,Dec 2025,DEC 2025,18.4600,19.5600,52.9800,8.5800,987767.0000,Oil Gas & Consumable Fuels
BPCL,Jun 2024,JUN 2024,15.0400,21.3100,52.9800,9.7300,1039006.0000,Oil Gas & Consumable Fuels
BPCL,Jun 2025,JUN 2025,15.4500,22.1800,52.9800,8.4600,1107983.0000,Oil Gas & Consumable Fuels
BPCL,Jun 2026,JUN 2026,16.8400,21.0700,52.9800,8.2500,1050341.0000,Oil Gas & Consumable Fuels
BPCL,Mar 2017,MAR 2017,22.5300,6.7400,54.9300,14.9300,125579.0000,Oil Gas & Consumable Fuels
BPCL,Mar 2018,MAR 2018,19.8100,10.0300,54.3100,14.9900,156443.0000,Oil Gas & Consumable Fuels
BPCL,Mar 2019,MAR 2019,15.6400,15.3200,53.2900,14.8800,178718.0000,Oil Gas & Consumable Fuels
BPCL,Mar 2020,MAR 2020,12.2800,19.6100,52.9800,14.2700,223139.0000,Oil Gas & Consumable Fuels
BPCL,Mar 2021,MAR 2021,12.4200,23.3100,52.9800,8.4300,468377.0000,Oil Gas & Consumable Fuels
BPCL,Mar 2022,MAR 2022,13.6900,19.8500,52.9800,12.3100,930486.0000,Oil Gas & Consumable Fuels
BPCL,Mar 2023,MAR 2023,12.5700,22.5900,52.9800,10.6100,858136.0000,Oil Gas & Consumable Fuels
BPCL,Mar 2024,MAR 2024,16.7900,21.3000,52.9800,8.0000,723571.0000,Oil Gas & Consumable Fuels
BPCL,Mar 2025,MAR 2025,14.5800,22.2300,52.9800,9.2600,1193412.0000,Oil Gas & Consumable Fuels
BPCL,Mar 2026,MAR 2026,19.5700,18.5200,52.9800,8.4800,1033057.0000,Oil Gas & Consumable Fuels
BPCL,Sep 2023,SEP 2023,13.0100,22.5300,52.9800,10.2100,817339.0000,Oil Gas & Consumable Fuels
BPCL,Sep 2024,SEP 2024,15.3900,22.0600,52.9800,8.6300,1018794.0000,Oil Gas & Consumable Fuels
BPCL,Sep 2025,SEP 2025,16.5300,21.3100,52.9800,8.2500,1059886.0000,Oil Gas & Consumable Fuels
BRIGADE,Dec 2023,DEC 2023,13.7300,25.0100,43.7500,17.5000,68712.0000,Realty
BRIGADE,Dec 2024,DEC 2024,20.2300,22.9100,41.3700,15.5000,112760.0000,Realty
BRIGADE,Dec 2025,DEC 2025,18.1400,23.5500,41.1200,17.1900,159156.0000,Realty
BRIGADE,Jun 2024,JUN 2024,16.1700,22.8600,43.7200,17.2600,86130.0000,Realty
BRIGADE,Jun 2025,JUN 2025,19.3300,23.4400,41.1300,16.0900,132690.0000,Realty
BRIGADE,Jun 2026,JUN 2026,15.6300,25.4600,41.1000,17.8000,162943.0000,Realty
BRIGADE,Mar 2017,MAR 2017,3.0400,9.8000,55.9700,31.2000,54185.0000,Realty
BRIGADE,Mar 2018,MAR 2018,13.0000,15.0500,46.7400,25.2100,54477.0000,Realty
BRIGADE,Mar 2019,MAR 2019,12.4900,15.9200,46.8400,24.7500,52863.0000,Realty
BRIGADE,Mar 2020,MAR 2020,11.8500,18.5500,46.8200,22.7900,51671.0000,Realty
BRIGADE,Mar 2021,MAR 2021,11.8200,20.5400,48.0300,19.6100,45485.0000,Realty
BRIGADE,Mar 2022,MAR 2022,13.6400,23.8600,43.8800,18.6200,63197.0000,Realty
BRIGADE,Mar 2023,MAR 2023,14.3100,24.6200,43.7900,17.2700,62611.0000,Realty
BRIGADE,Mar 2024,MAR 2024,14.8600,23.8400,43.7300,17.5800,76977.0000,Realty
BRIGADE,Mar 2025,MAR 2025,20.2100,22.8700,41.1400,15.7700,128008.0000,Realty
BRIGADE,Mar 2026,MAR 2026,16.7500,24.7400,41.1100,17.4000,159254.0000,Realty
BRIGADE,Sep 2023,SEP 2023,13.4000,25.4100,43.7700,17.4400,63535.0000,Realty
BRIGADE,Sep 2024,SEP 2024,18.4700,24.0200,41.3700,16.1400,86803.0000,Realty
BRIGADE,Sep 2025,SEP 2025,18.6700,23.2800,41.1300,16.9500,174585.0000,Realty
BRITANNIA,Dec 2023,DEC 2023,18.9900,14.8400,50.5500,15.6200,260444.0000,Fast Moving Consumer Goods
BRITANNIA,Dec 2024,DEC 2024,16.4600,17.5800,50.5500,15.4100,290306.0000,Fast Moving Consumer Goods
BRITANNIA,Dec 2025,DEC 2025,14.8800,19.5500,50.5500,14.9700,255939.0000,Fast Moving Consumer Goods
BRITANNIA,Jun 2024,JUN 2024,17.4100,16.6900,50.5500,15.3600,254815.0000,Fast Moving Consumer Goods
BRITANNIA,Jun 2025,JUN 2025,15.5800,18.6500,50.5500,15.2000,272914.0000,Fast Moving Consumer Goods
BRITANNIA,Jun 2026,JUN 2026,13.4000,20.8800,50.5500,15.1300,268246.0000,Fast Moving Consumer Goods
BRITANNIA,Mar 2017,MAR 2017,14.8500,12.8200,50.7300,21.6000,80074.0000,Fast Moving Consumer Goods
BRITANNIA,Mar 2018,MAR 2018,17.0500,12.6300,50.7000,19.6200,79171.0000,Fast Moving Consumer Goods
BRITANNIA,Mar 2019,MAR 2019,15.7500,12.3700,50.6600,21.2200,134887.0000,Fast Moving Consumer Goods
BRITANNIA,Mar 2020,MAR 2020,14.7100,13.3800,50.6300,21.2800,183396.0000,Fast Moving Consumer Goods
BRITANNIA,Mar 2021,MAR 2021,17.9600,11.2300,50.5500,20.2600,291266.0000,Fast Moving Consumer Goods
BRITANNIA,Mar 2022,MAR 2022,17.1700,7.9400,50.5500,24.3500,329940.0000,Fast Moving Consumer Goods
BRITANNIA,Mar 2023,MAR 2023,19.4400,14.2200,50.5500,15.7900,260207.0000,Fast Moving Consumer Goods
BRITANNIA,Mar 2024,MAR 2024,18.2300,15.6300,50.5500,15.5700,263623.0000,Fast Moving Consumer Goods
BRITANNIA,Mar 2025,MAR 2025,15.7200,18.2600,50.5500,15.4800,292504.0000,Fast Moving Consumer Goods
BRITANNIA,Mar 2026,MAR 2026,15.6300,18.8200,50.5500,14.9400,251466.0000,Fast Moving Consumer Goods
BRITANNIA,Sep 2023,SEP 2023,19.6600,13.8400,50.5500,15.9400,284892.0000,Fast Moving Consumer Goods
BRITANNIA,Sep 2024,SEP 2024,17.9100,16.3700,50.5500,15.1800,251851.0000,Fast Moving Consumer Goods
BRITANNIA,Sep 2025,SEP 2025,15.0200,19.3900,50.5500,15.0300,262139.0000,Fast Moving Consumer Goods
BSE,Dec 2023,DEC 2023,12.0300,11.2700,,53.5600,442114.0000,Financial Services
BSE,Dec 2024,DEC 2024,16.0300,12.0700,,50.0000,589552.0000,Financial Services
BSE,Dec 2025,DEC 2025,17.4500,23.7400,,58.7300,1058144.0000,Financial Services
BSE,Jun 2024,JUN 2024,11.1200,11.6000,,54.5200,549758.0000,Financial Services
BSE,Jun 2025,JUN 2025,18.1400,11.2700,,50.0100,949953.0000,Financial Services
BSE,Jun 2026,JUN 2026,21.3200,24.1500,,54.4500,999275.0000,Financial Services
BSE,Mar 2017,MAR 2017,0.0000,32.3600,,29.4300,185699.0000,Financial Services
BSE,Mar 2018,MAR 2018,0.0000,28.3400,,39.4500,175091.0000,Financial Services
BSE,Mar 2019,MAR 2019,0.0000,24.5300,,43.0300,174239.0000,Financial Services
BSE,Mar 2020,MAR 2020,0.0000,22.5400,,47.0000,176696.0000,Financial Services
BSE,Mar 2021,MAR 2021,0.0000,14.7300,,58.7300,202670.0000,Financial Services
BSE,Mar 2022,MAR 2022,0.0000,13.7900,,59.7300,378655.0000,Financial Services
BSE,Mar 2023,MAR 2023,7.6000,0.6500,,65.8800,474080.0000,Financial Services
BSE,Mar 2024,MAR 2024,13.0400,12.6900,,51.9100,440058.0000,Financial Services
BSE,Mar 2025,MAR 2025,16.7800,12.3300,,48.7800,668174.0000,Financial Services
BSE,Mar 2026,MAR 2026,19.4200,25.0900,,55.4000,975435.0000,Financial Services
BSE,Sep 2023,SEP 2023,7.9000,8.0900,,58.9000,405722.0000,Financial Services
BSE,Sep 2024,SEP 2024,13.0100,11.6800,,52.4000,543812.0000,Financial Services
BSE,Sep 2025,SEP 2025,16.2500,19.9100,,63.7600,1291812.0000,Financial Services
BSOFT,Dec 2023,DEC 2023,21.2500,20.1600,40.9500,17.6000,320155.0000,Information Technology
BSOFT,Dec 2024,DEC 2024,11.0500,24.6300,40.8200,23.4900,450612.0000,Information Technology
BSOFT,Dec 2025,DEC 2025,10.9100,24.1100,40.5100,24.4600,420986.0000,Information Technology
BSOFT,Jun 2024,JUN 2024,18.8200,20.8900,40.9000,19.3700,382522.0000,Information Technology
BSOFT,Jun 2025,JUN 2025,12.3800,22.4200,40.6300,24.5600,452892.0000,Information Technology
BSOFT,Jun 2026,JUN 2026,12.7800,21.9800,40.3800,24.8500,400850.0000,Information Technology
BSOFT,Mar 2017,MAR 2017,53.0700,1.2300,18.9300,22.0500,58341.0000,Information Technology
BSOFT,Mar 2018,MAR 2018,46.1400,7.8400,18.9300,22.9600,49520.0000,Information Technology
BSOFT,Mar 2019,MAR 2019,33.8200,3.7900,41.2000,19.1400,65674.0000,Information Technology
BSOFT,Mar 2020,MAR 2020,27.1000,7.7300,40.8200,23.8500,59454.0000,Information Technology
BSOFT,Mar 2021,MAR 2021,17.4000,17.6600,40.7200,23.9000,105351.0000,Information Technology
BSOFT,Mar 2022,MAR 2022,15.4100,22.6600,40.4000,21.4000,288973.0000,Information Technology
BSOFT,Mar 2023,MAR 2023,11.4700,21.2000,41.0800,26.1800,380106.0000,Information Technology
BSOFT,Mar 2024,MAR 2024,23.4800,18.6100,40.9200,16.9600,338388.0000,Information Technology
BSOFT,Mar 2025,MAR 2025,11.6800,24.5300,40.6300,23.1500,449493.0000,Information Technology
BSOFT,Mar 2026,MAR 2026,13.6400,23.3500,40.3900,22.6000,396641.0000,Information Technology
BSOFT,Sep 2023,SEP 2023,17.5700,22.4000,40.9700,19.0300,318348.0000,Information Technology
BSOFT,Sep 2024,SEP 2024,11.7100,24.2600,40.8600,23.1500,445814.0000,Information Technology
BSOFT,Sep 2025,SEP 2025,11.2500,21.9200,40.5300,26.2800,447495.0000,Information Technology
CAPLIPOINT,Dec 2023,DEC 2023,2.8400,0.4300,70.6200,26.1100,79438.0000,Healthcare
CAPLIPOINT,Dec 2024,DEC 2024,4.8600,2.1100,70.5600,22.4800,92702.0000,Healthcare
CAPLIPOINT,Dec 2025,DEC 2025,6.5800,2.0500,70.5700,20.8100,93705.0000,Healthcare
CAPLIPOINT,Jun 2024,JUN 2024,3.3800,1.4900,70.5600,24.5900,80411.0000,Healthcare
CAPLIPOINT,Jun 2025,JUN 2025,6.1600,2.2200,70.5600,21.0600,94169.0000,Healthcare
CAPLIPOINT,Jun 2026,JUN 2026,5.7600,2.4900,70.5700,21.1900,94385.0000,Healthcare
CAPLIPOINT,Mar 2017,MAR 2017,5.1900,0.4600,69.0600,25.2900,21481.0000,Healthcare
CAPLIPOINT,Mar 2018,MAR 2018,6.2100,0.0900,69.0400,24.6600,24512.0000,Healthcare
CAPLIPOINT,Mar 2019,MAR 2019,7.3200,0.0100,69.0400,23.6300,26143.0000,Healthcare
CAPLIPOINT,Mar 2020,MAR 2020,4.4300,0.0400,69.0300,26.5000,30072.0000,Healthcare
CAPLIPOINT,Mar 2021,MAR 2021,0.6800,1.2800,69.0300,29.0100,68076.0000,Healthcare
CAPLIPOINT,Mar 2022,MAR 2022,2.0700,1.2500,68.8900,27.7800,83829.0000,Healthcare
CAPLIPOINT,Mar 2023,MAR 2023,2.3600,0.6400,70.6600,26.3300,82146.0000,Healthcare
CAPLIPOINT,Mar 2024,MAR 2024,3.3300,1.0800,70.6200,24.9500,81409.0000,Healthcare
CAPLIPOINT,Mar 2025,MAR 2025,5.7300,2.0000,70.5600,21.7200,96387.0000,Healthcare
CAPLIPOINT,Mar 2026,MAR 2026,6.1500,2.1400,70.5700,21.1400,93896.0000,Healthcare
CAPLIPOINT,Sep 2023,SEP 2023,3.0900,0.2100,70.6200,26.0800,78068.0000,Healthcare
CAPLIPOINT,Sep 2024,SEP 2024,3.7100,1.8300,70.5600,23.9300,96123.0000,Healthcare
CAPLIPOINT,Sep 2025,SEP 2025,6.5100,2.1000,70.5700,20.8200,93753.0000,Healthcare
CARBORUNIV,Dec 2023,DEC 2023,10.6300,29.8400,41.2700,18.2400,56669.0000,Capital Goods
CARBORUNIV,Dec 2024,DEC 2024,13.0100,28.1800,39.8200,18.9700,69300.0000,Capital Goods
CARBORUNIV,Dec 2025,DEC 2025,10.9800,30.0100,38.9000,20.1000,62427.0000,Capital Goods
CARBORUNIV,Jun 2024,JUN 2024,12.7600,28.2400,41.1600,17.8000,64342.0000,Capital Goods
CARBORUNIV,Jun 2025,JUN 2025,11.8100,29.2200,39.2300,19.7400,69834.0000,Capital Goods
CARBORUNIV,Jun 2026,JUN 2026,11.1300,29.0500,38.9000,20.9100,64977.0000,Capital Goods
CARBORUNIV,Mar 2016,MAR 2016,19.7700,15.5600,43.8200,20.8500,19111.0000,Capital Goods
CARBORUNIV,Mar 2017,MAR 2017,5.3400,20.3800,43.7600,30.5200,26678.0000,Capital Goods
CARBORUNIV,Mar 2018,MAR 2018,4.6200,23.6000,42.4200,29.3600,25864.0000,Capital Goods
CARBORUNIV,Mar 2019,MAR 2019,5.1300,23.7700,42.3700,28.7200,24604.0000,Capital Goods
CARBORUNIV,Mar 2020,MAR 2020,6.5400,28.2000,42.0500,23.2100,23457.0000,Capital Goods
CARBORUNIV,Mar 2021,MAR 2021,7.3700,28.0800,42.0100,22.5400,39281.0000,Capital Goods
CARBORUNIV,Mar 2022,MAR 2022,10.2000,26.3200,41.9400,21.5400,58662.0000,Capital Goods
CARBORUNIV,Mar 2023,MAR 2023,9.3600,28.8200,41.5200,20.2800,48734.0000,Capital Goods
CARBORUNIV,Mar 2024,MAR 2024,11.7200,29.0600,41.2400,17.9900,52943.0000,Capital Goods
CARBORUNIV,Mar 2025,MAR 2025,12.1100,28.8600,39.8200,19.2100,71711.0000,Capital Goods
CARBORUNIV,Mar 2026,MAR 2026,10.7300,29.4500,38.8900,20.9100,65914.0000,Capital Goods
CARBORUNIV,Sep 2023,SEP 2023,10.1500,29.7400,41.2800,18.8000,57101.0000,Capital Goods
CARBORUNIV,Sep 2024,SEP 2024,12.7100,28.0300,41.0500,18.2000,67734.0000,Capital Goods
CARBORUNIV,Sep 2025,SEP 2025,10.8700,29.8200,38.9600,20.3400,69083.0000,Capital Goods
CARTRADE,Dec 2023,DEC 2023,71.9300,4.3800,,23.6800,305593.0000,Consumer Services
CARTRADE,Dec 2024,DEC 2024,55.1200,19.6700,,25.2100,227256.0000,Consumer Services
CARTRADE,Dec 2025,DEC 2025,64.5800,9.9700,,25.4400,154468.0000,Consumer Services
CARTRADE,Jun 2024,JUN 2024,59.3100,12.9100,,27.7800,279172.0000,Consumer Services
CARTRADE,Jun 2025,JUN 2025,67.3000,10.4900,,22.2000,177058.0000,Consumer Services
CARTRADE,Jun 2026,JUN 2026,54.3700,15.6300,,29.9800,145505.0000,Consumer Services
CARTRADE,Mar 2022,MAR 2022,17.5500,6.2000,,76.2500,424642.0000,Consumer Services
CARTRADE,Mar 2023,MAR 2023,69.9500,4.5100,,25.5500,354671.0000,Consumer Services
CARTRADE,Mar 2024,MAR 2024,69.7100,4.9600,,25.3300,289384.0000,Consumer Services
CARTRADE,Mar 2025,MAR 2025,60.9600,15.3600,,23.6800,195201.0000,Consumer Services
CARTRADE,Mar 2026,MAR 2026,60.1500,12.0700,,27.7900,145442.0000,Consumer Services
CARTRADE,Sep 2023,SEP 2023,70.1400,4.5200,,25.3300,326417.0000,Consumer Services
CARTRADE,Sep 2024,SEP 2024,51.6300,22.0100,,26.3600,258990.0000,Consumer Services
CARTRADE,Sep 2025,SEP 2025,68.5100,9.9500,,21.5400,152103.0000,Consumer Services
CASTROLIND,Dec 2023,DEC 2023,10.3800,15.9200,51.0000,22.7000,339597.0000,Oil Gas & Consumable Fuels
CASTROLIND,Dec 2024,DEC 2024,9.5200,14.4600,51.0000,25.0200,506992.0000,Oil Gas & Consumable Fuels
CASTROLIND,Dec 2025,DEC 2025,9.6800,14.5800,51.0000,24.7300,529407.0000,Oil Gas & Consumable Fuels
CASTROLIND,Jun 2024,JUN 2024,9.9800,16.1100,51.0000,22.9000,398584.0000,Oil Gas & Consumable Fuels
CASTROLIND,Jun 2025,JUN 2025,10.3100,14.9200,51.0000,23.7500,541916.0000,Oil Gas & Consumable Fuels
CASTROLIND,Jun 2026,JUN 2026,8.1700,13.6300,51.0000,26.4100,541506.0000,Oil Gas & Consumable Fuels
CASTROLIND,Mar 2017,MAR 2017,11.4300,18.7000,51.0000,18.8700,115022.0000,Oil Gas & Consumable Fuels
CASTROLIND,Mar 2018,MAR 2018,10.6600,17.9400,51.0000,20.4000,167880.0000,Oil Gas & Consumable Fuels
CASTROLIND,Mar 2019,MAR 2019,11.1500,17.2500,51.0000,20.6000,185851.0000,Oil Gas & Consumable Fuels
CASTROLIND,Mar 2020,MAR 2020,11.8300,18.3400,51.0000,18.8300,192839.0000,Oil Gas & Consumable Fuels
CASTROLIND,Mar 2021,MAR 2021,11.6300,16.6900,51.0000,20.6800,236779.0000,Oil Gas & Consumable Fuels
CASTROLIND,Mar 2022,MAR 2022,11.1100,15.9900,51.0000,21.9000,296543.0000,Oil Gas & Consumable Fuels
CASTROLIND,Mar 2023,MAR 2023,11.4400,16.5600,51.0000,20.9900,285745.0000,Oil Gas & Consumable Fuels
CASTROLIND,Mar 2024,MAR 2024,9.5100,16.3700,51.0000,23.1100,377234.0000,Oil Gas & Consumable Fuels
CASTROLIND,Mar 2025,MAR 2025,10.6400,14.5700,51.0000,23.7900,528263.0000,Oil Gas & Consumable Fuels
CASTROLIND,Mar 2026,MAR 2026,8.4800,14.2000,51.0000,25.8500,544404.0000,Oil Gas & Consumable Fuels
CASTROLIND,Sep 2023,SEP 2023,10.9600,16.5100,51.0000,21.5200,301596.0000,Oil Gas & Consumable Fuels
CASTROLIND,Sep 2024,SEP 2024,10.0500,15.1900,51.0000,23.7700,488060.0000,Oil Gas & Consumable Fuels
CASTROLIND,Sep 2025,SEP 2025,10.2700,14.9500,51.0000,23.7800,527199.0000,Oil Gas & Consumable Fuels
CCL,Dec 2023,DEC 2023,7.7700,21.4400,46.2600,24.5400,61202.0000,Fast Moving Consumer Goods
CCL,Dec 2024,DEC 2024,10.1400,21.0600,46.0900,22.7300,52651.0000,Fast Moving Consumer Goods
CCL,Dec 2025,DEC 2025,11.0100,21.5300,46.1100,21.1100,60552.0000,Fast Moving Consumer Goods
CCL,Jun 2024,JUN 2024,9.7600,20.5700,46.0900,23.6000,58890.0000,Fast Moving Consumer Goods
CCL,Jun 2025,JUN 2025,10.6400,21.1900,46.0900,21.8000,54988.0000,Fast Moving Consumer Goods
CCL,Jun 2026,JUN 2026,12.0700,21.1000,46.1400,20.5400,63904.0000,Fast Moving Consumer Goods
CCL,Mar 2017,MAR 2017,22.1900,5.1100,44.7800,27.9200,15266.0000,Fast Moving Consumer Goods
CCL,Mar 2018,MAR 2018,25.5200,4.1600,45.0200,25.3000,17932.0000,Fast Moving Consumer Goods
CCL,Mar 2019,MAR 2019,27.5000,2.7600,45.2800,24.4600,19364.0000,Fast Moving Consumer Goods
CCL,Mar 2020,MAR 2020,15.8000,10.9500,45.8400,27.4100,28570.0000,Fast Moving Consumer Goods
CCL,Mar 2021,MAR 2021,12.3500,14.2700,46.1900,27.1900,38188.0000,Fast Moving Consumer Goods
CCL,Mar 2022,MAR 2022,8.1900,19.4500,46.2600,26.1000,67717.0000,Fast Moving Consumer Goods
CCL,Mar 2023,MAR 2023,7.7500,21.0600,46.2600,24.9500,57394.0000,Fast Moving Consumer Goods
CCL,Mar 2024,MAR 2024,8.1200,21.7300,46.2600,23.8900,55495.0000,Fast Moving Consumer Goods
CCL,Mar 2025,MAR 2025,10.2000,20.8800,46.0900,22.8200,52970.0000,Fast Moving Consumer Goods
CCL,Mar 2026,MAR 2026,11.2400,21.4300,46.1100,20.9700,62293.0000,Fast Moving Consumer Goods
CCL,Sep 2023,SEP 2023,7.7500,21.3900,46.2600,24.6100,64003.0000,Fast Moving Consumer Goods
CCL,Sep 2024,SEP 2024,10.1700,21.0100,46.0900,22.7300,53645.0000,Fast Moving Consumer Goods
CCL,Sep 2025,SEP 2025,10.5200,21.8300,46.1100,21.2900,55690.0000,Fast Moving Consumer Goods
CEATLTD,Dec 2023,DEC 2023,19.9900,14.2900,47.2100,18.5000,116509.0000,Automobile and Auto Components
CEATLTD,Dec 2024,DEC 2024,15.8300,20.5400,47.2100,16.4100,156333.0000,Automobile and Auto Components
CEATLTD,Dec 2025,DEC 2025,16.9200,20.4800,47.2100,15.1200,135290.0000,Automobile and Auto Components
CEATLTD,Jun 2024,JUN 2024,18.7600,17.0900,47.2100,16.9300,138315.0000,Automobile and Auto Components
CEATLTD,Jun 2025,JUN 2025,17.3900,20.0700,47.2100,15.3300,141661.0000,Automobile and Auto Components
CEATLTD,Jun 2026,JUN 2026,13.8200,22.1900,47.2900,16.4200,148990.0000,Automobile and Auto Components
CEATLTD,Mar 2017,MAR 2017,23.9100,7.5100,50.7600,17.7900,60175.0000,Automobile and Auto Components
CEATLTD,Mar 2018,MAR 2018,22.3100,11.7300,50.7600,15.1800,62874.0000,Automobile and Auto Components
CEATLTD,Mar 2019,MAR 2019,24.7500,7.5200,51.0800,16.6200,78932.0000,Automobile and Auto Components
CEATLTD,Mar 2020,MAR 2020,28.2100,8.8800,46.6900,16.2200,76455.0000,Automobile and Auto Components
CEATLTD,Mar 2021,MAR 2021,26.9700,13.6500,46.8200,12.5600,80075.0000,Automobile and Auto Components
CEATLTD,Mar 2022,MAR 2022,22.6600,11.6800,47.1100,18.5500,141725.0000,Automobile and Auto Components
CEATLTD,Mar 2023,MAR 2023,23.3000,13.6000,47.2100,15.9000,94232.0000,Automobile and Auto Components
CEATLTD,Mar 2024,MAR 2024,20.1600,15.9100,47.2100,16.7300,114397.0000,Automobile and Auto Components
CEATLTD,Mar 2025,MAR 2025,15.2800,21.5200,47.2100,15.9900,157285.0000,Automobile and Auto Components
CEATLTD,Mar 2026,MAR 2026,16.5500,20.9000,47.2900,14.9900,136374.0000,Automobile and Auto Components
CEATLTD,Sep 2023,SEP 2023,24.1000,12.9200,47.2100,15.7900,105875.0000,Automobile and Auto Components
CEATLTD,Sep 2024,SEP 2024,16.6500,19.7500,47.2100,16.3900,143063.0000,Automobile and Auto Components
CEATLTD,Sep 2025,SEP 2025,16.2100,21.0500,47.2100,15.3800,136233.0000,Automobile and Auto Components
CEMPRO,Dec 2023,DEC 2023,13.9000,1.9400,46.6400,37.5300,76050.0000,Construction
CEMPRO,Dec 2024,DEC 2024,17.0400,2.6000,46.6400,33.7200,107317.0000,Construction
CEMPRO,Dec 2025,DEC 2025,8.1900,1.5000,67.4600,22.8400,94807.0000,Construction
CEMPRO,Jun 2024,JUN 2024,20.0000,2.4400,46.6400,30.9200,86975.0000,Construction
CEMPRO,Jun 2025,JUN 2025,9.2100,0.7900,67.4600,22.5500,92686.0000,Construction
CEMPRO,Jun 2026,JUN 2026,7.2600,2.8600,67.4600,22.4000,90808.0000,Construction
CEMPRO,Mar 2017,MAR 2017,2.6900,23.6200,51.6300,22.0600,22552.0000,Construction
CEMPRO,Mar 2018,MAR 2018,2.9800,29.2400,46.6400,21.1400,31193.0000,Construction
CEMPRO,Mar 2019,MAR 2019,4.5900,28.0700,46.6400,20.7000,35220.0000,Construction
CEMPRO,Mar 2020,MAR 2020,6.7900,25.4400,46.6400,21.1300,35834.0000,Construction
CEMPRO,Mar 2021,MAR 2021,10.9100,20.3300,46.6400,22.1300,44245.0000,Construction
CEMPRO,Mar 2022,MAR 2022,10.5000,12.3100,46.6400,30.5500,55390.0000,Construction
CEMPRO,Mar 2023,MAR 2023,12.2300,5.0700,46.6400,36.0500,49858.0000,Construction
CEMPRO,Mar 2024,MAR 2024,17.0800,1.8200,46.6400,34.4600,78347.0000,Construction
CEMPRO,Mar 2025,MAR 2025,13.9500,6.1400,46.6400,33.2800,102140.0000,Construction
CEMPRO,Mar 2026,MAR 2026,7.3100,1.9400,67.4600,23.2800,90782.0000,Construction
CEMPRO,Sep 2023,SEP 2023,14.4200,3.3800,46.6400,35.5600,73005.0000,Construction
CEMPRO,Sep 2024,SEP 2024,20.9900,2.3200,46.6400,30.0600,108988.0000,Construction
CEMPRO,Sep 2025,SEP 2025,8.3600,0.7200,67.4600,23.4500,98422.0000,Construction
CESC,Dec 2023,DEC 2023,11.9500,21.4400,52.1100,14.4900,327212.0000,Power
CESC,Dec 2024,DEC 2024,12.3600,23.7500,52.1100,11.7800,410015.0000,Power
CESC,Dec 2025,DEC 2025,11.8800,25.6100,52.1100,10.3900,362407.0000,Power
CESC,Jun 2024,JUN 2024,13.5600,22.6300,52.1100,11.7000,332459.0000,Power
CESC,Jun 2025,JUN 2025,10.9300,25.3800,52.1100,11.5600,408741.0000,Power
CESC,Jun 2026,JUN 2026,11.4600,26.1400,52.1100,10.2600,346570.0000,Power
CESC,Mar 2017,MAR 2017,21.0800,20.2800,49.9200,8.7100,34598.0000,Power
CESC,Mar 2018,MAR 2018,13.3800,25.0800,49.9200,11.6100,50958.0000,Power
CESC,Mar 2019,MAR 2019,13.0400,25.3200,49.9200,11.7100,55670.0000,Power
CESC,Mar 2020,MAR 2020,18.4800,22.8100,49.9200,8.7800,54181.0000,Power
CESC,Mar 2021,MAR 2021,14.7000,23.8400,49.9200,11.5300,84055.0000,Power
CESC,Mar 2022,MAR 2022,13.8000,20.9900,52.1100,13.0900,296485.0000,Power
CESC,Mar 2023,MAR 2023,12.1800,21.7500,52.1100,13.9200,307794.0000,Power
CESC,Mar 2024,MAR 2024,12.9100,21.1200,52.1100,13.8300,363776.0000,Power
CESC,Mar 2025,MAR 2025,11.0100,25.1000,52.1100,11.7700,423004.0000,Power
CESC,Mar 2026,MAR 2026,11.6100,26.2400,52.1100,10.0500,347619.0000,Power
CESC,Sep 2023,SEP 2023,13.1400,20.0600,52.1100,14.6800,312839.0000,Power
CESC,Sep 2024,SEP 2024,13.3000,22.6300,52.1100,11.9600,405312.0000,Power
CESC,Sep 2025,SEP 2025,11.0900,25.6500,52.1100,11.1400,385958.0000,Power
CGPOWER,Dec 2023,DEC 2023,16.0500,9.1500,58.1200,16.6900,200497.0000,Capital Goods
CGPOWER,Dec 2024,DEC 2024,14.3000,11.9100,58.0600,15.7300,470500.0000,Capital Goods
CGPOWER,Dec 2025,DEC 2025,12.0200,17.5200,56.3600,14.0500,535803.0000,Capital Goods
CGPOWER,Jun 2024,JUN 2024,14.6400,11.0700,58.0900,16.1900,341820.0000,Capital Goods
CGPOWER,Jun 2025,JUN 2025,12.6900,14.2200,58.0500,15.0200,492418.0000,Capital Goods
CGPOWER,Jun 2026,JUN 2026,11.9700,18.2300,56.3600,13.3700,533530.0000,Capital Goods
CGPOWER,Mar 2017,MAR 2017,21.1700,30.5100,34.4200,13.9000,145317.0000,Capital Goods
CGPOWER,Mar 2018,MAR 2018,18.9600,30.7400,34.4200,15.8800,130653.0000,Capital Goods
CGPOWER,Mar 2019,MAR 2019,10.8600,32.1300,12.7900,44.2200,138514.0000,Capital Goods
CGPOWER,Mar 2020,MAR 2020,5.7600,40.2400,0.0000,54.0000,140980.0000,Capital Goods
CGPOWER,Mar 2021,MAR 2021,8.8000,7.3100,53.2400,30.6500,157997.0000,Capital Goods
CGPOWER,Mar 2022,MAR 2022,13.2300,5.2800,55.6500,25.8400,172334.0000,Capital Goods
CGPOWER,Mar 2023,MAR 2023,15.3900,7.1700,58.1200,19.3200,173059.0000,Capital Goods
CGPOWER,Mar 2024,MAR 2024,15.1800,10.0900,58.1100,16.6100,258587.0000,Capital Goods
CGPOWER,Mar 2025,MAR 2025,12.9700,13.5800,58.0600,15.3900,494916.0000,Capital Goods
CGPOWER,Mar 2026,MAR 2026,12.0300,18.0100,56.3600,13.5300,521349.0000,Capital Goods
CGPOWER,Sep 2023,SEP 2023,16.7400,7.8300,58.1200,17.3100,184064.0000,Capital Goods
CGPOWER,Sep 2024,SEP 2024,14.5800,11.4300,58.0700,15.9200,421250.0000,Capital Goods
CGPOWER,Sep 2025,SEP 2025,13.0200,16.2600,56.3700,14.3500,547043.0000,Capital Goods
CHALET,Dec 2023,DEC 2023,3.0900,20.7200,71.6900,4.5000,51812.0000,Consumer Services
CHALET,Dec 2024,DEC 2024,7.5200,21.2100,67.4100,3.8600,74831.0000,Consumer Services
CHALET,Dec 2025,DEC 2025,5.0800,23.9900,67.3300,3.6100,67682.0000,Consumer Services
CHALET,Jun 2024,JUN 2024,6.8100,21.4700,67.5200,4.2000,67068.0000,Consumer Services
CHALET,Jun 2025,JUN 2025,5.2900,23.9200,67.4000,3.3800,64175.0000,Consumer Services
CHALET,Jun 2026,JUN 2026,4.2600,24.9900,67.2900,3.4500,49687.0000,Consumer Services
CHALET,Mar 2019,MAR 2019,10.0500,15.8700,71.4100,2.6700,2697.0000,Consumer Services
CHALET,Mar 2020,MAR 2020,8.6000,18.7600,71.4100,1.2300,2869.0000,Consumer Services
CHALET,Mar 2021,MAR 2021,4.9900,17.7000,71.6500,5.6600,27357.0000,Consumer Services
CHALET,Mar 2022,MAR 2022,2.1400,20.9900,71.6500,5.2200,30692.0000,Consumer Services
CHALET,Mar 2023,MAR 2023,2.0400,22.5200,71.6500,3.7900,32414.0000,Consumer Services
CHALET,Mar 2024,MAR 2024,4.2400,19.6100,71.6600,4.4800,61454.0000,Consumer Services
CHALET,Mar 2025,MAR 2025,5.2300,23.9300,67.4100,3.4100,66181.0000,Consumer Services
CHALET,Mar 2026,MAR 2026,4.7100,24.5700,67.2900,3.4300,52522.0000,Consumer Services
CHALET,Sep 2023,SEP 2023,2.5100,21.8200,71.6900,3.9800,44003.0000,Consumer Services
CHALET,Sep 2024,SEP 2024,7.0400,21.4600,67.4800,4.0400,70466.0000,Consumer Services
CHALET,Sep 2025,SEP 2025,5.7300,23.4000,67.3400,3.5300,66228.0000,Consumer Services
CHAMBLFERT,Dec 2023,DEC 2023,13.3900,9.3500,60.5600,16.7000,238371.0000,Chemicals
CHAMBLFERT,Dec 2024,DEC 2024,18.1400,5.8200,60.4000,15.6300,242854.0000,Chemicals
CHAMBLFERT,Dec 2025,DEC 2025,15.6600,4.6600,60.8500,18.8500,260722.0000,Chemicals
CHAMBLFERT,Jun 2024,JUN 2024,15.6000,7.2900,60.7000,16.4100,253712.0000,Chemicals
CHAMBLFERT,Jun 2025,JUN 2025,17.1100,6.5700,60.5000,15.8300,252649.0000,Chemicals
CHAMBLFERT,Jun 2026,JUN 2026,14.9200,5.3400,61.3400,18.4000,264797.0000,Chemicals
CHAMBLFERT,Mar 2017,MAR 2017,6.4200,11.9400,57.8000,23.3100,149727.0000,Chemicals
CHAMBLFERT,Mar 2018,MAR 2018,6.8400,14.7300,58.3700,19.6500,129149.0000,Chemicals
CHAMBLFERT,Mar 2019,MAR 2019,6.4800,15.7900,58.7700,18.6400,118328.0000,Chemicals
CHAMBLFERT,Mar 2020,MAR 2020,6.5000,16.8500,59.8000,16.6300,118642.0000,Chemicals
CHAMBLFERT,Mar 2021,MAR 2021,7.0500,15.5300,60.3800,16.9000,146172.0000,Chemicals
CHAMBLFERT,Mar 2022,MAR 2022,13.4100,11.3300,60.4600,14.7200,208963.0000,Chemicals
CHAMBLFERT,Mar 2023,MAR 2023,9.0400,13.2700,60.5600,17.1000,235141.0000,Chemicals
CHAMBLFERT,Mar 2024,MAR 2024,15.0000,7.0700,60.7000,17.2500,248360.0000,Chemicals
CHAMBLFERT,Mar 2025,MAR 2025,20.1800,4.5900,60.4000,14.8300,234202.0000,Chemicals
CHAMBLFERT,Mar 2026,MAR 2026,15.1000,5.4000,61.2500,18.2700,257533.0000,Chemicals
CHAMBLFERT,Sep 2023,SEP 2023,10.8500,9.0400,60.5600,19.5500,262684.0000,Chemicals
CHAMBLFERT,Sep 2024,SEP 2024,15.3500,6.8700,60.4000,17.3800,265386.0000,Chemicals
CHAMBLFERT,Sep 2025,SEP 2025,18.3400,4.0100,60.5800,17.0700,252466.0000,Chemicals
CHENNPETRO,Dec 2023,DEC 2023,14.7000,1.2400,67.2900,16.7800,99496.0000,Oil Gas & Consumable Fuels
CHENNPETRO,Dec 2024,DEC 2024,11.0800,1.8100,67.2900,19.8300,185505.0000,Oil Gas & Consumable Fuels
CHENNPETRO,Dec 2025,DEC 2025,12.8700,1.0200,67.2900,18.8200,164969.0000,Oil Gas & Consumable Fuels
CHENNPETRO,Jun 2024,JUN 2024,15.7700,0.7900,67.2900,16.1400,117204.0000,Oil Gas & Consumable Fuels
CHENNPETRO,Jun 2025,JUN 2025,8.7800,2.4800,67.2900,21.4400,201668.0000,Oil Gas & Consumable Fuels
CHENNPETRO,Jun 2026,JUN 2026,14.9800,1.0100,67.2900,16.7100,149620.0000,Oil Gas & Consumable Fuels
CHENNPETRO,Mar 2017,MAR 2017,12.9400,8.3600,67.2900,11.4100,61194.0000,Oil Gas & Consumable Fuels
CHENNPETRO,Mar 2018,MAR 2018,10.6700,10.6600,67.2900,11.3800,69585.0000,Oil Gas & Consumable Fuels
CHENNPETRO,Mar 2019,MAR 2019,8.8100,13.5500,67.2900,10.3500,69145.0000,Oil Gas & Consumable Fuels
CHENNPETRO,Mar 2020,MAR 2020,3.9400,16.0300,67.2900,12.7400,68359.0000,Oil Gas & Consumable Fuels
CHENNPETRO,Mar 2021,MAR 2021,0.7100,6.5500,67.2900,25.4500,85027.0000,Oil Gas & Consumable Fuels
CHENNPETRO,Mar 2022,MAR 2022,3.3700,5.3600,67.2900,23.9800,82407.0000,Oil Gas & Consumable Fuels
CHENNPETRO,Mar 2023,MAR 2023,7.6700,3.4000,67.2900,21.6300,101135.0000,Oil Gas & Consumable Fuels
CHENNPETRO,Mar 2024,MAR 2024,15.8600,0.7500,67.2900,16.1100,106619.0000,Oil Gas & Consumable Fuels
CHENNPETRO,Mar 2025,MAR 2025,10.5800,2.2400,67.2900,19.8900,206734.0000,Oil Gas & Consumable Fuels
CHENNPETRO,Mar 2026,MAR 2026,12.5900,2.1100,67.2900,18.0000,154303.0000,Oil Gas & Consumable Fuels
CHENNPETRO,Sep 2023,SEP 2023,11.3700,1.7600,67.2900,19.5900,101030.0000,Oil Gas & Consumable Fuels
CHENNPETRO,Sep 2024,SEP 2024,16.1700,0.3000,67.2900,16.2500,142073.0000,Oil Gas & Consumable Fuels
CHENNPETRO,Sep 2025,SEP 2025,8.8000,2.6000,67.2900,21.3100,177682.0000,Oil Gas & Consumable Fuels
CIEINDIA,Dec 2023,DEC 2023,5.6300,15.9800,65.7000,12.6600,136385.0000,Automobile and Auto Components
CIEINDIA,Dec 2024,DEC 2024,4.4700,20.7200,65.7000,9.0700,126309.0000,Automobile and Auto Components
CIEINDIA,Dec 2025,DEC 2025,4.3200,21.6400,65.7000,8.2900,103202.0000,Automobile and Auto Components
CIEINDIA,Jun 2024,JUN 2024,5.0300,19.4500,65.7000,9.7800,124046.0000,Automobile and Auto Components
CIEINDIA,Jun 2025,JUN 2025,4.1500,21.4800,65.7000,8.6100,121265.0000,Automobile and Auto Components
CIEINDIA,Jun 2026,JUN 2026,4.9500,20.6500,65.7000,8.6500,110555.0000,Automobile and Auto Components
CIEINDIA,Mar 2017,MAR 2017,5.1900,6.3100,69.9100,18.5900,55790.0000,Automobile and Auto Components
CIEINDIA,Mar 2018,MAR 2018,5.5900,7.7800,69.8400,16.7900,67604.0000,Automobile and Auto Components
CIEINDIA,Mar 2019,MAR 2019,10.1000,7.0600,67.7200,15.1100,64363.0000,Automobile and Auto Components
CIEINDIA,Mar 2020,MAR 2020,14.8500,6.7800,67.7200,10.6500,55549.0000,Automobile and Auto Components
CIEINDIA,Mar 2021,MAR 2021,14.8000,3.5600,71.6100,10.0200,63088.0000,Automobile and Auto Components
CIEINDIA,Mar 2022,MAR 2022,10.6600,7.3900,72.1700,9.7800,80016.0000,Automobile and Auto Components
CIEINDIA,Mar 2023,MAR 2023,8.6200,11.1900,68.9000,11.2600,109332.0000,Automobile and Auto Components
CIEINDIA,Mar 2024,MAR 2024,5.1100,18.1200,65.7000,11.0300,134185.0000,Automobile and Auto Components
CIEINDIA,Mar 2025,MAR 2025,4.3800,20.9100,65.7000,8.9800,124238.0000,Automobile and Auto Components
CIEINDIA,Mar 2026,MAR 2026,4.7300,21.3200,65.7000,8.2000,100114.0000,Automobile and Auto Components
CIEINDIA,Sep 2023,SEP 2023,6.6100,15.4000,65.7000,12.2600,118920.0000,Automobile and Auto Components
CIEINDIA,Sep 2024,SEP 2024,4.3200,20.3300,65.7000,9.6000,125648.0000,Automobile and Auto Components
CIEINDIA,Sep 2025,SEP 2025,4.2300,21.5200,65.7000,8.5000,106089.0000,Automobile and Auto Components
CIPLA,Dec 2023,DEC 2023,25.7300,24.0500,33.4600,16.5300,425731.0000,Healthcare
CIPLA,Dec 2024,DEC 2024,26.6500,27.4900,29.1900,16.4300,525114.0000,Healthcare
CIPLA,Dec 2025,DEC 2025,23.9300,30.4500,29.2200,16.1200,540521.0000,Healthcare
CIPLA,Jun 2024,JUN 2024,27.8200,24.6600,30.9100,16.4000,463569.0000,Healthcare
CIPLA,Jun 2025,JUN 2025,25.2400,28.9800,29.1900,16.3000,549655.0000,Healthcare
CIPLA,Jun 2026,JUN 2026,20.2000,34.3500,29.2200,15.9300,578679.0000,Healthcare
CIPLA,Mar 2017,MAR 2017,20.2000,15.8500,37.4800,26.4700,220759.0000,Healthcare
CIPLA,Mar 2018,MAR 2018,24.1800,13.9200,37.2100,24.6900,201096.0000,Healthcare
CIPLA,Mar 2019,MAR 2019,26.6300,14.1800,36.7000,22.4900,213139.0000,Healthcare
CIPLA,Mar 2020,MAR 2020,17.9800,22.6300,36.6800,22.7100,242910.0000,Healthcare
CIPLA,Mar 2021,MAR 2021,23.2600,17.1700,36.7300,22.8400,364796.0000,Healthcare
CIPLA,Mar 2022,MAR 2022,26.6500,21.9900,33.6300,17.7300,418584.0000,Healthcare
CIPLA,Mar 2023,MAR 2023,27.4200,21.8300,33.5500,16.9900,475293.0000,Healthcare
CIPLA,Mar 2024,MAR 2024,25.8200,24.1500,33.4600,16.3600,436154.0000,Healthcare
CIPLA,Mar 2025,MAR 2025,26.2800,27.8900,29.2000,16.3600,543420.0000,Healthcare
CIPLA,Mar 2026,MAR 2026,22.5500,31.7100,29.2200,16.2600,584217.0000,Healthcare
CIPLA,Sep 2023,SEP 2023,25.7400,23.9000,33.4600,16.6800,426863.0000,Healthcare
CIPLA,Sep 2024,SEP 2024,28.8000,23.9500,30.9300,16.1100,470234.0000,Healthcare
CIPLA,Sep 2025,SEP 2025,24.5400,29.9800,29.2200,15.9900,534587.0000,Healthcare
CLEAN,Dec 2023,DEC 2023,5.9200,5.1300,74.9800,13.9800,278653.0000,Chemicals
CLEAN,Dec 2024,DEC 2024,5.9800,5.4600,74.9700,13.5900,246798.0000,Chemicals
CLEAN,Dec 2025,DEC 2025,10.0100,19.7600,50.9600,19.2600,243606.0000,Chemicals
CLEAN,Jun 2024,JUN 2024,6.0500,4.5500,74.9800,14.4200,273841.0000,Chemicals
CLEAN,Jun 2025,JUN 2025,6.2100,5.9200,74.9600,12.9100,225484.0000,Chemicals
CLEAN,Jun 2026,JUN 2026,13.3700,16.2300,51.2900,19.1100,241947.0000,Chemicals
CLEAN,Mar 2022,MAR 2022,5.1800,4.0200,78.5100,12.2900,263593.0000,Chemicals
CLEAN,Mar 2023,MAR 2023,3.9900,4.7600,78.5000,12.7400,270823.0000,Chemicals
CLEAN,Mar 2024,MAR 2024,5.8800,5.0400,74.9800,14.1100,279395.0000,Chemicals
CLEAN,Mar 2025,MAR 2025,6.0700,5.7700,74.9600,13.2100,237016.0000,Chemicals
CLEAN,Mar 2026,MAR 2026,13.3800,17.1400,51.2900,18.1700,237113.0000,Chemicals
CLEAN,Sep 2023,SEP 2023,6.0100,5.2300,74.9800,13.7900,285259.0000,Chemicals
CLEAN,Sep 2024,SEP 2024,5.8300,4.7700,74.9700,14.4300,254629.0000,Chemicals
CLEAN,Sep 2025,SEP 2025,11.1400,18.9700,50.9600,18.9100,239974.0000,Chemicals
COALINDIA,Dec 2023,DEC 2023,8.5900,23.0600,63.1300,5.1000,1380104.0000,Oil Gas & Consumable Fuels
COALINDIA,Dec 2024,DEC 2024,8.5800,22.5900,63.1300,5.5900,2223442.0000,Oil Gas & Consumable Fuels
COALINDIA,Dec 2025,DEC 2025,8.2200,22.5300,63.1300,5.9800,2795663.0000,Oil Gas & Consumable Fuels
COALINDIA,Jun 2024,JUN 2024,8.3900,23.1500,63.1300,5.2100,1749437.0000,Oil Gas & Consumable Fuels
COALINDIA,Jun 2025,JUN 2025,8.1600,22.6600,63.1300,5.9300,2307450.0000,Oil Gas & Consumable Fuels
COALINDIA,Jun 2026,JUN 2026,10.3700,22.2000,61.1300,6.1800,2551169.0000,Oil Gas & Consumable Fuels
COALINDIA,Mar 2017,MAR 2017,6.4600,11.6700,78.8600,3.0100,672124.0000,Oil Gas & Consumable Fuels
COALINDIA,Mar 2018,MAR 2018,5.4800,12.8600,78.5500,3.1100,629145.0000,Oil Gas & Consumable Fuels
COALINDIA,Mar 2019,MAR 2019,7.1300,18.9600,70.9600,2.9500,656584.0000,Oil Gas & Consumable Fuels
COALINDIA,Mar 2020,MAR 2020,8.2000,22.0000,66.1300,3.5900,739029.0000,Oil Gas & Consumable Fuels
COALINDIA,Mar 2021,MAR 2021,6.5000,21.8500,66.1300,5.4500,1002342.0000,Oil Gas & Consumable Fuels
COALINDIA,Mar 2022,MAR 2022,6.9400,21.7600,66.1300,5.0700,1244087.0000,Oil Gas & Consumable Fuels
COALINDIA,Mar 2023,MAR 2023,7.8400,21.0500,66.1300,4.9000,1324238.0000,Oil Gas & Consumable Fuels
COALINDIA,Mar 2024,MAR 2024,8.4100,23.1800,63.1300,5.1600,1575608.0000,Oil Gas & Consumable Fuels
COALINDIA,Mar 2025,MAR 2025,7.7400,23.3500,63.1300,5.6800,2279035.0000,Oil Gas & Consumable Fuels
COALINDIA,Mar 2026,MAR 2026,8.3800,22.7600,63.1300,5.6200,2632588.0000,Oil Gas & Consumable Fuels
COALINDIA,Sep 2023,SEP 2023,7.8000,24.0700,63.1300,4.9100,1317699.0000,Oil Gas & Consumable Fuels
COALINDIA,Sep 2024,SEP 2024,9.1600,22.5600,63.1300,5.0200,1995555.0000,Oil Gas & Consumable Fuels
COALINDIA,Sep 2025,SEP 2025,7.9600,22.8000,63.1300,5.9800,2322686.0000,Oil Gas & Consumable Fuels
COCHINSHIP,Dec 2023,DEC 2023,4.1100,2.2000,72.8600,20.8400,292212.0000,Capital Goods
COCHINSHIP,Dec 2024,DEC 2024,2.9100,6.6300,67.9100,22.5400,981567.0000,Capital Goods
COCHINSHIP,Dec 2025,DEC 2025,2.7400,6.4700,67.9100,22.8800,990291.0000,Capital Goods
COCHINSHIP,Jun 2024,JUN 2024,4.9400,2.5000,72.8600,19.7100,634075.0000,Capital Goods
COCHINSHIP,Jun 2025,JUN 2025,3.8700,6.3300,67.9100,21.9000,1011541.0000,Capital Goods
COCHINSHIP,Jun 2026,JUN 2026,2.8300,6.9600,67.9100,22.3000,966293.0000,Capital Goods
COCHINSHIP,Mar 2018,MAR 2018,3.4600,11.1100,75.0000,10.4300,169329.0000,Capital Goods
COCHINSHIP,Mar 2019,MAR 2019,2.9900,9.7700,75.2100,12.0300,168507.0000,Capital Goods
COCHINSHIP,Mar 2020,MAR 2020,2.0700,13.0700,72.8600,12.0000,154780.0000,Capital Goods
COCHINSHIP,Mar 2021,MAR 2021,2.1700,7.3600,72.8600,17.6000,168284.0000,Capital Goods
COCHINSHIP,Mar 2022,MAR 2022,2.7300,4.2900,72.8600,20.1200,171090.0000,Capital Goods
COCHINSHIP,Mar 2023,MAR 2023,6.2800,3.7800,72.8600,17.0700,169264.0000,Capital Goods
COCHINSHIP,Mar 2024,MAR 2024,5.2300,2.4500,72.8600,19.4700,396327.0000,Capital Goods
COCHINSHIP,Mar 2025,MAR 2025,2.8800,6.8200,67.9100,22.3900,1011970.0000,Capital Goods
COCHINSHIP,Mar 2026,MAR 2026,3.1000,6.0500,67.9100,22.9500,986156.0000,Capital Goods
COCHINSHIP,Sep 2023,SEP 2023,5.8200,2.2400,72.8600,19.0700,266437.0000,Capital Goods
COCHINSHIP,Sep 2024,SEP 2024,3.8400,3.0000,72.8600,20.3100,841968.0000,Capital Goods
COCHINSHIP,Sep 2025,SEP 2025,3.2200,6.4800,67.9100,22.3800,1003930.0000,Capital Goods
COFORGE,Dec 2023,DEC 2023,34.0400,55.0200,,10.9500,117844.0000,Information Technology
COFORGE,Dec 2024,DEC 2024,42.5500,47.8600,,9.5800,137170.0000,Information Technology
COFORGE,Dec 2025,DEC 2025,34.5300,53.6700,,11.8000,243366.0000,Information Technology
COFORGE,Jun 2024,JUN 2024,41.4300,47.2900,,11.2800,163357.0000,Information Technology
COFORGE,Jun 2025,JUN 2025,37.4200,52.3200,,10.2500,185865.0000,Information Technology
COFORGE,Jun 2026,JUN 2026,24.3100,42.6200,0.0000,33.0700,340980.0000,Information Technology
COFORGE,Mar 2017,MAR 2017,28.9100,23.4400,30.7200,16.9300,43273.0000,Information Technology
COFORGE,Mar 2018,MAR 2018,40.7200,15.1800,30.6700,13.3100,34926.0000,Information Technology
COFORGE,Mar 2019,MAR 2019,40.6100,16.0500,30.5100,12.6900,37747.0000,Information Technology
COFORGE,Mar 2020,MAR 2020,14.4900,6.8000,70.1000,8.6100,38110.0000,Information Technology
COFORGE,Mar 2021,MAR 2021,14.6200,11.8500,63.9900,9.5400,51906.0000,Information Technology
COFORGE,Mar 2022,MAR 2022,22.4000,25.6800,40.0900,11.8300,142049.0000,Information Technology
COFORGE,Mar 2023,MAR 2023,25.4000,32.2000,30.1600,12.2300,146685.0000,Information Technology
COFORGE,Mar 2024,MAR 2024,35.0000,54.2900,0.0000,10.6900,126739.0000,Information Technology
COFORGE,Mar 2025,MAR 2025,40.2100,49.9300,0.0000,9.8600,144175.0000,Information Technology
COFORGE,Mar 2026,MAR 2026,30.6600,56.1800,0.0000,13.1600,293510.0000,Information Technology
COFORGE,Sep 2023,SEP 2023,34.3700,54.2800,,11.3500,123330.0000,Information Technology
COFORGE,Sep 2024,SEP 2024,42.0900,48.1500,,9.7500,137768.0000,Information Technology
COFORGE,Sep 2025,SEP 2025,34.0900,54.8700,,11.0300,223492.0000,Information Technology
COHANCE,Dec 2023,DEC 2023,10.1400,15.9400,60.0000,13.9300,70052.0000,Healthcare
COHANCE,Dec 2024,DEC 2024,10.8400,16.6700,50.1000,22.3700,84210.0000,Healthcare
COHANCE,Dec 2025,DEC 2025,6.0100,21.5700,57.4900,14.9100,81877.0000,Healthcare
COHANCE,Jun 2024,JUN 2024,9.8000,17.4200,50.1000,22.6700,65777.0000,Healthcare
COHANCE,Jun 2025,JUN 2025,7.2300,11.4000,66.4100,14.9500,80910.0000,Healthcare
COHANCE,Jun 2026,JUN 2026,6.5000,20.0900,57.4900,15.9200,99149.0000,Healthcare
COHANCE,Mar 2020,MAR 2020,0.0000,8.1900,60.0000,31.8100,60684.0000,Healthcare
COHANCE,Mar 2021,MAR 2021,6.9300,5.5200,60.0000,27.5500,75207.0000,Healthcare
COHANCE,Mar 2022,MAR 2022,8.5600,6.5600,60.0000,24.8800,85725.0000,Healthcare
COHANCE,Mar 2023,MAR 2023,9.4700,11.4300,60.0000,19.1000,72885.0000,Healthcare
COHANCE,Mar 2024,MAR 2024,9.5400,17.2400,50.1000,23.1100,68932.0000,Healthcare
COHANCE,Mar 2025,MAR 2025,11.0500,16.6000,50.1000,22.2400,86325.0000,Healthcare
COHANCE,Mar 2026,MAR 2026,5.5900,21.7900,57.4900,15.1100,85230.0000,Healthcare
COHANCE,Sep 2023,SEP 2023,10.0100,14.1300,60.0000,15.8500,73715.0000,Healthcare
COHANCE,Sep 2024,SEP 2024,10.7000,16.9500,50.1000,22.2600,69337.0000,Healthcare
COHANCE,Sep 2025,SEP 2025,6.5100,20.8100,57.4900,15.1600,75284.0000,Healthcare
COLPAL,Dec 2023,DEC 2023,24.6200,5.6000,51.0000,18.5000,238200.0000,Fast Moving Consumer Goods
COLPAL,Dec 2024,DEC 2024,23.7200,6.5700,51.0000,18.4400,265337.0000,Fast Moving Consumer Goods
COLPAL,Dec 2025,DEC 2025,15.1800,13.5000,51.0000,20.0300,337608.0000,Fast Moving Consumer Goods
COLPAL,Jun 2024,JUN 2024,24.4400,5.7200,51.0000,18.5400,248801.0000,Fast Moving Consumer Goods
COLPAL,Jun 2025,JUN 2025,20.3900,9.3400,51.0000,19.0000,305222.0000,Fast Moving Consumer Goods
COLPAL,Jun 2026,JUN 2026,13.6000,15.5400,51.0000,19.5700,326817.0000,Fast Moving Consumer Goods
COLPAL,Mar 2017,MAR 2017,16.2500,9.0500,51.0000,23.7000,176245.0000,Fast Moving Consumer Goods
COLPAL,Mar 2018,MAR 2018,12.6600,14.0000,51.0000,22.1400,163724.0000,Fast Moving Consumer Goods
COLPAL,Mar 2019,MAR 2019,15.3700,10.1800,51.0000,23.2500,175724.0000,Fast Moving Consumer Goods
COLPAL,Mar 2020,MAR 2020,16.1900,9.9600,51.0000,22.6500,213510.0000,Fast Moving Consumer Goods
COLPAL,Mar 2021,MAR 2021,16.9000,10.0200,51.0000,21.8000,229327.0000,Fast Moving Consumer Goods
COLPAL,Mar 2022,MAR 2022,18.6400,8.0700,51.0000,22.0100,307586.0000,Fast Moving Consumer Goods
COLPAL,Mar 2023,MAR 2023,21.5000,7.3400,51.0000,19.8700,266827.0000,Fast Moving Consumer Goods
COLPAL,Mar 2024,MAR 2024,24.5100,5.8200,51.0000,18.3800,231061.0000,Fast Moving Consumer Goods
COLPAL,Mar 2025,MAR 2025,22.2300,7.8400,51.0000,18.6500,282973.0000,Fast Moving Consumer Goods
COLPAL,Mar 2026,MAR 2026,13.6000,15.2500,51.0000,19.8700,333741.0000,Fast Moving Consumer Goods
COLPAL,Sep 2023,SEP 2023,24.0800,5.5900,51.0000,19.0300,237907.0000,Fast Moving Consumer Goods
COLPAL,Sep 2024,SEP 2024,24.9400,5.5500,51.0000,18.2200,239193.0000,Fast Moving Consumer Goods
COLPAL,Sep 2025,SEP 2025,17.1600,11.9500,51.0000,19.5900,332409.0000,Fast Moving Consumer Goods
CONCOR,Dec 2023,DEC 2023,19.5500,22.7600,54.8000,2.7700,119870.0000,Services
CONCOR,Dec 2024,DEC 2024,13.4700,25.7000,54.8000,5.9400,318196.0000,Services
CONCOR,Dec 2025,DEC 2025,9.0500,28.6800,54.8000,7.4500,362999.0000,Services
CONCOR,Jun 2024,JUN 2024,16.1500,24.7100,54.8000,4.2300,192067.0000,Services
CONCOR,Jun 2025,JUN 2025,12.7400,26.1200,54.8000,6.2700,340662.0000,Services
CONCOR,Jun 2026,JUN 2026,7.8500,29.8500,54.8000,7.4900,357912.0000,Services
CONCOR,Mar 2017,MAR 2017,27.0800,14.3700,54.8000,3.7500,50214.0000,Services
CONCOR,Mar 2018,MAR 2018,25.1600,15.9500,54.8000,4.0100,51064.0000,Services
CONCOR,Mar 2019,MAR 2019,28.5200,12.0500,54.8000,4.5400,61255.0000,Services
CONCOR,Mar 2020,MAR 2020,26.8400,13.5600,54.8000,4.6500,78027.0000,Services
CONCOR,Mar 2021,MAR 2021,24.0000,16.3500,54.8000,4.7000,107227.0000,Services
CONCOR,Mar 2022,MAR 2022,23.5400,16.9000,54.8000,4.6500,135854.0000,Services
CONCOR,Mar 2023,MAR 2023,22.2400,19.1500,54.8000,3.7000,145106.0000,Services
CONCOR,Mar 2024,MAR 2024,16.6300,24.8800,54.8000,3.5700,136322.0000,Services
CONCOR,Mar 2025,MAR 2025,13.1000,26.1900,54.8000,5.8300,325984.0000,Services
CONCOR,Mar 2026,MAR 2026,8.3200,29.7700,54.8000,7.1000,357604.0000,Services
CONCOR,Sep 2023,SEP 2023,20.6900,21.4600,54.8000,2.9300,128133.0000,Services
CONCOR,Sep 2024,SEP 2024,13.6500,25.7300,54.8000,5.7300,301984.0000,Services
CONCOR,Sep 2025,SEP 2025,12.3800,25.8200,54.8000,7.0100,361245.0000,Services
CONCORDBIO,Dec 2023,DEC 2023,7.0000,8.4000,44.0800,40.5200,87486.0000,Healthcare
CONCORDBIO,Dec 2024,DEC 2024,8.3300,9.6500,44.0800,37.9300,82004.0000,Healthcare
CONCORDBIO,Dec 2025,DEC 2025,7.5800,9.5800,44.0800,38.7500,81815.0000,Healthcare
CONCORDBIO,Jun 2024,JUN 2024,7.1100,10.3500,44.0800,38.4600,80737.0000,Healthcare
CONCORDBIO,Jun 2025,JUN 2025,9.1000,8.8500,44.0800,37.9400,82045.0000,Healthcare
CONCORDBIO,Jun 2026,JUN 2026,7.5300,9.3700,44.0800,39.0400,83325.0000,Healthcare
CONCORDBIO,Mar 2024,MAR 2024,6.4900,8.4100,44.0800,41.0300,83296.0000,Healthcare
CONCORDBIO,Mar 2025,MAR 2025,9.3500,9.1600,44.0800,37.4100,81219.0000,Healthcare
CONCORDBIO,Mar 2026,MAR 2026,7.7900,9.2200,44.0800,38.9000,82249.0000,Healthcare
CONCORDBIO,Sep 2023,SEP 2023,7.3000,8.1200,44.0800,40.5000,100927.0000,Healthcare
CONCORDBIO,Sep 2024,SEP 2024,8.1000,9.8900,44.0800,37.9500,84298.0000,Healthcare
CONCORDBIO,Sep 2025,SEP 2025,8.0300,9.5500,44.0800,38.3200,82650.0000,Healthcare
COROMANDEL,Dec 2023,DEC 2023,7.7100,20.2200,57.3300,14.7400,126628.0000,Chemicals
COROMANDEL,Dec 2024,DEC 2024,8.3300,21.0100,56.9600,13.6800,140959.0000,Chemicals
COROMANDEL,Dec 2025,DEC 2025,13.7900,16.6900,56.8600,12.5400,134655.0000,Chemicals
COROMANDEL,Jun 2024,JUN 2024,7.5200,20.7900,57.3200,14.3900,136497.0000,Chemicals
COROMANDEL,Jun 2025,JUN 2025,14.2800,15.8600,56.9000,12.8500,143623.0000,Chemicals
COROMANDEL,Jun 2026,JUN 2026,11.5000,19.9200,56.3500,12.0700,130118.0000,Chemicals
COROMANDEL,Mar 2017,MAR 2017,5.1600,7.5800,61.9900,25.2800,60363.0000,Chemicals
COROMANDEL,Mar 2018,MAR 2018,5.5800,10.4900,61.8100,22.1200,55905.0000,Chemicals
COROMANDEL,Mar 2019,MAR 2019,4.1300,13.7800,61.7800,20.3100,56929.0000,Chemicals
COROMANDEL,Mar 2020,MAR 2020,3.5000,19.7100,61.6300,15.1600,56358.0000,Chemicals
COROMANDEL,Mar 2021,MAR 2021,7.7300,20.5900,57.5600,14.1200,101161.0000,Chemicals
COROMANDEL,Mar 2022,MAR 2022,7.0800,21.2300,57.5300,14.1700,115440.0000,Chemicals
COROMANDEL,Mar 2023,MAR 2023,9.4000,18.8600,57.4100,14.3300,132103.0000,Chemicals
COROMANDEL,Mar 2024,MAR 2024,7.3400,20.6300,57.3300,14.7000,136412.0000,Chemicals
COROMANDEL,Mar 2025,MAR 2025,10.6100,18.9700,56.9600,13.4400,143560.0000,Chemicals
COROMANDEL,Mar 2026,MAR 2026,13.0200,18.1900,56.3500,12.2400,137335.0000,Chemicals
COROMANDEL,Sep 2023,SEP 2023,7.1800,21.1100,57.3400,14.3700,123639.0000,Chemicals
COROMANDEL,Sep 2024,SEP 2024,7.7900,21.2600,57.1700,13.7700,141349.0000,Chemicals
COROMANDEL,Sep 2025,SEP 2025,14.5100,15.7800,56.8800,12.7300,145222.0000,Chemicals
CPPLUS,Dec 2025,DEC 2025,4.3700,10.1900,76.9100,8.5300,38806.0000,Capital Goods
CPPLUS,Jun 2026,JUN 2026,6.3500,13.6100,74.7100,5.3400,58182.0000,Capital Goods
CPPLUS,Mar 2026,MAR 2026,5.7200,14.7500,74.7500,4.7800,36773.0000,Capital Goods
CPPLUS,Sep 2025,SEP 2025,4.4400,10.0600,77.1200,8.3800,39981.0000,Capital Goods
CRAFTSMAN,Dec 2023,DEC 2023,12.5200,17.2300,54.9900,15.2600,82695.0000,Automobile and Auto Components
CRAFTSMAN,Dec 2024,DEC 2024,16.9900,21.0000,48.7000,13.3000,74061.0000,Automobile and Auto Components
CRAFTSMAN,Dec 2025,DEC 2025,16.0200,25.2500,48.7000,10.0400,64694.0000,Automobile and Auto Components
CRAFTSMAN,Jun 2024,JUN 2024,15.7600,21.4500,48.7000,14.0800,79498.0000,Automobile and Auto Components
CRAFTSMAN,Jun 2025,JUN 2025,15.8300,22.6700,48.7000,12.8100,65341.0000,Automobile and Auto Components
CRAFTSMAN,Jun 2026,JUN 2026,17.2800,32.9000,42.4100,7.4100,64028.0000,Automobile and Auto Components
CRAFTSMAN,Mar 2021,MAR 2021,3.8300,12.5200,59.7600,23.8900,135581.0000,Automobile and Auto Components
CRAFTSMAN,Mar 2022,MAR 2022,3.5500,14.8200,59.7600,21.8700,60140.0000,Automobile and Auto Components
CRAFTSMAN,Mar 2023,MAR 2023,8.7900,16.5500,58.7700,15.8700,76214.0000,Automobile and Auto Components
CRAFTSMAN,Mar 2024,MAR 2024,12.5500,16.0000,54.9900,16.4500,85914.0000,Automobile and Auto Components
CRAFTSMAN,Mar 2025,MAR 2025,15.6400,22.7200,48.7000,12.9400,72908.0000,Automobile and Auto Components
CRAFTSMAN,Mar 2026,MAR 2026,15.1900,28.2900,48.7000,7.8200,59164.0000,Automobile and Auto Components
CRAFTSMAN,Sep 2023,SEP 2023,12.6800,17.2800,54.9900,15.0400,79176.0000,Automobile and Auto Components
CRAFTSMAN,Sep 2024,SEP 2024,16.6100,21.5300,48.7000,13.1400,72494.0000,Automobile and Auto Components
CRAFTSMAN,Sep 2025,SEP 2025,15.4400,24.3700,48.7000,11.4900,59949.0000,Automobile and Auto Components
CROMPTON,Dec 2023,DEC 2023,35.5800,47.7500,,16.4200,253625.0000,Consumer Durables
CROMPTON,Dec 2024,DEC 2024,34.4100,53.0400,,12.5400,236502.0000,Consumer Durables
CROMPTON,Dec 2025,DEC 2025,20.5500,65.7300,,13.7100,313526.0000,Consumer Durables
CROMPTON,Jun 2024,JUN 2024,34.3700,51.6300,,14.0100,216741.0000,Consumer Durables
CROMPTON,Jun 2025,JUN 2025,29.2000,58.9300,,11.8800,260723.0000,Consumer Durables
CROMPTON,Jun 2026,JUN 2026,19.8900,66.4600,0.0000,13.6300,305022.0000,Consumer Durables
CROMPTON,Mar 2017,MAR 2017,29.0900,19.5800,34.3800,16.9500,110038.0000,Consumer Durables
CROMPTON,Mar 2018,MAR 2018,34.7900,15.4500,34.3800,15.3800,103491.0000,Consumer Durables
CROMPTON,Mar 2019,MAR 2019,30.4700,18.9000,34.3700,16.2600,107003.0000,Consumer Durables
CROMPTON,Mar 2020,MAR 2020,30.5100,26.6800,26.1900,16.6100,105392.0000,Consumer Durables
CROMPTON,Mar 2021,MAR 2021,39.1800,38.6900,11.3600,10.7700,117986.0000,Consumer Durables
CROMPTON,Mar 2022,MAR 2022,38.0000,44.3900,5.9400,11.6700,171074.0000,Consumer Durables
CROMPTON,Mar 2023,MAR 2023,39.6400,44.1700,0.0000,15.9700,200944.0000,Consumer Durables
CROMPTON,Mar 2024,MAR 2024,32.1800,51.4700,0.0000,16.3600,249391.0000,Consumer Durables
CROMPTON,Mar 2025,MAR 2025,30.3300,57.0500,0.0000,12.6200,246467.0000,Consumer Durables
CROMPTON,Mar 2026,MAR 2026,20.4900,66.1100,0.0000,13.3700,312417.0000,Consumer Durables
CROMPTON,Sep 2023,SEP 2023,35.6600,47.4600,,16.6500,245776.0000,Consumer Durables
CROMPTON,Sep 2024,SEP 2024,36.0200,50.0100,,13.9700,244683.0000,Consumer Durables
CROMPTON,Sep 2025,SEP 2025,25.5600,61.2400,,13.1800,284540.0000,Consumer Durables
CYIENT,Dec 2023,DEC 2023,34.1100,22.6900,23.2000,19.1300,160921.0000,Information Technology
CYIENT,Dec 2024,DEC 2024,28.2300,30.3200,23.1400,17.5000,176902.0000,Information Technology
CYIENT,Dec 2025,DEC 2025,15.2800,39.5100,23.2800,21.3100,214071.0000,Information Technology
CYIENT,Jul 2026,JUL 2026,14.5300,37.4900,24.7000,22.7400,226950.0000,Information Technology
CYIENT,Jun 2024,JUN 2024,29.4700,27.0800,23.1600,19.4500,181640.0000,Information Technology
CYIENT,Jun 2025,JUN 2025,21.3700,35.6300,23.2800,19.0300,209171.0000,Information Technology
CYIENT,Jun 2026,JUN 2026,14.5200,38.9900,23.2800,22.7300,261505.0000,Information Technology
CYIENT,Mar 2017,MAR 2017,56.9900,7.2600,22.1800,13.5700,20087.0000,Information Technology
CYIENT,Mar 2018,MAR 2018,41.7500,26.1100,22.1800,9.9700,25385.0000,Information Technology
CYIENT,Mar 2019,MAR 2019,45.8500,20.5300,22.4800,11.1400,34223.0000,Information Technology
CYIENT,Mar 2020,MAR 2020,43.5200,20.7300,22.8700,12.8800,44011.0000,Information Technology
CYIENT,Mar 2021,MAR 2021,38.4700,21.2400,23.4700,16.8300,57316.0000,Information Technology
CYIENT,Mar 2022,MAR 2022,34.0200,23.3300,23.4100,19.2500,116297.0000,Information Technology
CYIENT,Mar 2023,MAR 2023,32.6100,24.8800,23.3500,18.1800,121541.0000,Information Technology
CYIENT,Mar 2024,MAR 2024,31.0400,25.9100,23.1700,19.0000,162068.0000,Information Technology
CYIENT,Mar 2025,MAR 2025,23.8500,34.1300,23.2800,17.9500,185366.0000,Information Technology
CYIENT,Mar 2026,MAR 2026,15.3300,40.9800,23.2800,19.8400,206248.0000,Information Technology
CYIENT,Sep 2024,SEP 2024,28.3900,29.7200,23.1500,17.9200,182884.0000,Information Technology
CYIENT,Sep 2025,SEP 2025,17.5600,38.4200,23.2800,20.1100,212929.0000,Information Technology
DABUR,Dec 2023,DEC 2023,16.4900,11.6600,66.2500,5.5400,439123.0000,Fast Moving Consumer Goods
DABUR,Dec 2024,DEC 2024,13.2800,14.8500,66.2700,5.5300,510298.0000,Fast Moving Consumer Goods
DABUR,Dec 2025,DEC 2025,10.0500,18.2900,66.2300,5.3300,484326.0000,Fast Moving Consumer Goods
DABUR,Jun 2024,JUN 2024,14.9900,13.4500,66.2500,5.2600,435213.0000,Fast Moving Consumer Goods
DABUR,Jun 2025,JUN 2025,11.8500,16.1600,66.2200,5.6900,520024.0000,Fast Moving Consumer Goods
DABUR,Jun 2026,JUN 2026,9.6600,18.6000,66.2400,5.3700,479265.0000,Fast Moving Consumer Goods
DABUR,Mar 2017,MAR 2017,19.9800,5.7700,68.0400,6.2100,138968.0000,Fast Moving Consumer Goods
DABUR,Mar 2018,MAR 2018,17.2100,8.5600,68.0700,6.1700,126291.0000,Fast Moving Consumer Goods
DABUR,Mar 2019,MAR 2019,18.2100,6.6700,67.9000,7.2300,175922.0000,Fast Moving Consumer Goods
DABUR,Mar 2020,MAR 2020,17.4300,7.6100,67.8800,7.0700,203133.0000,Fast Moving Consumer Goods
DABUR,Mar 2021,MAR 2021,19.7700,5.3400,67.3800,7.5100,296439.0000,Fast Moving Consumer Goods
DABUR,Mar 2022,MAR 2022,20.4300,3.8300,67.3800,8.3600,482133.0000,Fast Moving Consumer Goods
DABUR,Mar 2023,MAR 2023,19.7300,8.3100,66.2300,5.6500,448975.0000,Fast Moving Consumer Goods
DABUR,Mar 2024,MAR 2024,15.8200,12.4600,66.2600,5.4000,434823.0000,Fast Moving Consumer Goods
DABUR,Mar 2025,MAR 2025,12.6800,15.6200,66.2800,5.3600,505557.0000,Fast Moving Consumer Goods
DABUR,Mar 2026,MAR 2026,9.9800,18.4600,66.2500,5.2000,469624.0000,Fast Moving Consumer Goods
DABUR,Sep 2023,SEP 2023,18.3700,9.7800,66.2400,5.5300,433501.0000,Fast Moving Consumer Goods
DABUR,Sep 2024,SEP 2024,15.0500,13.5700,66.2500,5.0700,430436.0000,Fast Moving Consumer Goods
DABUR,Sep 2025,SEP 2025,10.8800,17.2900,66.2200,5.4800,497123.0000,Fast Moving Consumer Goods
DALBHARAT,Dec 2023,DEC 2023,12.9600,11.0300,55.8400,20.0300,52428.0000,Construction Materials
DALBHARAT,Dec 2024,DEC 2024,9.0800,14.6900,55.8400,20.2400,90385.0000,Construction Materials
DALBHARAT,Dec 2025,DEC 2025,7.9200,18.9900,55.8400,17.1100,73797.0000,Construction Materials
DALBHARAT,Jun 2024,JUN 2024,9.4300,13.6200,55.8400,20.9900,88455.0000,Construction Materials
DALBHARAT,Jun 2025,JUN 2025,8.2300,17.3700,55.8400,18.4200,76773.0000,Construction Materials
DALBHARAT,Jun 2026,JUN 2026,6.8100,19.9500,55.8400,17.2600,72957.0000,Construction Materials
DALBHARAT,Mar 2019,MAR 2019,16.8900,4.3900,54.2600,23.2200,36197.0000,Construction Materials
DALBHARAT,Mar 2020,MAR 2020,15.2900,5.4900,54.2800,24.8700,40850.0000,Construction Materials
DALBHARAT,Mar 2021,MAR 2021,13.4600,4.9600,55.9700,25.5300,31529.0000,Construction Materials
DALBHARAT,Mar 2022,MAR 2022,12.6300,7.0700,55.9000,24.3300,62647.0000,Construction Materials
DALBHARAT,Mar 2023,MAR 2023,12.8700,8.5300,55.8600,22.5900,57072.0000,Construction Materials
DALBHARAT,Mar 2024,MAR 2024,11.3700,12.6200,55.8400,20.0300,61204.0000,Construction Materials
DALBHARAT,Mar 2025,MAR 2025,8.2900,16.4300,55.8400,19.2900,86250.0000,Construction Materials
DALBHARAT,Mar 2026,MAR 2026,7.1500,20.2500,55.8400,16.6100,63680.0000,Construction Materials
DALBHARAT,Sep 2023,SEP 2023,14.1300,9.4200,55.8500,20.4600,48927.0000,Construction Materials
DALBHARAT,Sep 2024,SEP 2024,8.9400,14.5700,55.8400,20.5200,94161.0000,Construction Materials
DALBHARAT,Sep 2025,SEP 2025,8.7500,17.8100,55.8400,17.4500,75971.0000,Construction Materials
DCMSHRIRAM,Dec 2023,DEC 2023,3.4100,8.3700,66.5300,20.7400,55157.0000,Diversified
DCMSHRIRAM,Dec 2024,DEC 2024,3.9900,7.6400,66.5300,21.1000,59837.0000,Diversified
DCMSHRIRAM,Dec 2025,DEC 2025,3.9800,8.3100,66.5300,20.4900,58414.0000,Diversified
DCMSHRIRAM,Jun 2024,JUN 2024,3.7400,8.0700,66.5300,20.7700,60148.0000,Diversified
DCMSHRIRAM,Jun 2025,JUN 2025,4.1400,8.0400,66.5300,20.5300,59672.0000,Diversified
DCMSHRIRAM,Jun 2026,JUN 2026,3.8900,8.4500,66.5300,20.4400,54377.0000,Diversified
DCMSHRIRAM,Mar 2017,MAR 2017,1.4500,10.3200,63.8700,22.6300,42645.0000,Diversified
DCMSHRIRAM,Mar 2018,MAR 2018,4.3800,8.9300,63.8800,21.1700,46260.0000,Diversified
DCMSHRIRAM,Mar 2019,MAR 2019,3.0800,9.2200,66.5300,19.5200,43378.0000,Diversified
DCMSHRIRAM,Mar 2020,MAR 2020,3.5800,9.3300,66.5300,19.2200,40679.0000,Diversified
DCMSHRIRAM,Mar 2021,MAR 2021,2.5200,9.5700,66.5300,20.2300,40818.0000,Diversified
DCMSHRIRAM,Mar 2022,MAR 2022,3.0200,8.8900,66.5200,20.4300,64118.0000,Diversified
DCMSHRIRAM,Mar 2023,MAR 2023,2.6700,8.8100,66.5300,20.9700,57796.0000,Diversified
DCMSHRIRAM,Mar 2024,MAR 2024,3.7600,8.0700,66.5300,20.7000,57171.0000,Diversified
DCMSHRIRAM,Mar 2025,MAR 2025,4.1000,7.7600,66.5300,20.8200,61682.0000,Diversified
DCMSHRIRAM,Mar 2026,MAR 2026,3.9700,8.5500,66.5300,20.2300,55220.0000,Diversified
DCMSHRIRAM,Sep 2023,SEP 2023,2.8600,8.5000,66.5300,21.1800,55811.0000,Diversified
DCMSHRIRAM,Sep 2024,SEP 2024,3.7700,7.6600,66.5300,21.2800,58120.0000,Diversified
DCMSHRIRAM,Sep 2025,SEP 2025,3.9700,8.2400,66.5300,20.5400,60864.0000,Diversified
DEEPAKFERT,Dec 2023,DEC 2023,13.1600,3.5000,45.4600,37.9000,218290.0000,Chemicals
DEEPAKFERT,Dec 2024,DEC 2024,11.5600,8.8200,45.6300,33.9900,192498.0000,Chemicals
DEEPAKFERT,Dec 2025,DEC 2025,10.3100,13.1700,45.6300,30.9100,199706.0000,Chemicals
DEEPAKFERT,Jun 2024,JUN 2024,9.8500,6.3000,45.6300,38.2200,216469.0000,Chemicals
DEEPAKFERT,Jun 2025,JUN 2025,11.2500,12.2700,45.6300,30.8600,208392.0000,Chemicals
DEEPAKFERT,Jun 2026,JUN 2026,10.0200,14.6900,45.6300,29.6800,178847.0000,Chemicals
DEEPAKFERT,Mar 2017,MAR 2017,13.2800,3.0700,51.0700,32.5800,98264.0000,Chemicals
DEEPAKFERT,Mar 2018,MAR 2018,6.7200,4.6300,51.0700,37.5700,95887.0000,Chemicals
DEEPAKFERT,Mar 2019,MAR 2019,3.8500,2.9700,51.5000,41.6800,100392.0000,Chemicals
DEEPAKFERT,Mar 2020,MAR 2020,2.7000,2.2700,52.2000,42.8400,105866.0000,Chemicals
DEEPAKFERT,Mar 2021,MAR 2021,3.0100,1.5900,55.8000,39.6100,114678.0000,Chemicals
DEEPAKFERT,Mar 2022,MAR 2022,14.2900,1.5600,47.5800,36.5600,172548.0000,Chemicals
DEEPAKFERT,Mar 2023,MAR 2023,19.0900,2.1300,45.4600,33.3200,193628.0000,Chemicals
DEEPAKFERT,Mar 2024,MAR 2024,12.7600,3.1600,45.6300,38.4500,238094.0000,Chemicals
DEEPAKFERT,Mar 2025,MAR 2025,10.7300,11.3300,45.6300,32.3200,193083.0000,Chemicals
DEEPAKFERT,Mar 2026,MAR 2026,10.3100,13.2400,45.6300,30.8300,196724.0000,Chemicals
DEEPAKFERT,Sep 2023,SEP 2023,12.9700,2.8300,45.4600,38.7600,228828.0000,Chemicals
DEEPAKFERT,Sep 2024,SEP 2024,9.6700,10.0200,45.6300,34.6900,192585.0000,Chemicals
DEEPAKFERT,Sep 2025,SEP 2025,10.9400,12.6100,45.6300,30.8200,212266.0000,Chemicals
DEEPAKNTR,Dec 2023,DEC 2023,6.4800,18.8700,49.1300,25.5200,534115.0000,Chemicals
DEEPAKNTR,Dec 2024,DEC 2024,6.5900,23.2200,49.2400,20.9400,410749.0000,Chemicals
DEEPAKNTR,Dec 2025,DEC 2025,6.0600,23.2000,49.3300,21.4200,408560.0000,Chemicals
DEEPAKNTR,Jun 2024,JUN 2024,6.8600,21.2000,49.2400,22.7000,451198.0000,Chemicals
DEEPAKNTR,Jun 2025,JUN 2025,6.6800,22.6100,49.2800,21.4200,416258.0000,Chemicals
DEEPAKNTR,Jun 2026,JUN 2026,6.2400,23.7600,49.3400,20.6500,382905.0000,Chemicals
DEEPAKNTR,Mar 2017,MAR 2017,14.4100,11.5900,46.5200,27.4800,16744.0000,Chemicals
DEEPAKNTR,Mar 2018,MAR 2018,11.1400,13.8100,44.6500,30.2300,31992.0000,Chemicals
DEEPAKNTR,Mar 2019,MAR 2019,10.2800,15.5300,44.8500,29.3400,37503.0000,Chemicals
DEEPAKNTR,Mar 2020,MAR 2020,10.9600,16.1900,45.6900,27.1600,63056.0000,Chemicals
DEEPAKNTR,Mar 2021,MAR 2021,11.8700,11.6400,45.6900,30.8000,190915.0000,Chemicals
DEEPAKNTR,Mar 2022,MAR 2022,8.7600,10.0300,45.7200,35.5000,639690.0000,Chemicals
DEEPAKNTR,Mar 2023,MAR 2023,7.7200,15.0600,49.1300,28.1000,649046.0000,Chemicals
DEEPAKNTR,Mar 2024,MAR 2024,6.7200,19.2700,49.1300,24.8700,502250.0000,Chemicals
DEEPAKNTR,Mar 2025,MAR 2025,6.6400,23.2200,49.2800,20.8400,409970.0000,Chemicals
DEEPAKNTR,Mar 2026,MAR 2026,6.1900,23.4600,49.3300,21.0100,396798.0000,Chemicals
DEEPAKNTR,Sep 2023,SEP 2023,6.4700,17.9600,49.1300,26.4500,572562.0000,Chemicals
DEEPAKNTR,Sep 2024,SEP 2024,6.6800,22.3000,49.2400,21.7900,422398.0000,Chemicals
DEEPAKNTR,Sep 2025,SEP 2025,6.2100,22.7000,49.2800,21.8200,419367.0000,Chemicals
DELHIVERY,Dec 2023,DEC 2023,62.7100,17.0200,,20.2700,94011.0000,Services
DELHIVERY,Dec 2024,DEC 2024,53.7500,28.9900,,17.2700,162318.0000,Services
DELHIVERY,Dec 2025,DEC 2025,48.5700,34.9800,,16.4300,167966.0000,Services
DELHIVERY,Jun 2024,JUN 2024,61.1600,22.0300,,16.8100,128985.0000,Services
DELHIVERY,Jun 2025,JUN 2025,52.9500,29.6000,,17.4600,177546.0000,Services
DELHIVERY,Jun 2026,JUN 2026,41.9300,43.0700,,15.0000,175609.0000,Services
DELHIVERY,Mar 2023,MAR 2023,67.6300,13.0300,,19.3400,82587.0000,Services
DELHIVERY,Mar 2024,MAR 2024,63.6300,19.6200,,16.7300,92984.0000,Services
DELHIVERY,Mar 2025,MAR 2025,51.9900,30.0400,,17.9900,172942.0000,Services
DELHIVERY,Mar 2026,MAR 2026,48.2300,36.2700,,15.5100,167299.0000,Services
DELHIVERY,Sep 2023,SEP 2023,65.5000,14.6800,,19.8100,83575.0000,Services
DELHIVERY,Sep 2024,SEP 2024,55.0200,28.5600,,16.4100,139715.0000,Services
DELHIVERY,Sep 2025,SEP 2025,51.6500,32.0500,,16.3000,160797.0000,Services
DEVYANI,Dec 2023,DEC 2023,12.4700,8.5200,62.7400,16.2700,295903.0000,Consumer Services
DEVYANI,Dec 2024,DEC 2024,11.1700,15.4600,62.7200,10.6500,265184.0000,Consumer Services
DEVYANI,Dec 2025,DEC 2025,5.7700,19.4400,61.3700,13.4200,243363.0000,Consumer Services
DEVYANI,Jun 2024,JUN 2024,11.6800,14.1900,62.7300,11.4100,301376.0000,Consumer Services
DEVYANI,Jun 2025,JUN 2025,9.4200,18.0900,62.6200,9.8600,245827.0000,Consumer Services
DEVYANI,Jun 2026,JUN 2026,6.8100,18.8400,61.3700,12.9700,252889.0000,Consumer Services
DEVYANI,Mar 2022,MAR 2022,6.9000,5.7500,62.8000,24.5500,273646.0000,Consumer Services
DEVYANI,Mar 2023,MAR 2023,9.7700,9.6600,62.7800,17.7800,306355.0000,Consumer Services
DEVYANI,Mar 2024,MAR 2024,12.4400,12.2000,62.7400,12.6400,334075.0000,Consumer Services
DEVYANI,Mar 2025,MAR 2025,10.4600,16.8700,62.7200,9.9500,256379.0000,Consumer Services
DEVYANI,Mar 2026,MAR 2026,6.1300,19.3300,61.3700,13.1700,252963.0000,Consumer Services
DEVYANI,Sep 2023,SEP 2023,13.3400,8.2300,62.7400,15.6900,264714.0000,Consumer Services
DEVYANI,Sep 2024,SEP 2024,11.1700,15.3800,62.7200,10.7300,268125.0000,Consumer Services
DEVYANI,Sep 2025,SEP 2025,6.5500,19.7600,61.4100,12.2900,238190.0000,Consumer Services
DIVISLAB,Dec 2023,DEC 2023,14.8500,21.7800,51.9200,11.3300,354482.0000,Healthcare
DIVISLAB,Dec 2024,DEC 2024,17.9800,20.4400,51.8900,9.5800,280601.0000,Healthcare
DIVISLAB,Dec 2025,DEC 2025,20.0800,19.1800,51.8800,8.7500,233844.0000,Healthcare
DIVISLAB,Jun 2024,JUN 2024,16.1600,21.6600,51.8900,10.1700,298310.0000,Healthcare
DIVISLAB,Jun 2025,JUN 2025,19.7400,18.9600,51.8800,9.3200,259825.0000,Healthcare
DIVISLAB,Jun 2026,JUN 2026,20.1900,19.2900,51.8800,8.5300,226324.0000,Healthcare
DIVISLAB,Mar 2017,MAR 2017,17.2200,14.2000,52.0700,16.5100,122883.0000,Healthcare
DIVISLAB,Mar 2018,MAR 2018,18.4100,15.7700,52.0500,13.7700,80767.0000,Healthcare
DIVISLAB,Mar 2019,MAR 2019,21.2100,14.2200,52.0100,12.5600,77977.0000,Healthcare
DIVISLAB,Mar 2020,MAR 2020,19.0800,15.5900,51.9700,13.3500,95934.0000,Healthcare
DIVISLAB,Mar 2021,MAR 2021,19.8700,16.7400,51.9500,11.4500,208203.0000,Healthcare
DIVISLAB,Mar 2022,MAR 2022,18.4500,18.3200,51.9400,11.2800,309397.0000,Healthcare
DIVISLAB,Mar 2023,MAR 2023,14.6700,21.0000,51.9400,12.3100,433621.0000,Healthcare
DIVISLAB,Mar 2024,MAR 2024,14.6800,22.1000,51.9200,11.1900,347629.0000,Healthcare
DIVISLAB,Mar 2025,MAR 2025,18.0100,20.6300,51.8900,9.3900,267755.0000,Healthcare
DIVISLAB,Mar 2026,MAR 2026,20.2900,19.1300,51.8800,8.6100,228006.0000,Healthcare
DIVISLAB,Sep 2023,SEP 2023,14.6000,21.6500,51.9300,11.7200,373860.0000,Healthcare
DIVISLAB,Sep 2024,SEP 2024,17.2500,20.9800,51.8900,9.7900,278899.0000,Healthcare
DIVISLAB,Sep 2025,SEP 2025,19.3900,19.6800,51.8800,8.9600,249634.0000,Healthcare
DIXON,Dec 2023,DEC 2023,17.4100,26.3900,33.6300,22.5800,267536.0000,Consumer Durables
DIXON,Dec 2024,DEC 2024,23.2200,22.6100,32.4200,21.7300,320193.0000,Consumer Durables
DIXON,Dec 2025,DEC 2025,18.6800,29.0600,28.8300,23.4300,405075.0000,Consumer Durables
DIXON,Jun 2024,JUN 2024,19.3300,26.0800,33.2400,21.3400,267314.0000,Consumer Durables
DIXON,Jun 2025,JUN 2025,20.5500,26.6800,28.9500,23.8100,408369.0000,Consumer Durables
DIXON,Jun 2026,JUN 2026,17.8700,28.3800,28.5500,25.2000,470189.0000,Consumer Durables
DIXON,Mar 2018,MAR 2018,8.9200,23.2400,38.9300,28.9100,34830.0000,Consumer Durables
DIXON,Mar 2019,MAR 2019,6.0400,23.7600,38.9300,31.2700,32132.0000,Consumer Durables
DIXON,Mar 2020,MAR 2020,10.7600,22.9500,36.1700,30.1200,37843.0000,Consumer Durables
DIXON,Mar 2021,MAR 2021,19.8400,11.0200,35.0400,34.1000,212714.0000,Consumer Durables
DIXON,Mar 2022,MAR 2022,16.3900,7.9800,34.3000,41.3300,379160.0000,Consumer Durables
DIXON,Mar 2023,MAR 2023,12.0400,23.7600,34.0500,30.1300,367727.0000,Consumer Durables
DIXON,Mar 2024,MAR 2024,17.8500,27.0100,33.4400,21.7100,252843.0000,Consumer Durables
DIXON,Mar 2025,MAR 2025,21.8100,23.0700,32.2700,22.8600,375630.0000,Consumer Durables
DIXON,Mar 2026,MAR 2026,18.3000,28.1400,28.6900,24.8700,470326.0000,Consumer Durables
DIXON,Sep 2023,SEP 2023,15.6600,27.4400,33.8000,23.1100,285566.0000,Consumer Durables
DIXON,Sep 2024,SEP 2024,22.6900,23.1400,32.8900,21.2700,285363.0000,Consumer Durables
DIXON,Sep 2025,SEP 2025,20.6900,28.9300,28.9200,21.4500,341162.0000,Consumer Durables
DLF,Dec 2023,DEC 2023,15.7500,5.4700,74.0800,4.7200,404832.0000,Realty
DLF,Dec 2024,DEC 2024,16.3700,4.8700,74.0800,4.6900,458323.0000,Realty
DLF,Dec 2025,DEC 2025,14.8200,5.7800,74.0800,5.3400,492129.0000,Realty
DLF,Jun 2024,JUN 2024,16.1700,4.8100,74.0800,4.9500,466987.0000,Realty
DLF,Jun 2025,JUN 2025,15.9800,5.0100,74.0800,4.9300,483029.0000,Realty
DLF,Jun 2026,JUN 2026,12.3100,8.0300,74.0800,5.5600,500743.0000,Realty
DLF,Mar 2017,MAR 2017,18.1500,0.7400,74.9500,6.1600,380051.0000,Realty
DLF,Mar 2018,MAR 2018,16.2500,2.2400,74.9500,6.5600,327794.0000,Realty
DLF,Mar 2019,MAR 2019,21.2700,1.1600,71.9100,5.6600,310376.0000,Realty
DLF,Mar 2020,MAR 2020,18.3300,1.7600,74.9500,4.9600,292686.0000,Realty
DLF,Mar 2021,MAR 2021,17.3900,2.2100,74.9500,5.4500,332953.0000,Realty
DLF,Mar 2022,MAR 2022,15.3900,4.1000,74.9500,5.5600,434871.0000,Realty
DLF,Mar 2023,MAR 2023,14.6600,5.2300,74.9500,5.1600,422152.0000,Realty
DLF,Mar 2024,MAR 2024,16.5300,4.7700,74.0800,4.6200,426253.0000,Realty
DLF,Mar 2025,MAR 2025,16.2700,4.7200,74.0800,4.9300,492116.0000,Realty
DLF,Mar 2026,MAR 2026,13.5400,6.9400,74.0800,5.4300,506572.0000,Realty
DLF,Sep 2023,SEP 2023,15.8900,5.2700,74.0800,4.7600,395845.0000,Realty
DLF,Sep 2024,SEP 2024,16.6600,4.6600,74.0800,4.6200,439141.0000,Realty
DLF,Sep 2025,SEP 2025,15.4600,5.2100,74.0800,5.2500,500928.0000,Realty
DMART,Dec 2023,DEC 2023,7.9600,8.4500,74.6400,8.8700,740037.0000,Consumer Services
DMART,Dec 2024,DEC 2024,8.9600,8.0700,74.6400,8.2400,709582.0000,Consumer Services
DMART,Dec 2025,DEC 2025,8.7100,8.8300,74.6500,7.7500,599296.0000,Consumer Services
DMART,Jun 2024,JUN 2024,9.2200,7.9500,74.6400,8.0900,619843.0000,Consumer Services
DMART,Jun 2025,JUN 2025,8.2500,9.2200,74.6500,7.7900,618996.0000,Consumer Services
DMART,Jun 2026,JUN 2026,9.2200,8.6700,74.4800,7.5500,542175.0000,Consumer Services
DMART,Mar 2017,MAR 2017,4.3200,3.0900,82.2000,10.3900,122944.0000,Consumer Services
DMART,Mar 2018,MAR 2018,3.7500,3.5100,82.2000,10.5400,157276.0000,Consumer Services
DMART,Mar 2019,MAR 2019,5.9100,3.2000,81.2000,9.6800,200254.0000,Consumer Services
DMART,Mar 2020,MAR 2020,9.6200,6.5600,74.9900,8.8300,261061.0000,Consumer Services
DMART,Mar 2021,MAR 2021,10.1700,6.5800,74.9900,8.2600,306995.0000,Consumer Services
DMART,Mar 2022,MAR 2022,8.8300,6.7700,74.9900,9.4200,742493.0000,Consumer Services
DMART,Mar 2023,MAR 2023,8.1700,7.4900,74.9300,9.3700,835850.0000,Consumer Services
DMART,Mar 2024,MAR 2024,8.2600,8.5100,74.6400,8.5000,684326.0000,Consumer Services
DMART,Mar 2025,MAR 2025,8.1800,9.0800,74.6400,8.0400,671850.0000,Consumer Services
DMART,Mar 2026,MAR 2026,9.0000,8.7700,74.5100,7.6400,573764.0000,Consumer Services
DMART,Sep 2023,SEP 2023,7.6700,8.2500,74.6400,9.4100,815562.0000,Consumer Services
DMART,Sep 2024,SEP 2024,9.9500,7.4300,74.6400,7.9100,590252.0000,Consumer Services
DMART,Sep 2025,SEP 2025,8.7300,9.0200,74.6500,7.5300,585510.0000,Consumer Services
DOMS,Dec 2023,DEC 2023,6.1300,15.1400,74.9500,3.7700,51954.0000,Fast Moving Consumer Goods
DOMS,Dec 2024,DEC 2024,9.9600,15.7100,70.3800,3.9500,61888.0000,Fast Moving Consumer Goods
DOMS,Dec 2025,DEC 2025,8.3800,18.2800,70.3800,2.9600,57647.0000,Fast Moving Consumer Goods
DOMS,Jun 2024,JUN 2024,6.5500,15.1100,74.9500,3.3800,37585.0000,Fast Moving Consumer Goods
DOMS,Jun 2025,JUN 2025,9.0800,16.2400,70.3800,4.2900,69946.0000,Fast Moving Consumer Goods
DOMS,Jun 2026,JUN 2026,7.5000,25.9100,63.3800,3.2000,60383.0000,Fast Moving Consumer Goods
DOMS,Mar 2024,MAR 2024,5.8600,16.6300,74.9500,2.5500,34841.0000,Fast Moving Consumer Goods
DOMS,Mar 2025,MAR 2025,9.9000,15.8200,70.3800,3.9000,61774.0000,Fast Moving Consumer Goods
DOMS,Mar 2026,MAR 2026,7.6200,19.1400,70.3800,2.8600,57685.0000,Fast Moving Consumer Goods
DOMS,Sep 2024,SEP 2024,7.5900,14.1000,74.9500,3.3600,49974.0000,Fast Moving Consumer Goods
DOMS,Sep 2025,SEP 2025,8.5000,17.7100,70.3800,3.3900,65567.0000,Fast Moving Consumer Goods
ECLERX,Dec 2023,DEC 2023,11.8100,22.9100,53.6100,10.0400,52639.0000,Services
ECLERX,Dec 2024,DEC 2024,10.2700,24.1900,53.8100,10.3800,68025.0000,Services
ECLERX,Dec 2025,DEC 2025,11.3900,25.3100,53.8100,7.6700,70296.0000,Services
ECLERX,Jun 2024,JUN 2024,11.7800,22.4900,53.6100,10.6800,146680.0000,Services
ECLERX,Jun 2025,JUN 2025,10.1600,26.0400,53.8100,8.5900,66300.0000,Services
ECLERX,Jun 2026,JUN 2026,11.0100,23.8400,54.5300,8.4300,74342.0000,Services
ECLERX,Mar 2017,MAR 2017,30.7300,11.8200,50.2800,6.9800,20542.0000,Services
ECLERX,Mar 2018,MAR 2018,24.8700,15.0500,50.3100,8.5900,31346.0000,Services
ECLERX,Mar 2019,MAR 2019,23.0600,16.7900,50.5300,7.2500,35446.0000,Services
ECLERX,Mar 2020,MAR 2020,17.5600,21.2400,50.7600,8.0600,34749.0000,Services
ECLERX,Mar 2021,MAR 2021,18.8600,15.1300,53.8100,9.6700,33751.0000,Services
ECLERX,Mar 2022,MAR 2022,13.8300,19.3400,53.3800,11.3000,50898.0000,Services
ECLERX,Mar 2023,MAR 2023,12.6400,20.1900,53.6100,11.5200,53248.0000,Services
ECLERX,Mar 2024,MAR 2024,12.1900,22.7500,53.6100,9.7800,49157.0000,Services
ECLERX,Mar 2025,MAR 2025,10.1200,25.1200,53.8100,9.4900,69424.0000,Services
ECLERX,Mar 2026,MAR 2026,11.8200,23.9500,54.5300,7.5300,67142.0000,Services
ECLERX,Sep 2023,SEP 2023,12.1300,21.6400,53.6100,10.9200,49715.0000,Services
ECLERX,Sep 2024,SEP 2024,10.3100,24.0200,53.8100,10.4200,58048.0000,Services
ECLERX,Sep 2025,SEP 2025,10.9500,25.7200,53.8100,7.9800,65927.0000,Services
EICHERMOT,Dec 2023,DEC 2023,30.2700,9.7300,49.1500,10.7600,248486.0000,Automobile and Auto Components
EICHERMOT,Dec 2024,DEC 2024,25.4200,16.1100,49.0900,9.3000,246190.0000,Automobile and Auto Components
EICHERMOT,Dec 2025,DEC 2025,27.0100,14.6400,49.0600,9.1900,260429.0000,Automobile and Auto Components
EICHERMOT,Jun 2024,JUN 2024,28.8100,11.8400,49.1100,10.1400,256978.0000,Automobile and Auto Components
EICHERMOT,Jun 2025,JUN 2025,25.8200,15.6700,49.0700,9.3500,254118.0000,Automobile and Auto Components
EICHERMOT,Jun 2026,JUN 2026,25.5200,15.9700,49.0300,9.4000,283648.0000,Automobile and Auto Components
EICHERMOT,Mar 2017,MAR 2017,32.4500,4.0300,50.5800,12.9400,81872.0000,Automobile and Auto Components
EICHERMOT,Mar 2018,MAR 2018,30.9700,5.9000,50.4900,12.6100,93341.0000,Automobile and Auto Components
EICHERMOT,Mar 2019,MAR 2019,32.4900,4.5500,49.3200,13.5300,117136.0000,Automobile and Auto Components
EICHERMOT,Mar 2020,MAR 2020,27.7100,11.1200,49.2800,11.7500,109899.0000,Automobile and Auto Components
EICHERMOT,Mar 2021,MAR 2021,29.0600,9.0800,49.2300,12.4900,252014.0000,Automobile and Auto Components
EICHERMOT,Mar 2022,MAR 2022,29.2200,9.9500,49.2100,11.5200,263479.0000,Automobile and Auto Components
EICHERMOT,Mar 2023,MAR 2023,28.6300,11.1900,49.2000,10.8800,266168.0000,Automobile and Auto Components
EICHERMOT,Mar 2024,MAR 2024,28.9500,11.0400,49.1400,10.7700,263132.0000,Automobile and Auto Components
EICHERMOT,Mar 2025,MAR 2025,25.0200,16.5500,49.0800,9.2600,249483.0000,Automobile and Auto Components
EICHERMOT,Mar 2026,MAR 2026,26.7700,14.7300,49.0600,9.3500,280399.0000,Automobile and Auto Components
EICHERMOT,Sep 2023,SEP 2023,28.8900,10.4800,49.1500,11.3700,280530.0000,Automobile and Auto Components
EICHERMOT,Sep 2024,SEP 2024,27.6100,13.6700,49.1000,9.5200,247951.0000,Automobile and Auto Components
EICHERMOT,Sep 2025,SEP 2025,26.9800,14.6200,49.0600,9.2500,252901.0000,Automobile and Auto Components
EIDPARRY,Dec 2023,DEC 2023,8.7100,4.9200,42.2400,44.1200,108246.0000,Fast Moving Consumer Goods
EIDPARRY,Dec 2024,DEC 2024,12.6400,13.2900,41.7000,32.3800,126023.0000,Fast Moving Consumer Goods
EIDPARRY,Dec 2025,DEC 2025,12.6100,16.2800,41.4500,29.6600,113020.0000,Fast Moving Consumer Goods
EIDPARRY,Jun 2024,JUN 2024,10.2200,12.4500,42.2400,35.0900,118928.0000,Fast Moving Consumer Goods
EIDPARRY,Jun 2025,JUN 2025,12.6600,14.4600,41.5500,31.3200,118705.0000,Fast Moving Consumer Goods
EIDPARRY,Jun 2026,JUN 2026,11.2100,16.6700,41.2800,30.8400,124851.0000,Fast Moving Consumer Goods
EIDPARRY,Mar 2017,MAR 2017,10.0200,7.1200,45.2700,37.5900,41956.0000,Fast Moving Consumer Goods
EIDPARRY,Mar 2018,MAR 2018,9.9900,4.9100,45.0000,40.1000,52429.0000,Fast Moving Consumer Goods
EIDPARRY,Mar 2019,MAR 2019,6.3900,4.1500,44.8900,44.5700,51389.0000,Fast Moving Consumer Goods
EIDPARRY,Mar 2020,MAR 2020,6.0200,2.7200,44.7700,46.4900,50324.0000,Fast Moving Consumer Goods
EIDPARRY,Mar 2021,MAR 2021,8.9000,2.3700,44.7400,43.9800,58101.0000,Fast Moving Consumer Goods
EIDPARRY,Mar 2022,MAR 2022,8.7600,4.2600,44.6400,42.3400,75303.0000,Fast Moving Consumer Goods
EIDPARRY,Mar 2023,MAR 2023,11.2700,4.9200,44.5500,39.2600,79937.0000,Fast Moving Consumer Goods
EIDPARRY,Mar 2024,MAR 2024,8.8500,11.8800,42.2400,37.0400,107011.0000,Fast Moving Consumer Goods
EIDPARRY,Mar 2025,MAR 2025,12.1700,13.8300,41.6200,32.3800,125719.0000,Fast Moving Consumer Goods
EIDPARRY,Mar 2026,MAR 2026,12.2000,16.7500,41.4500,29.5900,112287.0000,Fast Moving Consumer Goods
EIDPARRY,Sep 2023,SEP 2023,9.0300,4.5200,44.5200,41.9400,107640.0000,Fast Moving Consumer Goods
EIDPARRY,Sep 2024,SEP 2024,10.6600,13.2900,42.2300,33.8300,126722.0000,Fast Moving Consumer Goods
EIDPARRY,Sep 2025,SEP 2025,12.7700,15.5700,41.4900,30.1700,119631.0000,Fast Moving Consumer Goods
EIHOTEL,Dec 2023,DEC 2023,3.7100,14.1600,32.8500,49.2900,109919.0000,Consumer Services
EIHOTEL,Dec 2024,DEC 2024,5.3300,13.8600,32.8500,47.9500,127395.0000,Consumer Services
EIHOTEL,Dec 2025,DEC 2025,6.1600,14.1300,32.8500,46.8600,120098.0000,Consumer Services
EIHOTEL,Jun 2024,JUN 2024,5.3900,13.6700,32.8500,48.0800,137925.0000,Consumer Services
EIHOTEL,Jun 2025,JUN 2025,5.9200,13.7800,32.8500,47.4600,128188.0000,Consumer Services
EIHOTEL,Jun 2026,JUN 2026,6.6500,13.7800,32.8500,46.7300,121473.0000,Consumer Services
EIHOTEL,Mar 2017,MAR 2017,3.5300,14.4800,35.2500,46.7500,67078.0000,Consumer Services
EIHOTEL,Mar 2018,MAR 2018,4.0800,15.3900,35.2500,45.2800,50243.0000,Consumer Services
EIHOTEL,Mar 2019,MAR 2019,3.9900,15.1100,35.2500,45.6600,50185.0000,Consumer Services
EIHOTEL,Mar 2020,MAR 2020,4.0800,16.2800,35.2500,44.4000,50039.0000,Consumer Services
EIHOTEL,Mar 2021,MAR 2021,2.8300,14.4500,35.7400,46.9700,80803.0000,Consumer Services
EIHOTEL,Mar 2022,MAR 2022,3.7500,13.9300,35.7400,46.5600,89191.0000,Consumer Services
EIHOTEL,Mar 2023,MAR 2023,3.7700,13.9100,32.8500,49.4700,89426.0000,Consumer Services
EIHOTEL,Mar 2024,MAR 2024,5.2500,13.7700,32.8500,48.1300,120423.0000,Consumer Services
EIHOTEL,Mar 2025,MAR 2025,6.0800,13.6400,32.8500,47.4400,125829.0000,Consumer Services
EIHOTEL,Mar 2026,MAR 2026,6.6200,13.8800,32.8500,46.6500,120134.0000,Consumer Services
EIHOTEL,Sep 2023,SEP 2023,4.3800,13.7800,32.8500,49.0000,104371.0000,Consumer Services
EIHOTEL,Sep 2024,SEP 2024,4.5600,14.6100,32.8500,47.9900,129815.0000,Consumer Services
EIHOTEL,Sep 2025,SEP 2025,5.9300,14.1700,32.8500,47.0400,123950.0000,Consumer Services
EMAMILTD,Dec 2023,DEC 2023,12.8600,23.9400,54.8400,8.3500,82151.0000,Fast Moving Consumer Goods
EMAMILTD,Dec 2024,DEC 2024,14.1100,21.7000,54.8400,9.3600,128725.0000,Fast Moving Consumer Goods
EMAMILTD,Dec 2025,DEC 2025,9.0300,26.7200,54.8400,9.4000,129077.0000,Fast Moving Consumer Goods
EMAMILTD,Jun 2024,JUN 2024,14.0200,21.6100,54.8400,9.5300,97258.0000,Fast Moving Consumer Goods
EMAMILTD,Jun 2025,JUN 2025,11.8900,24.0600,54.8400,9.2100,126599.0000,Fast Moving Consumer Goods
EMAMILTD,Jun 2026,JUN 2026,7.8700,27.0000,54.8400,10.2800,131617.0000,Fast Moving Consumer Goods
EMAMILTD,Mar 2017,MAR 2017,15.6000,2.7400,72.7400,8.9200,44304.0000,Fast Moving Consumer Goods
EMAMILTD,Mar 2018,MAR 2018,13.0600,5.4500,72.7400,8.7200,47261.0000,Fast Moving Consumer Goods
EMAMILTD,Mar 2019,MAR 2019,11.3100,17.3900,62.7400,8.5200,70237.0000,Fast Moving Consumer Goods
EMAMILTD,Mar 2020,MAR 2020,7.0000,31.4700,52.7400,8.8000,83103.0000,Fast Moving Consumer Goods
EMAMILTD,Mar 2021,MAR 2021,10.5200,26.3900,53.8600,9.2400,82090.0000,Fast Moving Consumer Goods
EMAMILTD,Mar 2022,MAR 2022,12.7200,24.3200,54.2700,8.6900,86242.0000,Fast Moving Consumer Goods
EMAMILTD,Mar 2023,MAR 2023,11.0100,26.9200,54.2700,7.8100,97043.0000,Fast Moving Consumer Goods
EMAMILTD,Mar 2024,MAR 2024,13.4600,22.0600,54.8400,9.6300,91334.0000,Fast Moving Consumer Goods
EMAMILTD,Mar 2025,MAR 2025,12.1100,23.6800,54.8400,9.3800,129002.0000,Fast Moving Consumer Goods
EMAMILTD,Mar 2026,MAR 2026,8.5700,26.9100,54.8400,9.6700,127615.0000,Fast Moving Consumer Goods
EMAMILTD,Sep 2023,SEP 2023,11.9000,25.2100,54.8400,8.0500,79216.0000,Fast Moving Consumer Goods
EMAMILTD,Sep 2024,SEP 2024,14.3800,21.5100,54.8400,9.2700,127897.0000,Fast Moving Consumer Goods
EMAMILTD,Sep 2025,SEP 2025,10.9300,25.0000,54.8400,9.2200,126776.0000,Fast Moving Consumer Goods
ENDURANCE,Dec 2023,DEC 2023,7.8200,15.4000,75.0000,1.7700,77090.0000,Automobile and Auto Components
ENDURANCE,Dec 2024,DEC 2024,11.5000,11.7400,75.0000,1.7500,85357.0000,Automobile and Auto Components
ENDURANCE,Dec 2025,DEC 2025,13.7200,9.2000,75.0000,2.0800,90885.0000,Automobile and Auto Components
ENDURANCE,Jun 2024,JUN 2024,8.6700,14.3400,75.0000,1.9800,92679.0000,Automobile and Auto Components
ENDURANCE,Jun 2025,JUN 2025,13.5400,9.5400,75.0000,1.9300,84618.0000,Automobile and Auto Components
ENDURANCE,Jun 2026,JUN 2026,12.6900,10.0600,75.0000,2.2400,90114.0000,Automobile and Auto Components
ENDURANCE,Mar 2017,MAR 2017,8.7200,4.8100,82.5000,3.9600,47205.0000,Automobile and Auto Components
ENDURANCE,Mar 2018,MAR 2018,10.1200,5.0100,82.5000,2.3700,39021.0000,Automobile and Auto Components
ENDURANCE,Mar 2019,MAR 2019,15.7200,5.9800,75.0000,3.3000,38581.0000,Automobile and Auto Components
ENDURANCE,Mar 2020,MAR 2020,16.3400,7.3600,75.0000,1.3000,33948.0000,Automobile and Auto Components
ENDURANCE,Mar 2021,MAR 2021,9.8500,13.5100,75.0000,1.6400,49300.0000,Automobile and Auto Components
ENDURANCE,Mar 2022,MAR 2022,7.2200,15.8700,75.0000,1.9100,72839.0000,Automobile and Auto Components
ENDURANCE,Mar 2023,MAR 2023,7.6500,15.5500,75.0000,1.8100,78124.0000,Automobile and Auto Components
ENDURANCE,Mar 2024,MAR 2024,7.7900,15.4400,75.0000,1.7600,84155.0000,Automobile and Auto Components
ENDURANCE,Mar 2025,MAR 2025,12.3700,10.8900,75.0000,1.7500,85528.0000,Automobile and Auto Components
ENDURANCE,Mar 2026,MAR 2026,13.1400,9.7700,75.0000,2.0700,87362.0000,Automobile and Auto Components
ENDURANCE,Sep 2023,SEP 2023,8.3100,14.9100,75.0000,1.8000,76308.0000,Automobile and Auto Components
ENDURANCE,Sep 2024,SEP 2024,9.5300,13.5700,75.0000,1.9000,85359.0000,Automobile and Auto Components
ENDURANCE,Sep 2025,SEP 2025,13.8400,9.0500,75.0000,2.1000,89281.0000,Automobile and Auto Components
ENGINERSIN,Dec 2023,DEC 2023,7.6000,15.5100,51.3200,25.5400,288461.0000,Construction
ENGINERSIN,Dec 2024,DEC 2024,6.8900,10.5900,51.3200,31.1900,481413.0000,Construction
ENGINERSIN,Dec 2025,DEC 2025,7.7400,13.3800,51.3200,27.5200,435481.0000,Construction
ENGINERSIN,Feb 2016,FEB 2016,0.0000,27.5400,59.3700,13.0900,143195.0000,Construction
ENGINERSIN,Jun 2024,JUN 2024,7.2600,13.8900,51.3200,27.5100,426824.0000,Construction
ENGINERSIN,Jun 2025,JUN 2025,7.1300,14.3000,51.3200,27.2000,432381.0000,Construction
ENGINERSIN,Jun 2026,JUN 2026,9.1700,14.2200,51.3200,25.2400,390132.0000,Construction
ENGINERSIN,Mar 2017,MAR 2017,6.8500,19.8600,57.0200,16.2700,178806.0000,Construction
ENGINERSIN,Mar 2018,MAR 2018,5.6100,26.5700,52.0200,15.8000,190980.0000,Construction
ENGINERSIN,Mar 2019,MAR 2019,6.5800,25.5300,52.0000,15.8900,188301.0000,Construction
ENGINERSIN,Mar 2020,MAR 2020,7.5900,25.5200,51.5000,15.4000,193915.0000,Construction
ENGINERSIN,Mar 2021,MAR 2021,7.0000,15.7100,51.3200,25.9700,269565.0000,Construction
ENGINERSIN,Mar 2022,MAR 2022,6.7400,13.0500,51.3200,28.8900,292191.0000,Construction
ENGINERSIN,Mar 2023,MAR 2023,7.9600,15.8100,51.3200,24.9000,258326.0000,Construction
ENGINERSIN,Mar 2024,MAR 2024,7.0100,13.6000,51.3200,28.0500,385950.0000,Construction
ENGINERSIN,Mar 2025,MAR 2025,6.7500,10.7600,51.3200,31.1400,485225.0000,Construction
ENGINERSIN,Mar 2026,MAR 2026,9.6600,12.1900,51.3200,26.7900,421564.0000,Construction
ENGINERSIN,Sep 2023,SEP 2023,7.8800,17.1800,51.3200,23.6000,275990.0000,Construction
ENGINERSIN,Sep 2024,SEP 2024,7.3100,11.0100,51.3200,30.3200,468671.0000,Construction
ENGINERSIN,Sep 2025,SEP 2025,7.0000,13.7400,51.3200,27.8900,439883.0000,Construction
ETERNAL,Dec 2023,DEC 2023,54.8800,15.4700,,27.9800,1727996.0000,Consumer Services
ETERNAL,Dec 2024,DEC 2024,47.3100,20.5100,,26.0900,2520804.0000,Consumer Services
ETERNAL,Dec 2025,DEC 2025,36.2400,32.6100,,25.4700,2271175.0000,Consumer Services
ETERNAL,Jun 2024,JUN 2024,54.1100,15.7900,,28.6400,2140942.0000,Consumer Services
ETERNAL,Jun 2025,JUN 2025,42.3400,26.4900,,25.1700,2499813.0000,Consumer Services
ETERNAL,Jun 2026,JUN 2026,29.0900,39.2100,,26.9900,2295671.0000,Consumer Services
ETERNAL,Mar 2022,MAR 2022,10.4400,3.0500,,83.6000,1420336.0000,Consumer Services
ETERNAL,Mar 2023,MAR 2023,54.6100,8.0400,,35.1500,1910058.0000,Consumer Services
ETERNAL,Mar 2024,MAR 2024,55.1100,15.2800,,28.0500,1916416.0000,Consumer Services
ETERNAL,Mar 2025,MAR 2025,44.3600,23.4700,,26.0800,2791930.0000,Consumer Services
ETERNAL,Mar 2026,MAR 2026,32.6100,35.8800,,26.6800,2304885.0000,Consumer Services
ETERNAL,Sep 2023,SEP 2023,54.7200,13.0400,,30.4200,1708100.0000,Consumer Services
ETERNAL,Sep 2024,SEP 2024,52.5300,17.3200,,28.8600,2356308.0000,Consumer Services
ETERNAL,Sep 2025,SEP 2025,39.0400,30.0400,,25.1200,2268441.0000,Consumer Services
EXIDEIND,Dec 2023,DEC 2023,12.9400,19.2400,45.9900,21.8200,863842.0000,Automobile and Auto Components
EXIDEIND,Dec 2024,DEC 2024,11.7200,17.6400,45.9900,24.6300,1281235.0000,Automobile and Auto Components
EXIDEIND,Dec 2025,DEC 2025,10.9100,18.7000,45.9900,24.3900,1220670.0000,Automobile and Auto Components
EXIDEIND,Jun 2024,JUN 2024,13.7400,17.8700,45.9900,22.3900,1075626.0000,Automobile and Auto Components
EXIDEIND,Jun 2025,JUN 2025,11.4700,17.3900,45.9900,25.1400,1304140.0000,Automobile and Auto Components
EXIDEIND,Jun 2026,JUN 2026,10.6200,19.3000,45.9900,24.0800,1168806.0000,Automobile and Auto Components
EXIDEIND,Mar 2017,MAR 2017,9.4900,23.9000,45.9900,20.6100,98468.0000,Automobile and Auto Components
EXIDEIND,Mar 2018,MAR 2018,10.6100,23.1100,45.9900,20.2800,127079.0000,Automobile and Auto Components
EXIDEIND,Mar 2019,MAR 2019,9.9300,23.8400,45.9900,20.2300,149444.0000,Automobile and Auto Components
EXIDEIND,Mar 2020,MAR 2020,9.4100,23.4800,45.9900,21.1200,192859.0000,Automobile and Auto Components
EXIDEIND,Mar 2021,MAR 2021,11.9500,24.5600,45.9900,17.4900,360771.0000,Automobile and Auto Components
EXIDEIND,Mar 2022,MAR 2022,10.1300,19.1600,45.9900,24.7100,804288.0000,Automobile and Auto Components
EXIDEIND,Mar 2023,MAR 2023,12.3200,18.9200,45.9900,22.7600,717785.0000,Automobile and Auto Components
EXIDEIND,Mar 2024,MAR 2024,13.5700,18.5700,45.9900,21.8800,943331.0000,Automobile and Auto Components
EXIDEIND,Mar 2025,MAR 2025,11.6000,17.1500,45.9900,25.2500,1338262.0000,Automobile and Auto Components
EXIDEIND,Mar 2026,MAR 2026,10.3000,19.1200,45.9900,24.5900,1203117.0000,Automobile and Auto Components
EXIDEIND,Sep 2023,SEP 2023,12.8100,19.0500,45.9900,22.1400,818681.0000,Automobile and Auto Components
EXIDEIND,Sep 2024,SEP 2024,12.3100,17.9600,45.9900,23.7300,1196190.0000,Automobile and Auto Components
EXIDEIND,Sep 2025,SEP 2025,10.8800,18.4600,45.9900,24.6600,1258107.0000,Automobile and Auto Components
FACT,Dec 2023,DEC 2023,0.1100,8.5900,90.0000,0.9000,61556.0000,Chemicals
FACT,Dec 2024,DEC 2024,0.1000,8.6100,90.0000,0.8900,109350.0000,Chemicals
FACT,Dec 2025,DEC 2025,0.2100,0.0500,90.0000,0.7800,69854.0000,Chemicals
FACT,Jun 2024,JUN 2024,0.1200,8.6000,90.0000,0.8800,92862.0000,Chemicals
FACT,Jun 2025,JUN 2025,0.2000,8.6100,90.0000,0.7900,75843.0000,Chemicals
FACT,Jun 2026,JUN 2026,0.1600,0.0700,90.0000,0.8100,67027.0000,Chemicals
FACT,Mar 2017,MAR 2017,0.0000,8.5600,90.0000,1.0400,16124.0000,Chemicals
FACT,Mar 2018,MAR 2018,0.0000,8.5600,90.0000,1.0400,19717.0000,Chemicals
FACT,Mar 2019,MAR 2019,0.0000,8.5700,90.0000,1.0300,20496.0000,Chemicals
FACT,Mar 2020,MAR 2020,0.0000,8.5600,90.0000,1.0400,21596.0000,Chemicals
FACT,Mar 2021,MAR 2021,0.0000,8.5600,90.0000,1.0400,31067.0000,Chemicals
FACT,Mar 2022,MAR 2022,0.0000,8.5700,90.0000,1.0300,33310.0000,Chemicals
FACT,Mar 2023,MAR 2023,0.0000,8.5700,90.0000,1.0300,45300.0000,Chemicals
FACT,Mar 2024,MAR 2024,0.1100,8.6100,90.0000,0.8900,58568.0000,Chemicals
FACT,Mar 2025,MAR 2025,0.1400,8.5900,90.0000,0.8700,85224.0000,Chemicals
FACT,Mar 2026,MAR 2026,0.2100,0.0600,90.0000,0.7700,68699.0000,Chemicals
FACT,Sep 2023,SEP 2023,0.0700,8.5800,90.0000,0.9500,54769.0000,Chemicals
FACT,Sep 2024,SEP 2024,0.0700,8.6000,90.0000,0.9300,110531.0000,Chemicals
FACT,Sep 2025,SEP 2025,0.2100,0.0500,90.0000,0.7800,71192.0000,Chemicals
FIRSTCRY,Dec 2024,DEC 2024,9.6200,16.6500,,65.9600,117746.0000,Consumer Services
FIRSTCRY,Dec 2025,DEC 2025,4.0100,21.9700,,66.9300,139204.0000,Consumer Services
FIRSTCRY,Jun 2025,JUN 2025,7.0300,18.6500,,66.9400,140001.0000,Consumer Services
FIRSTCRY,Jun 2026,JUN 2026,3.6100,22.7100,,66.7000,145922.0000,Consumer Services
FIRSTCRY,Mar 2025,MAR 2025,7.9400,18.0800,,66.3800,115602.0000,Consumer Services
FIRSTCRY,Mar 2026,MAR 2026,3.5200,23.6700,,65.7500,140637.0000,Consumer Services
FIRSTCRY,Sep 2024,SEP 2024,9.0700,16.8300,,66.3000,130419.0000,Consumer Services
FIRSTCRY,Sep 2025,SEP 2025,5.2200,21.0400,,66.4300,137820.0000,Consumer Services
FLUOROCHEM,Dec 2023,DEC 2023,4.5800,8.5900,63.8000,23.0100,71178.0000,Chemicals
FLUOROCHEM,Dec 2024,DEC 2024,4.6100,10.0500,62.5700,22.7700,68544.0000,Chemicals
FLUOROCHEM,Dec 2025,DEC 2025,4.3100,12.8100,61.3900,21.4900,64664.0000,Chemicals
FLUOROCHEM,Jun 2024,JUN 2024,5.2000,9.6000,62.5700,22.6200,68283.0000,Chemicals
FLUOROCHEM,Jun 2025,JUN 2025,4.2500,11.4700,62.5700,21.6900,68420.0000,Chemicals
FLUOROCHEM,Jun 2026,JUN 2026,4.4100,13.3300,61.3900,20.8600,61120.0000,Chemicals
FLUOROCHEM,Mar 2020,MAR 2020,4.5200,6.9900,68.3700,20.1200,12468.0000,Chemicals
FLUOROCHEM,Mar 2021,MAR 2021,2.3000,5.7300,68.3700,23.6000,18997.0000,Chemicals
FLUOROCHEM,Mar 2022,MAR 2022,4.1900,4.3000,66.0800,25.4300,44320.0000,Chemicals
FLUOROCHEM,Mar 2023,MAR 2023,4.8500,5.8700,63.8000,25.4700,61983.0000,Chemicals
FLUOROCHEM,Mar 2024,MAR 2024,4.5100,8.7600,63.8000,22.9100,67328.0000,Chemicals
FLUOROCHEM,Mar 2025,MAR 2025,4.6300,10.7400,62.5700,22.0500,66906.0000,Chemicals
FLUOROCHEM,Mar 2026,MAR 2026,4.2800,13.4800,61.3900,20.8500,62703.0000,Chemicals
FLUOROCHEM,Sep 2023,SEP 2023,4.8200,7.6800,63.8000,23.6900,80610.0000,Chemicals
FLUOROCHEM,Sep 2024,SEP 2024,4.8800,9.5600,62.5700,22.9800,66592.0000,Chemicals
FLUOROCHEM,Sep 2025,SEP 2025,4.3600,12.7300,61.3900,21.5100,66493.0000,Chemicals
FSL,Dec 2023,DEC 2023,9.8900,18.1600,53.6600,16.8600,275233.0000,Services
FSL,Dec 2024,DEC 2024,11.0100,20.8900,53.6600,13.3600,280639.0000,Services
FSL,Dec 2025,DEC 2025,9.2000,25.1900,53.6600,11.1100,230472.0000,Services
FSL,Jun 2024,JUN 2024,9.3600,19.5200,53.6600,16.1500,258789.0000,Services
FSL,Jun 2025,JUN 2025,9.5800,23.9500,53.6600,11.9200,254253.0000,Services
FSL,Jun 2026,JUN 2026,8.3800,25.4100,53.6600,11.7100,242813.0000,Services
FSL,Mar 2017,MAR 2017,9.1800,6.8400,54.8900,29.0900,133523.0000,Services
FSL,Mar 2018,MAR 2018,7.6400,7.1400,54.4700,30.7500,154810.0000,Services
FSL,Mar 2019,MAR 2019,9.8400,9.1400,54.1200,26.9000,162609.0000,Services
FSL,Mar 2020,MAR 2020,9.5200,12.3600,53.9000,23.8500,165312.0000,Services
FSL,Mar 2021,MAR 2021,10.4500,14.3100,53.7200,19.0800,195877.0000,Services
FSL,Mar 2022,MAR 2022,7.7900,14.7500,53.6600,21.3600,320499.0000,Services
FSL,Mar 2023,MAR 2023,8.9500,15.0600,53.6600,20.0900,309891.0000,Services
FSL,Mar 2024,MAR 2024,9.5900,19.2700,53.6600,16.1500,266874.0000,Services
FSL,Mar 2025,MAR 2025,10.0700,22.9000,53.6600,12.2600,266868.0000,Services
FSL,Mar 2026,MAR 2026,8.8500,25.4900,53.6600,11.0500,229935.0000,Services
FSL,Sep 2023,SEP 2023,10.2100,16.2200,53.6600,17.9100,287185.0000,Services
FSL,Sep 2024,SEP 2024,11.6300,18.6000,53.6600,15.0000,282859.0000,Services
FSL,Sep 2025,SEP 2025,9.2500,24.6300,53.6600,11.5900,240982.0000,Services
GAIL,Dec 2023,DEC 2023,14.2400,19.3700,51.9000,6.5800,1011145.0000,Oil Gas & Consumable Fuels
GAIL,Dec 2024,DEC 2024,16.0500,17.5900,51.9000,6.8400,1602028.0000,Oil Gas & Consumable Fuels
GAIL,Dec 2025,DEC 2025,14.0700,19.7600,51.8800,6.6900,1588210.0000,Oil Gas & Consumable Fuels
GAIL,Jun 2024,JUN 2024,15.2000,18.1300,51.9200,7.1400,1517622.0000,Oil Gas & Consumable Fuels
GAIL,Jun 2025,JUN 2025,14.9100,18.9300,51.8800,6.6600,1638227.0000,Oil Gas & Consumable Fuels
GAIL,Jun 2026,JUN 2026,15.0000,19.0900,51.7900,6.5200,1566827.0000,Oil Gas & Consumable Fuels
GAIL,Mar 2017,MAR 2017,15.2600,17.1000,54.9700,5.2900,173874.0000,Oil Gas & Consumable Fuels
GAIL,Mar 2018,MAR 2018,17.4100,16.2400,53.9600,4.9700,185671.0000,Oil Gas & Consumable Fuels
GAIL,Mar 2019,MAR 2019,20.8600,14.6500,52.6400,3.7200,178529.0000,Oil Gas & Consumable Fuels
GAIL,Mar 2020,MAR 2020,16.3000,18.3100,52.0600,5.0200,345342.0000,Oil Gas & Consumable Fuels
GAIL,Mar 2021,MAR 2021,15.6300,19.3200,51.8200,4.7600,523217.0000,Oil Gas & Consumable Fuels
GAIL,Mar 2022,MAR 2022,19.6200,15.9000,51.8000,4.7500,726712.0000,Oil Gas & Consumable Fuels
GAIL,Mar 2023,MAR 2023,16.4000,17.9300,51.9100,5.8300,925222.0000,Oil Gas & Consumable Fuels
GAIL,Mar 2024,MAR 2024,14.1700,19.5600,51.9000,6.7500,1227209.0000,Oil Gas & Consumable Fuels
GAIL,Mar 2025,MAR 2025,14.7900,19.0200,51.8800,6.6800,1671482.0000,Oil Gas & Consumable Fuels
GAIL,Mar 2026,MAR 2026,13.0400,20.5000,51.8800,6.9800,1617716.0000,Oil Gas & Consumable Fuels
GAIL,Sep 2023,SEP 2023,14.7600,19.1400,51.9100,6.3000,945498.0000,Oil Gas & Consumable Fuels
GAIL,Sep 2024,SEP 2024,16.7900,16.9200,51.9200,6.7600,1550416.0000,Oil Gas & Consumable Fuels
GAIL,Sep 2025,SEP 2025,13.7200,19.8800,51.8800,6.9200,1632187.0000,Oil Gas & Consumable Fuels
GESHIP,Dec 2023,DEC 2023,26.7500,16.3900,30.0800,26.7600,98047.0000,Services
GESHIP,Dec 2024,DEC 2024,25.0400,15.2100,30.0800,29.6500,196156.0000,Services
GESHIP,Dec 2025,DEC 2025,25.7000,16.2000,30.0800,28.0100,179908.0000,Services
GESHIP,Jun 2024,JUN 2024,24.5100,17.3600,30.0800,28.0500,124075.0000,Services
GESHIP,Jun 2025,JUN 2025,24.6400,15.1100,30.0800,30.1600,209359.0000,Services
GESHIP,Jun 2026,JUN 2026,31.0300,12.8100,30.0800,26.0800,168304.0000,Services
GESHIP,Mar 2017,MAR 2017,23.1600,19.4500,30.2200,26.8900,71393.0000,Services
GESHIP,Mar 2018,MAR 2018,21.7700,22.2700,29.6600,26.2900,64218.0000,Services
GESHIP,Mar 2019,MAR 2019,19.1900,25.0600,29.6600,26.0800,64301.0000,Services
GESHIP,Mar 2020,MAR 2020,22.0200,22.0400,28.8300,27.1100,61021.0000,Services
GESHIP,Mar 2021,MAR 2021,18.6600,25.1300,29.2100,26.9800,64255.0000,Services
GESHIP,Mar 2022,MAR 2022,21.9400,20.3600,30.0600,27.6300,75428.0000,Services
GESHIP,Mar 2023,MAR 2023,25.9400,17.0400,30.0800,26.9300,79041.0000,Services
GESHIP,Mar 2024,MAR 2024,27.4100,16.6000,30.0800,25.9100,100251.0000,Services
GESHIP,Mar 2025,MAR 2025,25.4400,14.9000,30.0800,29.5700,199951.0000,Services
GESHIP,Mar 2026,MAR 2026,28.4400,15.2500,30.0800,26.2500,156718.0000,Services
GESHIP,Sep 2023,SEP 2023,27.3000,15.9100,30.0800,26.7200,95757.0000,Services
GESHIP,Sep 2024,SEP 2024,24.6400,15.6800,30.0800,29.5900,193919.0000,Services
GESHIP,Sep 2025,SEP 2025,24.8800,15.8400,30.0800,29.2000,196126.0000,Services
GILLETTE,Dec 2023,DEC 2023,0.6400,11.2200,75.0000,13.1500,49675.0000,Fast Moving Consumer Goods
GILLETTE,Dec 2024,DEC 2024,4.1100,9.9500,75.0000,10.9400,51396.0000,Fast Moving Consumer Goods
GILLETTE,Dec 2025,DEC 2025,4.7700,8.8900,75.0000,11.3300,60907.0000,Fast Moving Consumer Goods
GILLETTE,Jun 2024,JUN 2024,1.8400,12.0800,75.0000,11.0800,47721.0000,Fast Moving Consumer Goods
GILLETTE,Jun 2025,JUN 2025,4.8200,9.6000,75.0000,10.5800,49531.0000,Fast Moving Consumer Goods
GILLETTE,Jun 2026,JUN 2026,4.3300,8.7600,75.0000,11.9100,66389.0000,Fast Moving Consumer Goods
GILLETTE,Mar 2017,MAR 2017,5.5800,4.7700,75.0000,14.6600,25643.0000,Fast Moving Consumer Goods
GILLETTE,Mar 2018,MAR 2018,5.2200,5.6800,75.0000,14.1100,24917.0000,Fast Moving Consumer Goods
GILLETTE,Mar 2019,MAR 2019,4.2700,7.1100,75.0000,13.6200,26531.0000,Fast Moving Consumer Goods
GILLETTE,Mar 2020,MAR 2020,3.9500,7.5000,75.0000,13.5500,37764.0000,Fast Moving Consumer Goods
GILLETTE,Mar 2021,MAR 2021,2.0400,10.6900,75.0000,12.2700,47662.0000,Fast Moving Consumer Goods
GILLETTE,Mar 2022,MAR 2022,2.1700,10.3400,75.0000,12.5000,51031.0000,Fast Moving Consumer Goods
GILLETTE,Mar 2023,MAR 2023,1.5200,10.7800,75.0000,12.7100,48189.0000,Fast Moving Consumer Goods
GILLETTE,Mar 2024,MAR 2024,0.7100,12.8200,75.0000,11.4800,51118.0000,Fast Moving Consumer Goods
GILLETTE,Mar 2025,MAR 2025,4.3300,9.8900,75.0000,10.7800,52134.0000,Fast Moving Consumer Goods
GILLETTE,Mar 2026,MAR 2026,4.3600,9.2500,75.0000,11.3900,62885.0000,Fast Moving Consumer Goods
GILLETTE,Sep 2023,SEP 2023,0.6100,11.0800,75.0000,13.3200,50836.0000,Fast Moving Consumer Goods
GILLETTE,Sep 2024,SEP 2024,3.2700,10.7900,75.0000,10.9600,50730.0000,Fast Moving Consumer Goods
GILLETTE,Sep 2025,SEP 2025,5.0100,9.1500,75.0000,10.8300,52984.0000,Fast Moving Consumer Goods
GMDCLTD,Dec 2023,DEC 2023,1.7600,0.8900,74.0000,23.3400,179043.0000,Metals & Mining
GMDCLTD,Dec 2024,DEC 2024,1.9400,0.7500,74.0000,23.3300,251813.0000,Metals & Mining
GMDCLTD,Dec 2025,DEC 2025,2.3000,0.8600,74.0000,22.8400,237220.0000,Metals & Mining
GMDCLTD,Jun 2024,JUN 2024,1.6000,1.0000,74.0000,23.3600,241725.0000,Metals & Mining
GMDCLTD,Jun 2025,JUN 2025,2.2500,0.7900,74.0000,22.9700,227850.0000,Metals & Mining
GMDCLTD,Jun 2026,JUN 2026,3.6600,0.8100,74.0000,21.5300,248480.0000,Metals & Mining
GMDCLTD,Mar 2017,MAR 2017,3.5300,11.4400,74.0000,11.0300,63943.0000,Metals & Mining
GMDCLTD,Mar 2018,MAR 2018,4.3900,10.9300,74.0000,10.6500,63410.0000,Metals & Mining
GMDCLTD,Mar 2019,MAR 2019,3.4700,10.6100,74.0000,11.8900,66997.0000,Metals & Mining
GMDCLTD,Mar 2020,MAR 2020,2.4400,9.9800,74.0000,13.5500,69889.0000,Metals & Mining
GMDCLTD,Mar 2021,MAR 2021,1.2900,2.5000,74.0000,22.1800,105891.0000,Metals & Mining
GMDCLTD,Mar 2022,MAR 2022,2.9300,2.6600,74.0000,20.3600,110224.0000,Metals & Mining
GMDCLTD,Mar 2023,MAR 2023,3.8200,1.6500,74.0000,20.5400,128257.0000,Metals & Mining
GMDCLTD,Mar 2024,MAR 2024,1.8200,0.7500,74.0000,23.4300,229463.0000,Metals & Mining
GMDCLTD,Mar 2025,MAR 2025,2.1500,0.7600,74.0000,23.1000,250538.0000,Metals & Mining
GMDCLTD,Mar 2026,MAR 2026,3.7600,0.9400,74.0000,21.3100,241551.0000,Metals & Mining
GMDCLTD,Sep 2023,SEP 2023,1.8900,1.0000,74.0000,23.0900,156002.0000,Metals & Mining
GMDCLTD,Sep 2024,SEP 2024,1.6800,0.7800,74.0000,23.5400,252024.0000,Metals & Mining
GMDCLTD,Sep 2025,SEP 2025,3.3200,0.7600,74.0000,21.9200,224558.0000,Metals & Mining
GMRAIRPORT,Dec 2023,DEC 2023,27.3800,5.2200,59.0700,8.3400,542960.0000,Services
GMRAIRPORT,Dec 2024,DEC 2024,14.8600,4.3200,66.0700,14.7400,868022.0000,Services
GMRAIRPORT,Dec 2025,DEC 2025,18.9600,4.5900,66.2400,10.1900,720205.0000,Services
GMRAIRPORT,Jun 2024,JUN 2024,25.9800,5.7400,59.0700,9.2100,866851.0000,Services
GMRAIRPORT,Jun 2025,JUN 2025,15.7400,4.4500,66.2400,13.5600,814655.0000,Services
GMRAIRPORT,Jun 2026,JUN 2026,21.7400,5.1400,67.1600,5.9500,676526.0000,Services
GMRAIRPORT,Mar 2017,MAR 2017,20.4200,7.8300,61.6600,10.0900,414865.0000,Services
GMRAIRPORT,Mar 2018,MAR 2018,17.0600,9.1200,61.6600,11.8700,429165.0000,Services
GMRAIRPORT,Mar 2019,MAR 2019,18.2100,6.5900,63.2200,11.6900,396937.0000,Services
GMRAIRPORT,Mar 2020,MAR 2020,20.5800,3.7300,65.3100,10.3700,367711.0000,Services
GMRAIRPORT,Mar 2021,MAR 2021,23.7500,3.1500,62.6100,10.5000,358271.0000,Services
GMRAIRPORT,Mar 2022,MAR 2022,27.6600,2.4500,58.9000,10.9900,517167.0000,Services
GMRAIRPORT,Mar 2023,MAR 2023,28.3600,4.1100,59.0000,8.5400,465886.0000,Services
GMRAIRPORT,Mar 2024,MAR 2024,26.7800,6.0700,59.0700,8.0800,693438.0000,Services
GMRAIRPORT,Mar 2025,MAR 2025,15.0900,4.1300,66.2400,14.5500,856740.0000,Services
GMRAIRPORT,Mar 2026,MAR 2026,20.1700,4.9300,66.3300,8.5600,694272.0000,Services
GMRAIRPORT,Sep 2023,SEP 2023,28.0100,4.2800,59.0700,8.6500,461999.0000,Services
GMRAIRPORT,Sep 2024,SEP 2024,14.8100,4.4600,66.0700,14.6500,853872.0000,Services
GMRAIRPORT,Sep 2025,SEP 2025,17.0800,4.8000,66.2400,11.8800,761800.0000,Services
GODFRYPHLP,Dec 2023,DEC 2023,10.1300,1.5500,72.5800,15.6800,41640.0000,Fast Moving Consumer Goods
GODFRYPHLP,Dec 2024,DEC 2024,10.6300,1.9900,72.5800,14.4300,78189.0000,Fast Moving Consumer Goods
GODFRYPHLP,Dec 2025,DEC 2025,8.1500,4.2100,72.5800,15.0300,123283.0000,Fast Moving Consumer Goods
GODFRYPHLP,Jun 2024,JUN 2024,10.8300,1.9000,72.5800,14.2400,39116.0000,Fast Moving Consumer Goods
GODFRYPHLP,Jun 2025,JUN 2025,9.3200,3.8500,72.5800,14.2100,63714.0000,Fast Moving Consumer Goods
GODFRYPHLP,Jun 2026,JUN 2026,7.8000,3.6600,72.5800,15.9300,156601.0000,Fast Moving Consumer Goods
GODFRYPHLP,Mar 2017,MAR 2017,10.7800,0.3800,72.1900,16.6000,20000.0000,Fast Moving Consumer Goods
GODFRYPHLP,Mar 2018,MAR 2018,11.9200,1.5600,72.1900,14.2800,20977.0000,Fast Moving Consumer Goods
GODFRYPHLP,Mar 2019,MAR 2019,12.3600,2.0000,72.1900,13.4000,18415.0000,Fast Moving Consumer Goods
GODFRYPHLP,Mar 2020,MAR 2020,11.7000,2.1800,72.1900,13.8900,21651.0000,Fast Moving Consumer Goods
GODFRYPHLP,Mar 2021,MAR 2021,10.5500,1.8900,72.7800,14.7300,36969.0000,Fast Moving Consumer Goods
GODFRYPHLP,Mar 2022,MAR 2022,10.1600,1.6200,72.8300,15.3500,30067.0000,Fast Moving Consumer Goods
GODFRYPHLP,Mar 2023,MAR 2023,10.0500,1.6200,72.5800,15.6900,44386.0000,Fast Moving Consumer Goods
GODFRYPHLP,Mar 2024,MAR 2024,10.7600,1.5200,72.5800,14.6700,38489.0000,Fast Moving Consumer Goods
GODFRYPHLP,Mar 2025,MAR 2025,9.7200,3.2900,72.5800,14.3600,74994.0000,Fast Moving Consumer Goods
GODFRYPHLP,Mar 2026,MAR 2026,7.9100,3.2800,72.5800,16.2000,166845.0000,Fast Moving Consumer Goods
GODFRYPHLP,Sep 2023,SEP 2023,9.9300,1.5500,72.5800,15.8800,38936.0000,Fast Moving Consumer Goods
GODFRYPHLP,Sep 2024,SEP 2024,10.8000,1.9700,72.5800,14.1900,73826.0000,Fast Moving Consumer Goods
GODFRYPHLP,Sep 2025,SEP 2025,7.9400,4.1200,72.5800,15.3300,112766.0000,Fast Moving Consumer Goods
GODREJCP,Dec 2023,DEC 2023,22.9400,8.3800,63.2100,5.4400,187088.0000,Fast Moving Consumer Goods
GODREJCP,Dec 2024,DEC 2024,20.6800,11.0300,53.0400,15.2500,225182.0000,Fast Moving Consumer Goods
GODREJCP,Dec 2025,DEC 2025,15.4100,16.4900,53.0600,15.0600,219727.0000,Fast Moving Consumer Goods
GODREJCP,Jun 2024,JUN 2024,22.4200,9.3000,63.0100,5.2600,189749.0000,Fast Moving Consumer Goods
GODREJCP,Jun 2025,JUN 2025,19.3500,12.4000,53.0700,15.1800,228652.0000,Fast Moving Consumer Goods
GODREJCP,Jun 2026,JUN 2026,12.3300,19.5800,53.0600,15.0300,212717.0000,Fast Moving Consumer Goods
GODREJCP,Mar 2017,MAR 2017,28.4300,2.1600,63.2700,6.1400,82320.0000,Fast Moving Consumer Goods
GODREJCP,Mar 2018,MAR 2018,28.0100,2.2400,63.2600,6.4900,89899.0000,Fast Moving Consumer Goods
GODREJCP,Mar 2019,MAR 2019,27.4600,2.5400,63.2500,6.7500,126360.0000,Fast Moving Consumer Goods
GODREJCP,Mar 2020,MAR 2020,26.3400,3.1100,63.2400,7.3200,170674.0000,Fast Moving Consumer Goods
GODREJCP,Mar 2021,MAR 2021,26.6100,3.0500,63.2300,7.1100,184118.0000,Fast Moving Consumer Goods
GODREJCP,Mar 2022,MAR 2022,24.1600,5.9300,63.2200,6.6900,247809.0000,Fast Moving Consumer Goods
GODREJCP,Mar 2023,MAR 2023,23.7200,7.1100,63.2200,5.9500,208967.0000,Fast Moving Consumer Goods
GODREJCP,Mar 2024,MAR 2024,22.5600,8.9400,63.2100,5.2700,187692.0000,Fast Moving Consumer Goods
GODREJCP,Mar 2025,MAR 2025,19.5400,12.1900,53.0700,15.2000,235621.0000,Fast Moving Consumer Goods
GODREJCP,Mar 2026,MAR 2026,13.9400,18.0000,53.0600,14.9900,213565.0000,Fast Moving Consumer Goods
GODREJCP,Sep 2023,SEP 2023,23.5100,7.6500,63.2100,5.6200,198741.0000,Fast Moving Consumer Goods
GODREJCP,Sep 2024,SEP 2024,22.0300,9.6100,63.0000,5.3600,192421.0000,Fast Moving Consumer Goods
GODREJCP,Sep 2025,SEP 2025,18.2300,13.5800,53.0700,15.1100,227505.0000,Fast Moving Consumer Goods
GODREJIND,Dec 2023,DEC 2023,10.1700,2.9000,67.1600,19.7700,94147.0000,Diversified
GODREJIND,Dec 2024,DEC 2024,8.2400,4.4200,65.7300,21.6100,85797.0000,Diversified
GODREJIND,Dec 2025,DEC 2025,4.8600,3.2900,74.6400,17.2200,81889.0000,Diversified
GODREJIND,Jun 2024,JUN 2024,8.0200,5.0100,67.1600,19.8100,95338.0000,Diversified
GODREJIND,Jun 2025,JUN 2025,5.6600,2.5400,70.9700,20.8300,84610.0000,Diversified
GODREJIND,Jun 2026,JUN 2026,4.5600,3.4700,74.6400,17.3200,84502.0000,Diversified
GODREJIND,Mar 2017,MAR 2017,14.7900,3.1900,74.7700,7.1700,56099.0000,Diversified
GODREJIND,Mar 2018,MAR 2018,12.2500,4.5900,74.7400,8.4200,68773.0000,Diversified
GODREJIND,Mar 2019,MAR 2019,12.1200,4.7000,61.3300,21.8500,76243.0000,Diversified
GODREJIND,Mar 2020,MAR 2020,11.2200,4.6200,62.2100,21.9500,82879.0000,Diversified
GODREJIND,Mar 2021,MAR 2021,7.7900,5.0600,67.1900,19.9500,87357.0000,Diversified
GODREJIND,Mar 2022,MAR 2022,9.0000,3.2700,67.1800,20.5500,95100.0000,Diversified
GODREJIND,Mar 2023,MAR 2023,10.4100,2.1300,67.1700,20.2800,96476.0000,Diversified
GODREJIND,Mar 2024,MAR 2024,7.9200,4.8600,67.1600,20.0500,90399.0000,Diversified
GODREJIND,Mar 2025,MAR 2025,6.9700,2.4900,69.6500,20.8900,87744.0000,Diversified
GODREJIND,Mar 2026,MAR 2026,4.4700,3.4700,74.6300,17.4300,84014.0000,Diversified
GODREJIND,Sep 2023,SEP 2023,10.3900,2.3400,67.1600,20.1200,91441.0000,Diversified
GODREJIND,Sep 2024,SEP 2024,8.3800,4.7600,67.6900,19.1700,87922.0000,Diversified
GODREJIND,Sep 2025,SEP 2025,5.1200,2.7700,71.3100,20.8100,82219.0000,Diversified
GODREJPROP,Dec 2023,DEC 2023,29.7300,4.6900,58.4800,7.1000,141035.0000,Realty
GODREJPROP,Dec 2024,DEC 2024,30.8500,9.4100,46.5000,13.2700,149218.0000,Realty
GODREJPROP,Dec 2025,DEC 2025,28.1500,10.7800,47.1700,13.9200,181277.0000,Realty
GODREJPROP,Jun 2024,JUN 2024,29.9100,5.6200,58.4700,5.9800,133402.0000,Realty
GODREJPROP,Jun 2025,JUN 2025,30.5400,9.0700,46.7000,13.7000,172914.0000,Realty
GODREJPROP,Jun 2026,JUN 2026,25.3200,9.0300,51.6600,14.0200,189178.0000,Realty
GODREJPROP,Mar 2017,MAR 2017,8.8900,2.8500,74.9100,13.3500,37679.0000,Realty
GODREJPROP,Mar 2018,MAR 2018,8.8800,2.4900,74.8700,13.7600,40928.0000,Realty
GODREJPROP,Mar 2019,MAR 2019,13.7900,1.6400,70.8300,13.7400,42053.0000,Realty
GODREJPROP,Mar 2020,MAR 2020,19.2500,4.9700,64.4500,11.3300,47785.0000,Realty
GODREJPROP,Mar 2021,MAR 2021,27.8900,5.2200,58.4400,8.4500,73516.0000,Realty
GODREJPROP,Mar 2022,MAR 2022,28.3800,4.5600,58.4300,8.6300,175189.0000,Realty
GODREJPROP,Mar 2023,MAR 2023,27.0900,4.6900,58.4800,9.7400,198301.0000,Realty
GODREJPROP,Mar 2024,MAR 2024,29.6700,5.5600,58.4800,6.3100,132152.0000,Realty
GODREJPROP,Mar 2025,MAR 2025,30.5400,9.3300,46.6700,13.4600,163470.0000,Realty
GODREJPROP,Mar 2026,MAR 2026,26.1700,8.1900,51.6600,13.9800,189691.0000,Realty
GODREJPROP,Sep 2023,SEP 2023,29.2500,4.6100,58.4800,7.6600,152769.0000,Realty
GODREJPROP,Sep 2024,SEP 2024,28.3300,7.1200,58.4700,6.0800,138274.0000,Realty
GODREJPROP,Sep 2025,SEP 2025,28.3100,10.4200,47.0500,14.2200,188989.0000,Realty
GRASIM,Dec 2023,DEC 2023,12.5200,16.7000,42.7500,27.6900,234446.0000,Construction Materials
GRASIM,Dec 2024,DEC 2024,13.5000,17.9000,43.1100,25.1700,258955.0000,Construction Materials
GRASIM,Dec 2025,DEC 2025,14.4900,16.9900,43.2100,24.9300,238208.0000,Construction Materials
GRASIM,Jun 2024,JUN 2024,13.6900,16.6600,43.0500,26.2900,253671.0000,Construction Materials
GRASIM,Jun 2025,JUN 2025,13.7900,17.9100,43.1100,24.8700,247628.0000,Construction Materials
GRASIM,Jun 2026,JUN 2026,14.6300,16.1300,43.7300,25.1500,241017.0000,Construction Materials
GRASIM,Mar 2017,MAR 2017,28.1100,16.4500,31.2700,24.1700,152463.0000,Construction Materials
GRASIM,Mar 2018,MAR 2018,27.4300,12.6100,40.1000,19.8600,230926.0000,Construction Materials
GRASIM,Mar 2019,MAR 2019,20.0000,18.6700,40.1500,20.9700,232610.0000,Construction Materials
GRASIM,Mar 2020,MAR 2020,13.5200,22.8600,40.2600,23.1500,233934.0000,Construction Materials
GRASIM,Mar 2021,MAR 2021,14.4400,16.8100,41.8300,26.7200,222181.0000,Construction Materials
GRASIM,Mar 2022,MAR 2022,12.7100,14.4300,42.7600,29.8700,262650.0000,Construction Materials
GRASIM,Mar 2023,MAR 2023,12.4500,16.8200,42.7500,27.6900,247265.0000,Construction Materials
GRASIM,Mar 2024,MAR 2024,12.7000,16.6900,43.0500,27.2400,252317.0000,Construction Materials
GRASIM,Mar 2025,MAR 2025,13.4500,18.2400,43.1100,24.8700,255169.0000,Construction Materials
GRASIM,Mar 2026,MAR 2026,14.9100,16.2800,43.7300,24.7500,244870.0000,Construction Materials
GRASIM,Sep 2023,SEP 2023,12.1700,16.9000,42.7500,27.8000,239780.0000,Construction Materials
GRASIM,Sep 2024,SEP 2024,13.7800,17.7500,43.1100,25.0400,265202.0000,Construction Materials
GRASIM,Sep 2025,SEP 2025,14.3700,17.2700,43.1100,24.9200,244718.0000,Construction Materials
GRAVITA,Dec 2023,DEC 2023,10.5800,0.4300,66.4800,21.0600,81524.0000,Metals & Mining
GRAVITA,Dec 2024,DEC 2024,14.1200,5.4100,59.2700,19.8300,125894.0000,Metals & Mining
GRAVITA,Dec 2025,DEC 2025,15.7500,4.7100,55.8800,22.3300,146728.0000,Metals & Mining
GRAVITA,Jun 2024,JUN 2024,13.4000,2.6100,63.3700,19.1800,75740.0000,Metals & Mining
GRAVITA,Jun 2025,JUN 2025,15.0900,4.4100,55.8800,23.2700,150647.0000,Metals & Mining
GRAVITA,Jun 2026,JUN 2026,12.8600,5.5200,55.8800,24.4400,157641.0000,Metals & Mining
GRAVITA,Mar 2017,MAR 2017,4.5000,0.2800,73.0600,22.1600,9008.0000,Metals & Mining
GRAVITA,Mar 2018,MAR 2018,0.2500,2.2300,72.8100,24.6000,17973.0000,Metals & Mining
GRAVITA,Mar 2019,MAR 2019,0.0000,2.0200,72.7700,24.9200,17055.0000,Metals & Mining
GRAVITA,Mar 2020,MAR 2020,0.0000,0.6300,72.5100,25.8200,15891.0000,Metals & Mining
GRAVITA,Mar 2021,MAR 2021,0.0000,0.2500,73.0000,24.7500,18708.0000,Metals & Mining
GRAVITA,Mar 2022,MAR 2022,1.2100,0.1500,73.0000,23.6400,43751.0000,Metals & Mining
GRAVITA,Mar 2023,MAR 2023,3.0800,0.2500,73.0000,21.6600,53190.0000,Metals & Mining
GRAVITA,Mar 2024,MAR 2024,11.0800,0.4300,66.4800,20.5600,75335.0000,Metals & Mining
GRAVITA,Mar 2025,MAR 2025,14.0300,5.4400,59.2700,19.9000,126954.0000,Metals & Mining
GRAVITA,Mar 2026,MAR 2026,13.9400,5.1500,55.8800,23.7100,151337.0000,Metals & Mining
GRAVITA,Sep 2023,SEP 2023,9.9900,0.4200,66.4800,21.6600,76242.0000,Metals & Mining
GRAVITA,Sep 2024,SEP 2024,14.0100,3.2100,63.3700,17.9500,97869.0000,Metals & Mining
GRAVITA,Sep 2025,SEP 2025,14.6500,4.8700,55.8800,23.2600,160487.0000,Metals & Mining
HAVELLS,Dec 2023,DEC 2023,23.9600,10.0000,59.4300,6.4900,231540.0000,Consumer Durables
HAVELLS,Dec 2024,DEC 2024,23.4600,11.4300,59.4100,5.5700,237325.0000,Consumer Durables
HAVELLS,Dec 2025,DEC 2025,17.9600,16.5300,59.3800,5.9500,276128.0000,Consumer Durables
HAVELLS,Jun 2024,JUN 2024,25.3300,9.4200,59.4100,5.6600,214713.0000,Consumer Durables
HAVELLS,Jun 2025,JUN 2025,21.5900,13.1800,59.3800,5.6200,259315.0000,Consumer Durables
HAVELLS,Jun 2026,JUN 2026,15.9100,18.0400,59.3500,6.4700,303644.0000,Consumer Durables
HAVELLS,Mar 2017,MAR 2017,26.5300,2.6600,61.6100,9.2000,75662.0000,Consumer Durables
HAVELLS,Mar 2018,MAR 2018,24.9300,5.0500,59.5800,10.3100,92401.0000,Consumer Durables
HAVELLS,Mar 2019,MAR 2019,27.2800,4.3000,59.5500,8.7100,99194.0000,Consumer Durables
HAVELLS,Mar 2020,MAR 2020,23.0400,8.2700,59.5200,8.9400,134599.0000,Consumer Durables
HAVELLS,Mar 2021,MAR 2021,24.9100,7.8900,59.5000,7.5100,158514.0000,Consumer Durables
HAVELLS,Mar 2022,MAR 2022,24.4400,8.1500,59.4700,7.8300,256093.0000,Consumer Durables
HAVELLS,Mar 2023,MAR 2023,23.1100,10.2700,59.4500,7.0500,239686.0000,Consumer Durables
HAVELLS,Mar 2024,MAR 2024,24.8300,9.7700,59.4300,5.8500,224428.0000,Consumer Durables
HAVELLS,Mar 2025,MAR 2025,22.3100,12.6300,59.4100,5.5200,246910.0000,Consumer Durables
HAVELLS,Mar 2026,MAR 2026,16.9300,17.5000,59.3800,5.9600,274520.0000,Consumer Durables
HAVELLS,Sep 2023,SEP 2023,24.1900,9.3800,59.4300,6.9000,224208.0000,Consumer Durables
HAVELLS,Sep 2024,SEP 2024,24.7600,10.1000,59.4100,5.5800,213745.0000,Consumer Durables
HAVELLS,Sep 2025,SEP 2025,19.2800,15.3500,59.3800,5.8100,266872.0000,Consumer Durables
HCLTECH,Dec 2023,DEC 2023,19.4200,15.1200,60.8200,4.4000,852902.0000,Information Technology
HCLTECH,Dec 2024,DEC 2024,19.3800,15.2100,60.8200,4.4200,868735.0000,Information Technology
HCLTECH,Dec 2025,DEC 2025,16.2100,18.3700,60.8200,4.2600,882505.0000,Information Technology
HCLTECH,Jun 2024,JUN 2024,18.4500,15.7700,60.8200,4.6500,950147.0000,Information Technology
HCLTECH,Jun 2025,JUN 2025,18.5600,16.1700,60.8200,4.2400,885835.0000,Information Technology
HCLTECH,Jun 2026,JUN 2026,14.9000,18.7500,60.8800,5.1400,1023551.0000,Information Technology
HCLTECH,Mar 2017,MAR 2017,24.5600,7.7400,59.6800,8.0200,174681.0000,Information Technology
HCLTECH,Mar 2018,MAR 2018,26.5400,9.7800,60.1800,3.4900,145973.0000,Information Technology
HCLTECH,Mar 2019,MAR 2019,28.7400,7.6700,60.0000,3.5800,154700.0000,Information Technology
HCLTECH,Mar 2020,MAR 2020,26.4200,9.1100,60.3300,4.1000,215542.0000,Information Technology
HCLTECH,Mar 2021,MAR 2021,24.1400,10.5400,60.3300,4.9700,517847.0000,Information Technology
HCLTECH,Mar 2022,MAR 2022,18.9700,14.6800,60.7200,5.3800,908055.0000,Information Technology
HCLTECH,Mar 2023,MAR 2023,18.9200,15.2800,60.8200,4.7400,940079.0000,Information Technology
HCLTECH,Mar 2024,MAR 2024,19.6500,14.9500,60.8200,4.3500,855960.0000,Information Technology
HCLTECH,Mar 2025,MAR 2025,19.1500,15.4400,60.8200,4.3700,880722.0000,Information Technology
HCLTECH,Mar 2026,MAR 2026,15.5100,18.9500,60.8600,4.3600,877717.0000,Information Technology
HCLTECH,Sep 2023,SEP 2023,18.8000,15.6200,60.8200,4.5400,879120.0000,Information Technology
HCLTECH,Sep 2024,SEP 2024,18.6700,15.7800,60.8200,4.5300,875164.0000,Information Technology
HCLTECH,Sep 2025,SEP 2025,16.6400,17.8000,60.8200,4.4100,929235.0000,Information Technology
HEXT,Dec 2019,DEC 2019,16.9700,12.4100,62.4400,8.1700,82412.0000,Information Technology
HEXT,Dec 2025,DEC 2025,8.1500,11.3100,74.3000,5.9700,111984.0000,Information Technology
HEXT,Jun 2019,JUN 2019,16.7600,11.8800,62.5200,8.8400,78733.0000,Information Technology
HEXT,Jun 2020,JUN 2020,14.0300,13.1200,62.3400,10.5100,85690.0000,Information Technology
HEXT,Jun 2025,JUN 2025,9.7600,9.8700,74.5700,5.6100,109853.0000,Information Technology
HEXT,Jun 2026,JUN 2026,3.1900,16.0600,74.3000,6.2300,126681.0000,Information Technology
HEXT,Mar 2017,MAR 2017,8.6800,9.7600,71.5300,10.0400,94546.0000,Information Technology
HEXT,Mar 2018,MAR 2018,14.6000,6.3700,71.2200,7.8100,78817.0000,Information Technology
HEXT,Mar 2019,MAR 2019,16.0600,12.3500,62.5900,9.0100,80498.0000,Information Technology
HEXT,Mar 2020,MAR 2020,16.8200,12.8600,62.4400,7.8800,80897.0000,Information Technology
HEXT,Mar 2025,MAR 2025,10.5900,9.0600,74.7100,5.6500,120600.0000,Information Technology
HEXT,Mar 2026,MAR 2026,4.2000,15.0400,74.3000,6.1800,118229.0000,Information Technology
HEXT,Sep 2015,SEP 2015,8.3100,11.1300,74.5500,5.9900,114719.0000,Information Technology
HEXT,Sep 2019,SEP 2019,17.8500,11.5800,62.4500,8.1200,79592.0000,Information Technology
HEXT,Sep 2020,SEP 2020,2.9400,0.0000,91.1600,5.9000,60408.0000,Information Technology
HEXT,Sep 2025,SEP 2025,8.3100,11.1300,74.5500,5.9900,114719.0000,Information Technology
HFCL,Dec 2023,DEC 2023,8.1800,4.5500,37.8400,49.3700,651786.0000,Telecommunication
HFCL,Dec 2024,DEC 2024,6.7000,10.9600,35.9000,46.4000,820639.0000,Telecommunication
HFCL,Dec 2025,DEC 2025,7.4800,9.0700,28.2900,55.1300,842209.0000,Telecommunication
HFCL,Jun 2024,JUN 2024,7.0200,7.3900,37.6300,47.9100,770791.0000,Telecommunication
HFCL,Jun 2025,JUN 2025,7.7500,14.0400,31.5800,46.6100,858638.0000,Telecommunication
HFCL,Jun 2026,JUN 2026,15.7400,10.9200,28.2900,45.0200,732721.0000,Telecommunication
HFCL,Mar 2017,MAR 2017,3.5700,7.0300,38.9700,50.4300,237416.0000,Telecommunication
HFCL,Mar 2018,MAR 2018,6.3900,2.5700,38.3000,52.7400,242002.0000,Telecommunication
HFCL,Mar 2019,MAR 2019,4.4700,1.3600,38.4300,55.7400,228277.0000,Telecommunication
HFCL,Mar 2020,MAR 2020,5.1200,1.2700,38.6400,54.9600,217556.0000,Telecommunication
HFCL,Mar 2021,MAR 2021,2.1800,0.0800,42.0500,55.6900,251132.0000,Telecommunication
HFCL,Mar 2022,MAR 2022,6.6600,1.8700,39.2300,52.1100,628752.0000,Telecommunication
HFCL,Mar 2023,MAR 2023,6.7700,2.7800,39.2400,51.1200,590692.0000,Telecommunication
HFCL,Mar 2024,MAR 2024,7.6600,5.6800,37.6900,48.9100,729536.0000,Telecommunication
HFCL,Mar 2025,MAR 2025,6.9700,13.2600,34.3700,45.3600,840219.0000,Telecommunication
HFCL,Mar 2026,MAR 2026,7.0800,8.5700,28.2900,56.0200,803693.0000,Telecommunication
HFCL,Sep 2023,SEP 2023,8.3500,4.6400,37.8400,49.0900,589482.0000,Telecommunication
HFCL,Sep 2024,SEP 2024,6.6800,8.6900,36.2400,48.3300,773276.0000,Telecommunication
HFCL,Sep 2025,SEP 2025,7.4800,13.5700,30.0200,48.8900,869442.0000,Telecommunication
HINDALCO,Dec 2023,DEC 2023,27.8900,25.0600,34.6500,11.5900,549231.0000,Metals & Mining
HINDALCO,Dec 2024,DEC 2024,28.0400,24.5300,34.6500,11.9900,694836.0000,Metals & Mining
HINDALCO,Dec 2025,DEC 2025,28.1600,23.1700,34.6500,13.1600,679190.0000,Metals & Mining
HINDALCO,Jun 2024,JUN 2024,27.1800,25.4100,34.6500,11.9800,649551.0000,Metals & Mining
HINDALCO,Jun 2025,JUN 2025,27.6000,24.9300,34.6500,12.0100,690932.0000,Metals & Mining
HINDALCO,Jun 2026,JUN 2026,31.4100,19.8200,34.6700,13.2600,699601.0000,Metals & Mining
HINDALCO,Mar 2017,MAR 2017,27.5100,17.7600,34.7000,20.0200,319787.0000,Metals & Mining
HINDALCO,Mar 2018,MAR 2018,28.0900,19.1100,34.6700,18.1100,299521.0000,Metals & Mining
HINDALCO,Mar 2019,MAR 2019,23.6900,22.2400,34.6600,19.0900,304345.0000,Metals & Mining
HINDALCO,Mar 2020,MAR 2020,18.6800,26.2700,34.6500,19.7200,332014.0000,Metals & Mining
HINDALCO,Mar 2021,MAR 2021,25.0000,20.8100,34.6400,19.2800,348471.0000,Metals & Mining
HINDALCO,Mar 2022,MAR 2022,28.8500,19.2200,34.6500,16.9600,503729.0000,Metals & Mining
HINDALCO,Mar 2023,MAR 2023,26.0800,26.2000,34.6500,12.4400,676110.0000,Metals & Mining
HINDALCO,Mar 2024,MAR 2024,26.8200,25.6400,34.6500,12.0800,641541.0000,Metals & Mining
HINDALCO,Mar 2025,MAR 2025,28.1500,24.6800,34.6500,11.7100,681098.0000,Metals & Mining
HINDALCO,Mar 2026,MAR 2026,29.9600,21.3500,34.6500,13.2100,691308.0000,Metals & Mining
HINDALCO,Sep 2023,SEP 2023,27.0100,25.7800,34.6500,11.9200,613244.0000,Metals & Mining
HINDALCO,Sep 2024,SEP 2024,28.5800,24.1700,34.6500,11.7800,645537.0000,Metals & Mining
HINDALCO,Sep 2025,SEP 2025,28.1300,24.1100,34.6500,12.2300,665009.0000,Metals & Mining
HINDCOPPER,Dec 2023,DEC 2023,2.0500,13.7000,66.1400,18.1100,364291.0000,Metals & Mining
HINDCOPPER,Dec 2024,DEC 2024,3.4100,9.0600,66.1400,21.3800,628085.0000,Metals & Mining
HINDCOPPER,Dec 2025,DEC 2025,6.5600,5.5700,66.1400,21.7200,851683.0000,Metals & Mining
HINDCOPPER,Jun 2024,JUN 2024,3.2200,9.3400,66.1400,21.3000,592285.0000,Metals & Mining
HINDCOPPER,Jun 2025,JUN 2025,3.7100,8.2400,66.1400,21.9000,660201.0000,Metals & Mining
HINDCOPPER,Jun 2026,JUN 2026,5.9600,4.8400,66.1400,23.0500,1305636.0000,Metals & Mining
HINDCOPPER,Mar 2017,MAR 2017,0.0000,13.4100,82.8800,3.7000,69321.0000,Metals & Mining
HINDCOPPER,Mar 2018,MAR 2018,0.0700,14.5300,76.0500,9.3600,129089.0000,Metals & Mining
HINDCOPPER,Mar 2019,MAR 2019,0.1400,14.4800,76.0500,9.3400,132408.0000,Metals & Mining
HINDCOPPER,Mar 2020,MAR 2020,0.1900,13.6500,76.0500,10.1100,136167.0000,Metals & Mining
HINDCOPPER,Mar 2021,MAR 2021,0.7100,12.6600,76.0500,10.5800,163636.0000,Metals & Mining
HINDCOPPER,Mar 2022,MAR 2022,0.3100,16.4400,66.1400,17.1000,325776.0000,Metals & Mining
HINDCOPPER,Mar 2023,MAR 2023,1.5100,16.4400,66.1400,15.9000,325454.0000,Metals & Mining
HINDCOPPER,Mar 2024,MAR 2024,3.1300,12.2800,66.1400,18.4500,428801.0000,Metals & Mining
HINDCOPPER,Mar 2025,MAR 2025,3.2700,8.5700,66.1400,22.0000,635955.0000,Metals & Mining
HINDCOPPER,Mar 2026,MAR 2026,6.3400,5.3900,66.1400,22.1400,1339149.0000,Metals & Mining
HINDCOPPER,Sep 2023,SEP 2023,2.1800,13.2900,66.1400,18.3900,316684.0000,Metals & Mining
HINDCOPPER,Sep 2024,SEP 2024,3.3000,9.2400,66.1400,21.3200,607887.0000,Metals & Mining
HINDCOPPER,Sep 2025,SEP 2025,5.0500,6.0000,66.1400,22.7900,645660.0000,Metals & Mining
HINDPETRO,Dec 2023,DEC 2023,14.2600,21.2700,54.9000,9.5600,348805.0000,Oil Gas & Consumable Fuels
HINDPETRO,Dec 2024,DEC 2024,14.4400,21.8100,54.9000,8.8200,508493.0000,Oil Gas & Consumable Fuels
HINDPETRO,Dec 2025,DEC 2025,16.3500,20.6400,54.9000,8.0900,462640.0000,Oil Gas & Consumable Fuels
HINDPETRO,Jun 2024,JUN 2024,13.2200,21.4700,54.9000,10.3900,543344.0000,Oil Gas & Consumable Fuels
HINDPETRO,Jun 2025,JUN 2025,13.5500,23.1600,54.9000,8.3800,495629.0000,Oil Gas & Consumable Fuels
HINDPETRO,Jun 2026,JUN 2026,13.5800,22.8500,54.9000,8.6500,518531.0000,Oil Gas & Consumable Fuels
HINDPETRO,Mar 2017,MAR 2017,16.8800,9.5800,51.1100,22.4300,154747.0000,Oil Gas & Consumable Fuels
HINDPETRO,Mar 2018,MAR 2018,23.3900,12.9600,51.1100,12.5400,199799.0000,Oil Gas & Consumable Fuels
HINDPETRO,Mar 2019,MAR 2019,18.6000,17.0900,51.1100,13.2000,246276.0000,Oil Gas & Consumable Fuels
HINDPETRO,Mar 2020,MAR 2020,17.7200,21.6600,51.1100,9.5100,247061.0000,Oil Gas & Consumable Fuels
HINDPETRO,Mar 2021,MAR 2021,16.3300,18.9200,53.5000,11.2500,313519.0000,Oil Gas & Consumable Fuels
HINDPETRO,Mar 2022,MAR 2022,19.9000,15.0900,54.9000,10.1100,395022.0000,Oil Gas & Consumable Fuels
HINDPETRO,Mar 2023,MAR 2023,14.3600,21.4000,54.9000,9.3300,385562.0000,Oil Gas & Consumable Fuels
HINDPETRO,Mar 2024,MAR 2024,13.8000,22.1800,54.9000,9.1000,403658.0000,Oil Gas & Consumable Fuels
HINDPETRO,Mar 2025,MAR 2025,12.5500,23.5500,54.9000,8.9800,526754.0000,Oil Gas & Consumable Fuels
HINDPETRO,Mar 2026,MAR 2026,17.2600,19.5800,54.9000,8.2400,500343.0000,Oil Gas & Consumable Fuels
HINDPETRO,Sep 2023,SEP 2023,13.2600,22.6000,54.9000,9.2300,369816.0000,Oil Gas & Consumable Fuels
HINDPETRO,Sep 2024,SEP 2024,14.1100,21.6700,54.9000,9.3100,523882.0000,Oil Gas & Consumable Fuels
HINDPETRO,Sep 2025,SEP 2025,14.4800,22.2400,54.9000,8.3700,479905.0000,Oil Gas & Consumable Fuels
HINDZINC,Dec 2023,DEC 2023,0.6900,2.9700,64.9200,1.8800,401985.0000,Metals & Mining
HINDZINC,Dec 2024,DEC 2024,1.3800,4.1200,63.4200,3.1600,694430.0000,Metals & Mining
HINDZINC,Dec 2025,DEC 2025,1.5400,4.6800,61.8400,4.0100,793882.0000,Metals & Mining
HINDZINC,Jun 2024,JUN 2024,0.7400,3.0100,64.9200,1.7800,445929.0000,Metals & Mining
HINDZINC,Jun 2025,JUN 2025,1.3600,4.8100,61.8400,4.0700,819883.0000,Metals & Mining
HINDZINC,Jun 2026,JUN 2026,2.2000,4.9600,60.7100,4.2100,918245.0000,Metals & Mining
HINDZINC,Mar 2016,MAR 2016,0.0000,3.2500,64.9200,2.2900,55745.0000,Metals & Mining
HINDZINC,Mar 2017,MAR 2017,2.6400,1.0800,64.9200,1.8300,92788.0000,Metals & Mining
HINDZINC,Mar 2018,MAR 2018,2.2600,1.5400,64.9200,1.7000,102358.0000,Metals & Mining
HINDZINC,Mar 2019,MAR 2019,1.5000,2.4400,64.9200,1.5600,109998.0000,Metals & Mining
HINDZINC,Mar 2020,MAR 2020,0.9900,2.7200,64.9200,1.7800,134567.0000,Metals & Mining
HINDZINC,Mar 2021,MAR 2021,1.1000,2.5500,64.9200,1.8300,171765.0000,Metals & Mining
HINDZINC,Mar 2022,MAR 2022,0.7900,2.9500,64.9200,1.7600,265578.0000,Metals & Mining
HINDZINC,Mar 2023,MAR 2023,0.8000,2.9400,64.9200,1.7900,321016.0000,Metals & Mining
HINDZINC,Mar 2024,MAR 2024,0.6000,2.9800,64.9200,1.9700,422072.0000,Metals & Mining
HINDZINC,Mar 2025,MAR 2025,1.4300,4.1400,63.4200,3.1000,712884.0000,Metals & Mining
HINDZINC,Mar 2026,MAR 2026,2.3900,4.8400,60.7100,4.1200,897257.0000,Metals & Mining
HINDZINC,Sep 2023,SEP 2023,0.7500,2.9800,64.9200,1.8100,375833.0000,Metals & Mining
HINDZINC,Sep 2024,SEP 2024,1.0100,3.1200,63.4200,2.9200,624025.0000,Metals & Mining
HINDZINC,Sep 2025,SEP 2025,1.3200,4.9200,61.8400,4.0000,799768.0000,Metals & Mining
HSCL,Dec 2023,DEC 2023,5.3900,0.6300,44.7900,49.1800,438414.0000,Chemicals
HSCL,Dec 2024,DEC 2024,5.1500,4.2400,51.5600,39.0500,454943.0000,Chemicals
HSCL,Dec 2025,DEC 2025,5.7500,3.0900,52.4900,38.6600,429391.0000,Chemicals
HSCL,Jun 2024,JUN 2024,5.1600,2.2700,50.2000,42.3600,435628.0000,Chemicals
HSCL,Jun 2025,JUN 2025,5.2000,4.8300,51.6000,38.3600,448339.0000,Chemicals
HSCL,Jun 2026,JUN 2026,6.8000,3.3300,52.4900,37.3800,414141.0000,Chemicals
HSCL,Mar 2017,MAR 2017,0.7300,0.0900,48.9500,50.2300,22764.0000,Chemicals
HSCL,Mar 2018,MAR 2018,2.1600,0.6200,48.9500,48.2700,70038.0000,Chemicals
HSCL,Mar 2019,MAR 2019,2.4300,1.6400,48.9300,47.0000,82778.0000,Chemicals
HSCL,Mar 2020,MAR 2020,1.6900,2.7600,48.9000,46.6500,106031.0000,Chemicals
HSCL,Mar 2021,MAR 2021,0.6400,0.0100,45.4300,53.9200,241043.0000,Chemicals
HSCL,Mar 2022,MAR 2022,1.6600,0.0000,45.4300,52.9100,342971.0000,Chemicals
HSCL,Mar 2023,MAR 2023,2.3600,0.4800,45.6100,51.5400,280985.0000,Chemicals
HSCL,Mar 2024,MAR 2024,5.1300,2.1200,50.2900,42.4700,436700.0000,Chemicals
HSCL,Mar 2025,MAR 2025,5.3800,4.6200,51.6100,38.3800,445768.0000,Chemicals
HSCL,Mar 2026,MAR 2026,5.9800,3.2200,52.4900,38.3200,408408.0000,Chemicals
HSCL,Sep 2023,SEP 2023,5.1200,0.5000,44.8600,49.5300,440415.0000,Chemicals
HSCL,Sep 2024,SEP 2024,5.2400,3.6000,50.7800,40.3800,447666.0000,Chemicals
HSCL,Sep 2025,SEP 2025,5.7400,3.2100,51.5700,39.4600,453810.0000,Chemicals
IDEA,Dec 2023,DEC 2023,2.2700,3.0500,50.3600,11.1400,3124128.0000,Telecommunication
IDEA,Dec 2024,DEC 2024,10.1700,4.2800,37.3200,25.0500,5976507.0000,Telecommunication
IDEA,Dec 2025,DEC 2025,5.9900,5.5900,25.5700,13.8300,6011025.0000,Telecommunication
IDEA,Jun 2024,JUN 2024,12.6700,7.4400,38.1700,17.8900,4758354.0000,Telecommunication
IDEA,Jun 2025,JUN 2025,5.9800,4.1400,25.5700,15.2800,6182208.0000,Telecommunication
IDEA,Jun 2026,JUN 2026,6.1700,6.0500,25.6400,13.1100,5809457.0000,Telecommunication
IDEA,Mar 2017,MAR 2017,26.9700,6.8300,42.4100,23.7900,305072.0000,Telecommunication
IDEA,Mar 2018,MAR 2018,26.7200,11.6500,42.5600,19.0700,269861.0000,Telecommunication
IDEA,Mar 2019,MAR 2019,13.1300,4.4700,71.3300,11.0800,339200.0000,Telecommunication
IDEA,Mar 2020,MAR 2020,8.8200,6.0100,72.0500,13.1200,768533.0000,Telecommunication
IDEA,Mar 2021,MAR 2021,4.6000,1.0700,72.0500,22.2800,1591986.0000,Telecommunication
IDEA,Mar 2022,MAR 2022,3.5700,1.7100,74.9900,19.7200,2685987.0000,Telecommunication
IDEA,Mar 2023,MAR 2023,2.2800,0.5400,50.3600,13.6400,3138338.0000,Telecommunication
IDEA,Mar 2024,MAR 2024,1.9700,2.2000,48.9100,14.6900,3679061.0000,Telecommunication
IDEA,Mar 2025,MAR 2025,10.1000,4.9000,38.8000,23.5500,6054755.0000,Telecommunication
IDEA,Mar 2026,MAR 2026,5.5600,6.1900,25.6400,13.5700,5939398.0000,Telecommunication
IDEA,Sep 2023,SEP 2023,2.4600,1.8000,50.3600,12.1900,3104410.0000,Telecommunication
IDEA,Sep 2024,SEP 2024,12.6900,4.8600,37.3200,21.9400,5369114.0000,Telecommunication
IDEA,Sep 2025,SEP 2025,5.9900,4.7400,25.5700,14.6900,6155526.0000,Telecommunication
IGIL,Dec 2024,DEC 2024,9.1000,5.8700,76.5500,8.4700,187356.0000,Services
IGIL,Dec 2025,DEC 2025,9.6100,5.4400,76.5500,8.3900,183950.0000,Services
IGIL,Jun 2025,JUN 2025,10.1800,5.4400,76.5500,7.8200,190286.0000,Services
IGIL,Jun 2026,JUN 2026,9.4900,5.5100,76.5500,8.4400,172894.0000,Services
IGIL,Mar 2025,MAR 2025,9.8700,5.8800,76.5500,7.6900,186402.0000,Services
IGIL,Mar 2026,MAR 2026,8.6000,6.3800,76.5500,8.4600,187343.0000,Services
IGIL,Sep 2025,SEP 2025,10.5500,5.1500,76.5500,7.7500,187028.0000,Services
IGL,Dec 2023,DEC 2023,17.9100,22.7400,45.0000,9.3600,316340.0000,Oil Gas & Consumable Fuels
IGL,Dec 2024,DEC 2024,14.3200,26.1200,45.0000,9.5500,344909.0000,Oil Gas & Consumable Fuels
IGL,Dec 2025,DEC 2025,17.0000,24.1700,45.0000,8.8300,345205.0000,Oil Gas & Consumable Fuels
IGL,Jun 2024,JUN 2024,16.1600,25.1000,45.0000,8.7400,290378.0000,Oil Gas & Consumable Fuels
IGL,Jun 2025,JUN 2025,16.8200,23.9900,45.0000,9.1900,359666.0000,Oil Gas & Consumable Fuels
IGL,Jun 2026,JUN 2026,10.1600,30.0200,45.0000,9.8100,367377.0000,Oil Gas & Consumable Fuels
IGL,Mar 2017,MAR 2017,24.7500,14.2500,45.0000,11.0000,61116.0000,Oil Gas & Consumable Fuels
IGL,Mar 2018,MAR 2018,21.3100,16.1800,45.0000,12.5100,98471.0000,Oil Gas & Consumable Fuels
IGL,Mar 2019,MAR 2019,21.0800,18.0300,45.0000,10.8900,107688.0000,Oil Gas & Consumable Fuels
IGL,Mar 2020,MAR 2020,22.7700,16.7500,45.0000,10.4800,123727.0000,Oil Gas & Consumable Fuels
IGL,Mar 2021,MAR 2021,23.8000,15.9300,45.0000,10.2700,196066.0000,Oil Gas & Consumable Fuels
IGL,Mar 2022,MAR 2022,19.8800,16.9000,45.0000,13.2200,370190.0000,Oil Gas & Consumable Fuels
IGL,Mar 2023,MAR 2023,21.2700,20.2800,45.0000,8.2700,305961.0000,Oil Gas & Consumable Fuels
IGL,Mar 2024,MAR 2024,16.8100,24.2200,45.0000,8.9600,296569.0000,Oil Gas & Consumable Fuels
IGL,Mar 2025,MAR 2025,14.6700,26.1800,45.0000,9.1500,352161.0000,Oil Gas & Consumable Fuels
IGL,Mar 2026,MAR 2026,17.0800,23.2500,45.0000,9.6500,365478.0000,Oil Gas & Consumable Fuels
IGL,Sep 2023,SEP 2023,20.9400,21.0600,45.0000,7.8300,270687.0000,Oil Gas & Consumable Fuels
IGL,Sep 2024,SEP 2024,19.2900,23.1800,45.0000,7.5300,260867.0000,Oil Gas & Consumable Fuels
IGL,Sep 2025,SEP 2025,17.2100,24.0800,45.0000,8.7100,344539.0000,Oil Gas & Consumable Fuels
IKS,Dec 2024,DEC 2024,5.4800,4.4500,63.7200,23.5200,67583.0000,Information Technology
IKS,Dec 2025,DEC 2025,7.5600,6.0600,63.7200,20.2900,60788.0000,Information Technology
IKS,Jun 2025,JUN 2025,6.5000,4.3300,63.7200,22.8800,59218.0000,Information Technology
IKS,Jun 2026,JUN 2026,8.0100,7.5000,63.7200,18.5500,63025.0000,Information Technology
IKS,Mar 2025,MAR 2025,5.3800,4.0200,63.7200,24.2900,57714.0000,Information Technology
IKS,Mar 2026,MAR 2026,8.1900,6.4000,63.7200,19.3900,60385.0000,Information Technology
IKS,Sep 2025,SEP 2025,7.0200,4.8900,63.7200,21.9000,57577.0000,Information Technology
INDHOTEL,Dec 2023,DEC 2023,23.2800,22.1900,38.1200,16.2700,485609.0000,Consumer Services
INDHOTEL,Dec 2024,DEC 2024,27.7800,18.4400,38.1200,15.5400,571567.0000,Consumer Services
INDHOTEL,Dec 2025,DEC 2025,25.0900,20.6600,38.1200,16.0000,633361.0000,Consumer Services
INDHOTEL,Jun 2024,JUN 2024,27.1900,18.2900,38.1200,16.2600,556019.0000,Consumer Services
INDHOTEL,Jun 2025,JUN 2025,27.1800,18.3900,38.1200,16.1800,617489.0000,Consumer Services
INDHOTEL,Jun 2026,JUN 2026,21.7100,24.4700,38.1200,15.5900,638645.0000,Consumer Services
INDHOTEL,Mar 2016,MAR 2016,0.0000,39.3100,38.8700,21.8300,141767.0000,Consumer Services
INDHOTEL,Mar 2017,MAR 2017,15.1100,24.8300,38.6500,21.4000,135732.0000,Consumer Services
INDHOTEL,Mar 2018,MAR 2018,0.0000,40.6500,39.0900,20.2600,137093.0000,Consumer Services
INDHOTEL,Mar 2019,MAR 2019,0.0000,41.0300,39.0900,19.8800,129492.0000,Consumer Services
INDHOTEL,Mar 2020,MAR 2020,11.6100,33.3000,40.7500,13.3800,137979.0000,Consumer Services
INDHOTEL,Mar 2021,MAR 2021,12.2700,28.0300,40.7500,17.8100,210287.0000,Consumer Services
INDHOTEL,Mar 2022,MAR 2022,16.0300,28.5100,38.1900,17.1400,341815.0000,Consumer Services
INDHOTEL,Mar 2023,MAR 2023,18.2400,27.4700,38.1900,15.9700,430896.0000,Consumer Services
INDHOTEL,Mar 2024,MAR 2024,24.4700,20.6500,38.1200,16.6300,535253.0000,Consumer Services
INDHOTEL,Mar 2025,MAR 2025,26.9600,19.0500,38.1200,15.7400,596383.0000,Consumer Services
INDHOTEL,Mar 2026,MAR 2026,23.2300,22.5800,38.1200,15.9500,646147.0000,Consumer Services
INDHOTEL,Sep 2023,SEP 2023,22.1700,23.1300,38.1900,16.3800,483961.0000,Consumer Services
INDHOTEL,Sep 2024,SEP 2024,27.4400,18.6700,38.1200,15.6500,548188.0000,Consumer Services
INDHOTEL,Sep 2025,SEP 2025,26.1400,19.4000,38.1200,16.2000,623969.0000,Consumer Services
INDIACEM,Dec 2023,DEC 2023,13.5800,8.9400,28.4200,49.0600,196426.0000,Construction Materials
INDIACEM,Dec 2024,DEC 2024,14.5000,6.6800,55.4900,23.3200,187327.0000,Construction Materials
INDIACEM,Dec 2025,DEC 2025,3.4100,12.8000,75.0000,8.8000,163480.0000,Construction Materials
INDIACEM,Jun 2024,JUN 2024,17.6400,5.8400,28.4200,48.0800,211262.0000,Construction Materials
INDIACEM,Jun 2025,JUN 2025,2.9700,5.7600,81.4900,9.7700,169844.0000,Construction Materials
INDIACEM,Jun 2026,JUN 2026,3.4000,12.6000,75.0000,9.0000,157402.0000,Construction Materials
INDIACEM,Mar 2017,MAR 2017,25.2500,21.2600,28.4600,25.0300,106978.0000,Construction Materials
INDIACEM,Mar 2018,MAR 2018,18.2200,28.3300,28.3700,25.0800,142987.0000,Construction Materials
INDIACEM,Mar 2019,MAR 2019,13.3000,28.4900,28.3000,29.9100,159710.0000,Construction Materials
INDIACEM,Mar 2020,MAR 2020,12.8500,8.2600,28.2600,50.6300,156473.0000,Construction Materials
INDIACEM,Mar 2021,MAR 2021,13.0600,9.0000,28.4200,49.5300,154888.0000,Construction Materials
INDIACEM,Mar 2022,MAR 2022,13.2900,8.8400,28.4200,49.4600,185649.0000,Construction Materials
INDIACEM,Mar 2023,MAR 2023,13.1500,9.3800,28.4200,49.0400,195974.0000,Construction Materials
INDIACEM,Mar 2024,MAR 2024,13.2700,8.4700,28.4200,49.8300,206667.0000,Construction Materials
INDIACEM,Mar 2025,MAR 2025,4.9400,3.6900,81.4900,9.8700,175917.0000,Construction Materials
INDIACEM,Mar 2026,MAR 2026,3.4900,12.9000,75.0000,8.6200,156567.0000,Construction Materials
INDIACEM,Sep 2023,SEP 2023,13.4300,10.0400,28.4200,48.1200,185758.0000,Construction Materials
INDIACEM,Sep 2024,SEP 2024,16.1700,6.0500,28.4200,49.3600,206285.0000,Construction Materials
INDIACEM,Sep 2025,SEP 2025,3.1100,12.2500,75.6000,9.0300,163090.0000,Construction Materials
INDIAMART,Dec 2023,DEC 2023,24.1600,8.2300,49.2100,18.3000,171361.0000,Consumer Services
INDIAMART,Dec 2024,DEC 2024,21.0600,13.8500,49.1700,15.8300,168357.0000,Consumer Services
INDIAMART,Dec 2025,DEC 2025,18.2800,16.4100,49.1200,16.1300,157986.0000,Consumer Services
INDIAMART,Jun 2024,JUN 2024,23.3700,11.8100,49.2100,15.5600,159877.0000,Consumer Services
INDIAMART,Jun 2025,JUN 2025,19.2100,15.2900,49.1700,16.2900,169988.0000,Consumer Services
INDIAMART,Jun 2026,JUN 2026,19.9200,12.1100,49.0700,18.8800,155473.0000,Consumer Services
INDIAMART,Mar 2020,MAR 2020,12.2400,3.0800,52.3400,32.1900,18007.0000,Consumer Services
INDIAMART,Mar 2021,MAR 2021,27.5300,4.5200,49.8500,17.9400,94678.0000,Consumer Services
INDIAMART,Mar 2022,MAR 2022,23.9300,5.4600,49.5200,21.0500,210173.0000,Consumer Services
INDIAMART,Mar 2023,MAR 2023,26.6000,5.6200,49.2200,18.4500,177654.0000,Consumer Services
INDIAMART,Mar 2024,MAR 2024,23.0800,10.6000,49.2100,17.0800,161823.0000,Consumer Services
INDIAMART,Mar 2025,MAR 2025,18.9500,15.4900,49.1700,16.3400,168138.0000,Consumer Services
INDIAMART,Mar 2026,MAR 2026,19.1700,13.5400,49.1200,18.1700,158065.0000,Consumer Services
INDIAMART,Sep 2023,SEP 2023,27.3300,5.4600,49.2100,17.8700,171470.0000,Consumer Services
INDIAMART,Sep 2024,SEP 2024,23.8600,12.1000,49.2100,14.7800,148435.0000,Consumer Services
INDIAMART,Sep 2025,SEP 2025,21.5300,12.9900,49.1700,16.2800,163687.0000,Consumer Services
INDIGO,Dec 2023,DEC 2023,18.7000,14.6500,63.1200,3.4500,141106.0000,Services
INDIGO,Dec 2024,DEC 2024,24.8300,21.1400,49.2700,4.6900,273677.0000,Services
INDIGO,Dec 2025,DEC 2025,24.9900,28.0800,41.5700,5.3100,387056.0000,Services
INDIGO,Jun 2024,JUN 2024,24.4300,15.3600,55.2900,4.8500,239650.0000,Services
INDIGO,Jun 2025,JUN 2025,27.3100,24.0200,43.5400,5.0500,303062.0000,Services
INDIGO,Jun 2026,JUN 2026,20.3200,31.8500,41.5700,6.2300,374212.0000,Services
INDIGO,Mar 2017,MAR 2017,6.4200,1.6400,85.8800,6.0600,59454.0000,Services
INDIGO,Mar 2018,MAR 2018,12.6400,7.5300,74.9300,4.8900,66936.0000,Services
INDIGO,Mar 2019,MAR 2019,14.9800,5.1400,74.9300,4.9500,65095.0000,Services
INDIGO,Mar 2020,MAR 2020,13.5900,9.1700,74.8600,2.3900,61635.0000,Services
INDIGO,Mar 2021,MAR 2021,18.3400,4.8000,74.8400,2.0200,82422.0000,Services
INDIGO,Mar 2022,MAR 2022,17.7000,5.4800,74.7700,2.0500,111409.0000,Services
INDIGO,Mar 2023,MAR 2023,19.4300,10.4300,67.8600,2.1900,106266.0000,Services
INDIGO,Mar 2024,MAR 2024,23.6600,15.0300,57.2900,3.9500,170059.0000,Services
INDIGO,Mar 2025,MAR 2025,25.1200,20.6600,49.2700,4.8800,289444.0000,Services
INDIGO,Mar 2026,MAR 2026,21.6400,31.1400,41.5700,5.6000,402483.0000,Services
INDIGO,Sep 2023,SEP 2023,20.2900,13.2500,63.2500,3.1600,140179.0000,Services
INDIGO,Sep 2024,SEP 2024,25.4000,20.5900,49.2900,4.6400,249061.0000,Services
INDIGO,Sep 2025,SEP 2025,28.4400,24.5800,41.5800,5.3200,316246.0000,Services
INDUSTOWER,Dec 2023,DEC 2023,20.7100,7.0800,68.9900,3.1800,267108.0000,Telecommunication
INDUSTOWER,Dec 2024,DEC 2024,26.1500,17.7900,50.0000,6.0100,441036.0000,Telecommunication
INDUSTOWER,Dec 2025,DEC 2025,25.9200,18.9500,51.0300,4.0500,348339.0000,Telecommunication
INDUSTOWER,Jun 2024,JUN 2024,23.1500,16.9700,52.0100,7.8200,406689.0000,Telecommunication
INDUSTOWER,Jun 2025,JUN 2025,27.5100,18.1600,50.0000,4.2800,366757.0000,Telecommunication
INDUSTOWER,Jun 2026,JUN 2026,23.2000,21.4200,51.2600,4.0500,341960.0000,Telecommunication
INDUSTOWER,Mar 2017,MAR 2017,34.3400,1.7100,61.6500,2.2600,39145.0000,Telecommunication
INDUSTOWER,Mar 2018,MAR 2018,42.9600,2.2800,53.5100,1.2000,34776.0000,Telecommunication
INDUSTOWER,Mar 2019,MAR 2019,43.9000,1.5800,53.5100,0.9700,34789.0000,Telecommunication
INDUSTOWER,Mar 2020,MAR 2020,42.0300,3.5800,53.5100,0.8300,51099.0000,Telecommunication
INDUSTOWER,Mar 2021,MAR 2021,27.0800,2.4300,69.8500,0.6400,81890.0000,Telecommunication
INDUSTOWER,Mar 2022,MAR 2022,28.2300,2.9300,67.4900,1.3300,197782.0000,Telecommunication
INDUSTOWER,Mar 2023,MAR 2023,26.6200,2.4700,68.9900,1.8900,258997.0000,Telecommunication
INDUSTOWER,Mar 2024,MAR 2024,16.4000,9.9000,68.9900,4.6800,310694.0000,Telecommunication
INDUSTOWER,Mar 2025,MAR 2025,26.4200,18.4100,50.0000,5.1200,421427.0000,Telecommunication
INDUSTOWER,Mar 2026,MAR 2026,25.1000,19.6800,51.2600,3.9300,335735.0000,Telecommunication
INDUSTOWER,Sep 2023,SEP 2023,21.4100,6.6900,68.9900,2.9000,264674.0000,Telecommunication
INDUSTOWER,Sep 2024,SEP 2024,24.1900,16.9900,53.0100,5.8100,425876.0000,Telecommunication
INDUSTOWER,Sep 2025,SEP 2025,26.2100,18.2400,51.0300,4.4700,380788.0000,Telecommunication
INFY,Dec 2023,DEC 2023,33.7000,35.5100,14.7800,15.5200,2897030.0000,Information Technology
INFY,Dec 2024,DEC 2024,33.3000,38.1900,14.4300,13.6200,2542766.0000,Information Technology
INFY,Dec 2025,DEC 2025,30.2700,41.0800,14.5200,13.6900,2631803.0000,Information Technology
INFY,Jun 2024,JUN 2024,32.7400,37.2800,14.6100,14.9100,2820740.0000,Information Technology
INFY,Jun 2025,JUN 2025,31.9200,39.3900,14.6100,13.6200,2579164.0000,Information Technology
INFY,Jun 2026,JUN 2026,27.0900,42.7800,13.8200,15.8800,2958297.0000,Information Technology
INFY,Mar 2017,MAR 2017,38.3100,20.3100,12.7500,28.1400,711129.0000,Information Technology
INFY,Mar 2018,MAR 2018,35.2400,21.5500,12.9000,29.8200,753025.0000,Information Technology
INFY,Mar 2019,MAR 2019,34.0400,22.8700,12.8400,29.7800,919720.0000,Information Technology
INFY,Mar 2020,MAR 2020,31.0100,24.6800,13.1500,30.7300,1134263.0000,Information Technology
INFY,Mar 2021,MAR 2021,32.6700,23.1000,12.9500,30.9200,1409782.0000,Information Technology
INFY,Mar 2022,MAR 2022,33.3000,17.1000,13.1100,36.1600,2128827.0000,Information Technology
INFY,Mar 2023,MAR 2023,35.0900,33.5900,15.1400,15.6700,2801574.0000,Information Technology
INFY,Mar 2024,MAR 2024,34.1100,35.6200,14.7100,15.0600,2773406.0000,Information Technology
INFY,Mar 2025,MAR 2025,32.8900,38.3200,14.6000,13.7200,2546234.0000,Information Technology
INFY,Mar 2026,MAR 2026,28.4500,43.1900,14.3800,13.5400,2748596.0000,Information Technology
INFY,Sep 2023,SEP 2023,33.6000,35.1900,14.8900,15.8300,3009448.0000,Information Technology
INFY,Sep 2024,SEP 2024,33.2800,37.8100,14.4300,14.0100,2576991.0000,Information Technology
INFY,Sep 2025,SEP 2025,30.0800,41.4600,14.3000,13.7000,2719353.0000,Information Technology
INTELLECT,Dec 2023,DEC 2023,25.0900,3.8400,30.3800,40.6800,102985.0000,Information Technology
INTELLECT,Dec 2024,DEC 2024,26.2100,7.0900,29.9500,36.7400,111649.0000,Information Technology
INTELLECT,Dec 2025,DEC 2025,26.6000,7.1100,29.8100,36.4800,113373.0000,Information Technology
INTELLECT,Jun 2024,JUN 2024,27.5300,5.2300,30.2600,36.9900,105176.0000,Information Technology
INTELLECT,Jun 2025,JUN 2025,27.8300,7.1500,29.8700,35.1300,103830.0000,Information Technology
INTELLECT,Jun 2026,JUN 2026,23.5100,7.3400,29.6300,39.5300,112804.0000,Information Technology
INTELLECT,Mar 2017,MAR 2017,11.1000,7.4200,29.3800,52.0000,71618.0000,Information Technology
INTELLECT,Mar 2018,MAR 2018,15.6600,7.2900,31.0400,45.9400,56852.0000,Information Technology
INTELLECT,Mar 2019,MAR 2019,15.3400,7.4800,31.5100,45.6300,53802.0000,Information Technology
INTELLECT,Mar 2020,MAR 2020,21.5900,4.7300,31.3800,42.3000,50692.0000,Information Technology
INTELLECT,Mar 2021,MAR 2021,27.2100,2.9900,31.2300,37.8500,60605.0000,Information Technology
INTELLECT,Mar 2022,MAR 2022,25.4200,2.6000,30.8600,41.1100,103204.0000,Information Technology
INTELLECT,Mar 2023,MAR 2023,22.3100,4.4500,30.6000,42.6400,112927.0000,Information Technology
INTELLECT,Mar 2024,MAR 2024,27.8500,3.7900,30.3500,38.0100,103422.0000,Information Technology
INTELLECT,Mar 2025,MAR 2025,24.8600,8.2300,29.9100,36.9900,112152.0000,Information Technology
INTELLECT,Mar 2026,MAR 2026,25.5700,7.1000,29.7300,37.6100,114663.0000,Information Technology
INTELLECT,Sep 2023,SEP 2023,24.3900,3.9000,30.4200,41.2900,100657.0000,Information Technology
INTELLECT,Sep 2024,SEP 2024,27.1900,6.3500,30.0500,36.4100,105775.0000,Information Technology
INTELLECT,Sep 2025,SEP 2025,27.5300,7.1900,29.8400,35.4500,104162.0000,Information Technology
IOC,Dec 2023,DEC 2023,8.8400,9.9000,51.5000,10.1300,2065514.0000,Oil Gas & Consumable Fuels
IOC,Dec 2024,DEC 2024,7.4300,10.0800,51.5000,11.3900,3082717.0000,Oil Gas & Consumable Fuels
IOC,Dec 2025,DEC 2025,8.5700,10.0000,51.5000,10.3400,2815980.0000,Oil Gas & Consumable Fuels
IOC,Jun 2024,JUN 2024,7.7900,10.0400,51.5000,11.0700,2729165.0000,Oil Gas & Consumable Fuels
IOC,Jun 2025,JUN 2025,7.4800,10.2900,51.5000,11.1500,3080100.0000,Oil Gas & Consumable Fuels
IOC,Jun 2026,JUN 2026,9.0800,9.5200,51.5000,10.3200,2859833.0000,Oil Gas & Consumable Fuels
IOC,Mar 2017,MAR 2017,5.3600,11.6800,57.3400,25.5100,221722.0000,Oil Gas & Consumable Fuels
IOC,Mar 2018,MAR 2018,6.1600,10.3300,56.9800,26.4300,344918.0000,Oil Gas & Consumable Fuels
IOC,Mar 2019,MAR 2019,7.0400,13.7200,52.1800,26.9500,444546.0000,Oil Gas & Consumable Fuels
IOC,Mar 2020,MAR 2020,7.1900,13.4000,51.5000,27.8000,586535.0000,Oil Gas & Consumable Fuels
IOC,Mar 2021,MAR 2021,5.8100,12.9800,51.5000,29.6000,943030.0000,Oil Gas & Consumable Fuels
IOC,Mar 2022,MAR 2022,8.3600,11.3200,51.5000,28.7100,1335443.0000,Oil Gas & Consumable Fuels
IOC,Mar 2023,MAR 2023,6.9100,11.9200,51.5000,10.0600,1827303.0000,Oil Gas & Consumable Fuels
IOC,Mar 2024,MAR 2024,8.4900,10.2300,51.5000,10.1800,2428561.0000,Oil Gas & Consumable Fuels
IOC,Mar 2025,MAR 2025,7.3900,9.9700,51.5000,11.5700,3189614.0000,Oil Gas & Consumable Fuels
IOC,Mar 2026,MAR 2026,9.8400,9.1000,51.5000,9.9600,2789940.0000,Oil Gas & Consumable Fuels
IOC,Sep 2023,SEP 2023,7.8400,10.7000,51.5000,10.3600,1972340.0000,Oil Gas & Consumable Fuels
IOC,Sep 2024,SEP 2024,7.9000,10.4300,51.5000,10.5900,2781746.0000,Oil Gas & Consumable Fuels
IOC,Sep 2025,SEP 2025,7.6900,10.4200,51.5000,10.8100,2975614.0000,Oil Gas & Consumable Fuels
IRB,Dec 2023,DEC 2023,47.1600,7.8500,34.3900,10.5900,465282.0000,Construction
IRB,Dec 2024,DEC 2024,45.0700,8.5700,30.4200,15.9200,1717295.0000,Construction
IRB,Dec 2025,DEC 2025,43.3200,9.9700,30.4200,16.2900,1584438.0000,Construction
IRB,Jun 2024,JUN 2024,44.4700,7.6500,30.4200,17.4600,1698570.0000,Construction
IRB,Jun 2025,JUN 2025,43.6100,10.2100,30.4200,15.7400,1672808.0000,Construction
IRB,Jun 2026,JUN 2026,43.8700,10.1400,30.8100,15.1700,1525882.0000,Construction
IRB,Mar 2017,MAR 2017,27.9200,7.3600,57.3700,7.3500,86115.0000,Construction
IRB,Mar 2018,MAR 2018,23.8700,12.0400,57.3700,6.7200,90559.0000,Construction
IRB,Mar 2019,MAR 2019,22.7600,12.0200,57.5400,7.6800,90499.0000,Construction
IRB,Mar 2020,MAR 2020,16.7600,12.2300,57.6900,13.3200,100502.0000,Construction
IRB,Mar 2021,MAR 2021,15.1600,11.3700,58.6100,14.8600,110192.0000,Construction
IRB,Mar 2022,MAR 2022,48.7900,6.1400,34.0200,11.0500,136572.0000,Construction
IRB,Mar 2023,MAR 2023,48.5200,6.9800,34.2000,10.2800,203654.0000,Construction
IRB,Mar 2024,MAR 2024,47.2100,7.7800,34.3900,10.5900,868966.0000,Construction
IRB,Mar 2025,MAR 2025,44.3100,9.3400,30.4200,15.9200,1725502.0000,Construction
IRB,Mar 2026,MAR 2026,43.8400,10.0200,30.7900,15.3200,1531356.0000,Construction
IRB,Sep 2023,SEP 2023,47.2900,7.3800,34.3900,10.9400,331140.0000,Construction
IRB,Sep 2024,SEP 2024,45.9900,8.1000,30.4200,15.4900,1717191.0000,Construction
IRB,Sep 2025,SEP 2025,43.4000,9.5800,30.4200,16.5900,1634099.0000,Construction
IRCON,Dec 2023,DEC 2023,4.1100,0.9300,65.1700,29.5100,598477.0000,Construction
IRCON,Dec 2024,DEC 2024,4.0900,1.4400,65.1700,29.0300,1215386.0000,Construction
IRCON,Dec 2025,DEC 2025,4.5400,1.7200,65.1700,28.2800,1134133.0000,Construction
IRCON,Jun 2024,JUN 2024,4.1700,2.9000,65.1700,27.5100,1022213.0000,Construction
IRCON,Jun 2025,JUN 2025,4.5800,1.6000,65.1700,28.3700,1201235.0000,Construction
IRCON,Jun 2026,JUN 2026,4.6100,1.7900,65.1700,28.1600,1080370.0000,Construction
IRCON,Mar 2019,MAR 2019,0.2800,4.9500,89.1800,5.5800,79356.0000,Construction
IRCON,Mar 2020,MAR 2020,0.2000,2.8800,89.1800,7.7300,67712.0000,Construction
IRCON,Mar 2021,MAR 2021,1.5900,0.3400,73.1800,24.8900,185124.0000,Construction
IRCON,Mar 2022,MAR 2022,2.2300,1.0000,73.1800,23.5800,310567.0000,Construction
IRCON,Mar 2023,MAR 2023,3.9900,1.8700,73.1800,20.7100,297623.0000,Construction
IRCON,Mar 2024,MAR 2024,4.5800,1.3100,65.1700,28.6600,931492.0000,Construction
IRCON,Mar 2025,MAR 2025,4.1100,1.5700,65.1700,28.8800,1246917.0000,Construction
IRCON,Mar 2026,MAR 2026,4.7800,1.7900,65.1700,27.9700,1106688.0000,Construction
IRCON,Sep 2023,SEP 2023,4.0100,0.3600,73.1800,22.1700,470275.0000,Construction
IRCON,Sep 2024,SEP 2024,3.9400,1.6300,65.1700,28.9900,1207134.0000,Construction
IRCON,Sep 2025,SEP 2025,4.6100,1.6400,65.1700,28.2900,1168064.0000,Construction
IRCTC,Dec 2023,DEC 2023,7.3400,11.9800,62.4000,18.2800,1928851.0000,Consumer Services
IRCTC,Dec 2024,DEC 2024,7.4500,13.7300,62.4000,16.4300,1959521.0000,Consumer Services
IRCTC,Dec 2025,DEC 2025,7.1900,14.0200,62.4000,16.3900,1902499.0000,Consumer Services
IRCTC,Jun 2024,JUN 2024,7.7800,13.7400,62.4000,16.0600,1928716.0000,Consumer Services
IRCTC,Jun 2025,JUN 2025,7.2800,14.1600,62.4000,16.1700,1958669.0000,Consumer Services
IRCTC,Jun 2026,JUN 2026,3.9100,14.8600,62.4000,18.8500,1945653.0000,Consumer Services
IRCTC,Mar 2020,MAR 2020,1.7000,2.2500,87.4000,8.6500,340161.0000,Consumer Services
IRCTC,Mar 2021,MAR 2021,8.1700,10.3400,67.4000,14.1000,562836.0000,Consumer Services
IRCTC,Mar 2022,MAR 2022,6.4200,5.2200,67.4000,20.9600,2185504.0000,Consumer Services
IRCTC,Mar 2023,MAR 2023,6.5300,10.0600,62.4000,21.0100,2128348.0000,Consumer Services
IRCTC,Mar 2024,MAR 2024,8.0800,12.7200,62.4000,16.7900,1910307.0000,Consumer Services
IRCTC,Mar 2025,MAR 2025,7.3700,13.8900,62.4000,16.3500,1994642.0000,Consumer Services
IRCTC,Mar 2026,MAR 2026,4.8600,14.8600,62.4000,17.8800,1932716.0000,Consumer Services
IRCTC,Sep 2023,SEP 2023,7.1100,10.5300,62.4000,19.9700,2026798.0000,Consumer Services
IRCTC,Sep 2024,SEP 2024,7.5400,13.9200,62.4000,16.1400,1924346.0000,Consumer Services
IRCTC,Sep 2025,SEP 2025,7.2700,14.1800,62.4000,16.1600,1925770.0000,Consumer Services
ITCHOTELS,Dec 2025,DEC 2025,16.1000,21.1300,39.8500,22.9000,2368215.0000,Consumer Services
ITCHOTELS,Jun 2025,JUN 2025,25.3600,20.6100,39.8700,14.1100,2489470.0000,Consumer Services
ITCHOTELS,Jun 2026,JUN 2026,11.6100,23.9800,39.8500,24.5300,2286422.0000,Consumer Services
ITCHOTELS,Mar 2025,MAR 2025,25.3700,21.6000,39.8800,13.1100,2573732.0000,Consumer Services
ITCHOTELS,Mar 2026,MAR 2026,14.5800,21.4600,39.8500,24.1000,2325723.0000,Consumer Services
ITCHOTELS,Sep 2025,SEP 2025,25.4900,20.2100,39.8500,14.4300,2418413.0000,Consumer Services
ITI,Dec 2023,DEC 2023,0.1000,0.0200,90.2800,1.9900,97979.0000,Telecommunication
ITI,Dec 2024,DEC 2024,0.0600,0.0400,90.0000,1.9900,160154.0000,Telecommunication
ITI,Dec 2025,DEC 2025,0.0000,0.0500,90.0200,2.0400,166360.0000,Telecommunication
ITI,Jun 2024,JUN 2024,0.0600,0.0300,90.0000,2.0100,107468.0000,Telecommunication
ITI,Jun 2025,JUN 2025,0.0100,0.0400,90.0200,2.0400,194122.0000,Telecommunication
ITI,Jun 2026,JUN 2026,0.0800,0.0600,90.0200,1.9400,151049.0000,Telecommunication
ITI,Mar 2017,MAR 2017,0.0500,0.2200,94.8600,3.3400,34165.0000,Telecommunication
ITI,Mar 2018,MAR 2018,0.0400,0.0200,92.6300,2.6000,49115.0000,Telecommunication
ITI,Mar 2019,MAR 2019,0.0000,0.0400,90.0000,2.2200,53043.0000,Telecommunication
ITI,Mar 2020,MAR 2020,0.0200,0.0100,90.3000,2.1500,60665.0000,Telecommunication
ITI,Mar 2021,MAR 2021,0.0200,0.0000,90.0900,2.1400,75986.0000,Telecommunication
ITI,Mar 2022,MAR 2022,0.0400,0.0100,90.0000,2.1200,77915.0000,Telecommunication
ITI,Mar 2023,MAR 2023,0.0800,0.0100,90.1700,2.0300,75886.0000,Telecommunication
ITI,Mar 2024,MAR 2024,0.1100,0.0200,90.0000,1.9700,100321.0000,Telecommunication
ITI,Mar 2025,MAR 2025,0.0000,0.0400,90.0000,2.0400,205507.0000,Telecommunication
ITI,Mar 2026,MAR 2026,0.0000,0.0600,90.0200,2.0300,162249.0000,Telecommunication
ITI,Sep 2023,SEP 2023,0.0900,0.0100,90.2800,1.9900,80144.0000,Telecommunication
ITI,Sep 2024,SEP 2024,0.0400,0.0300,90.0000,2.0200,105144.0000,Telecommunication
ITI,Sep 2025,SEP 2025,0.0000,0.0500,90.0200,2.0500,178632.0000,Telecommunication
JAINREC,Dec 2025,DEC 2025,3.7000,8.5800,73.5900,14.0000,65796.0000,Metals & Mining
JAINREC,Jun 2026,JUN 2026,1.2300,9.6800,73.5900,15.4500,92382.0000,Metals & Mining
JAINREC,Mar 2026,MAR 2026,3.0200,10.0400,73.5900,13.2800,63099.0000,Metals & Mining
JAINREC,Sep 2025,SEP 2025,6.4200,6.4300,73.5900,13.5600,93291.0000,Metals & Mining
JINDALSTEL,Dec 2023,DEC 2023,11.7500,15.3300,61.2100,9.9900,250732.0000,Metals & Mining
JINDALSTEL,Dec 2024,DEC 2024,10.9900,17.2600,61.1900,9.7500,298258.0000,Metals & Mining
JINDALSTEL,Dec 2025,DEC 2025,9.0200,19.1000,62.7100,8.9300,282086.0000,Metals & Mining
JINDALSTEL,Jun 2024,JUN 2024,12.6400,15.3400,61.1900,10.0100,280533.0000,Metals & Mining
JINDALSTEL,Jun 2025,JUN 2025,9.7600,18.0900,62.3600,9.5400,302190.0000,Metals & Mining
JINDALSTEL,Jun 2026,JUN 2026,8.8400,19.5200,62.7100,8.7300,276544.0000,Metals & Mining
JINDALSTEL,Mar 2017,MAR 2017,15.2200,4.3500,61.8900,18.5400,177762.0000,Metals & Mining
JINDALSTEL,Mar 2018,MAR 2018,19.2300,9.4200,58.6600,12.3200,158883.0000,Metals & Mining
JINDALSTEL,Mar 2019,MAR 2019,17.0900,9.1700,58.6900,14.6300,164769.0000,Metals & Mining
JINDALSTEL,Mar 2020,MAR 2020,13.4000,11.9200,60.4800,13.7700,172186.0000,Metals & Mining
JINDALSTEL,Mar 2021,MAR 2021,10.9900,16.4900,60.4700,11.6200,176106.0000,Metals & Mining
JINDALSTEL,Mar 2022,MAR 2022,9.7000,17.3400,60.4500,12.5100,256046.0000,Metals & Mining
JINDALSTEL,Mar 2023,MAR 2023,13.4200,13.9000,61.2100,9.9900,235473.0000,Metals & Mining
JINDALSTEL,Mar 2024,MAR 2024,11.9300,14.7300,61.2100,10.4100,259991.0000,Metals & Mining
JINDALSTEL,Mar 2025,MAR 2025,9.5900,17.7200,62.2200,9.6500,305285.0000,Metals & Mining
JINDALSTEL,Mar 2026,MAR 2026,9.1900,19.1400,62.7100,8.7300,271333.0000,Metals & Mining
JINDALSTEL,Sep 2023,SEP 2023,12.2300,15.2200,61.2100,9.8800,238054.0000,Metals & Mining
JINDALSTEL,Sep 2024,SEP 2024,12.1900,16.0500,61.1900,9.7500,287902.0000,Metals & Mining
JINDALSTEL,Sep 2025,SEP 2025,9.4300,18.7400,62.3800,9.2000,290386.0000,Metals & Mining
JKCEMENT,Dec 2023,DEC 2023,15.2500,24.0100,45.7000,15.0000,68181.0000,Construction Materials
JKCEMENT,Dec 2024,DEC 2024,16.8800,23.7000,45.6800,13.7300,74527.0000,Construction Materials
JKCEMENT,Dec 2025,DEC 2025,17.8900,22.4900,45.6600,13.9400,83050.0000,Construction Materials
JKCEMENT,Jun 2024,JUN 2024,17.7100,22.0600,45.7000,14.5200,79162.0000,Construction Materials
JKCEMENT,Jun 2025,JUN 2025,17.5600,23.0500,45.6600,13.7200,76424.0000,Construction Materials
JKCEMENT,Jun 2026,JUN 2026,16.8500,23.7200,45.6600,13.7600,80353.0000,Construction Materials
JKCEMENT,Mar 2017,MAR 2017,11.2600,16.6600,64.1600,7.9100,82072.0000,Construction Materials
JKCEMENT,Mar 2018,MAR 2018,10.3100,16.7300,64.1600,8.7900,71191.0000,Construction Materials
JKCEMENT,Mar 2019,MAR 2019,10.0400,24.7100,58.0700,7.1800,67631.0000,Construction Materials
JKCEMENT,Mar 2020,MAR 2020,12.4200,23.7700,58.0700,5.7500,67103.0000,Construction Materials
JKCEMENT,Mar 2021,MAR 2021,16.8600,20.6300,57.6500,4.8600,69238.0000,Construction Materials
JKCEMENT,Mar 2022,MAR 2022,16.4700,20.6500,45.8200,17.0600,90701.0000,Construction Materials
JKCEMENT,Mar 2023,MAR 2023,15.5400,22.4600,45.8300,16.1700,75763.0000,Construction Materials
JKCEMENT,Mar 2024,MAR 2024,15.9200,23.3700,45.7000,14.9900,77580.0000,Construction Materials
JKCEMENT,Mar 2025,MAR 2025,16.1400,24.5000,45.6800,13.6800,73428.0000,Construction Materials
JKCEMENT,Mar 2026,MAR 2026,16.8600,23.7500,45.6600,13.7300,82016.0000,Construction Materials
JKCEMENT,Sep 2023,SEP 2023,14.4000,24.2500,45.8000,15.5400,72582.0000,Construction Materials
JKCEMENT,Sep 2024,SEP 2024,17.5500,22.4300,45.6800,14.3200,81196.0000,Construction Materials
JKCEMENT,Sep 2025,SEP 2025,18.5700,21.7400,45.6600,14.0200,88767.0000,Construction Materials
JPPOWER,Dec 2023,DEC 2023,5.1400,20.4600,24.0000,50.4100,1762615.0000,Power
JPPOWER,Dec 2024,DEC 2024,6.2600,17.4900,24.0000,52.2700,2514212.0000,Power
JPPOWER,Dec 2025,DEC 2025,6.5100,17.0300,24.0000,52.4500,2500687.0000,Power
JPPOWER,Jun 2024,JUN 2024,7.5900,18.1800,24.0000,50.2100,2301636.0000,Power
JPPOWER,Jun 2025,JUN 2025,6.3000,17.2700,24.0000,52.4300,2492267.0000,Power
JPPOWER,Jun 2026,JUN 2026,6.7500,11.1500,24.0000,58.0800,2447396.0000,Power
JPPOWER,Mar 2017,MAR 2017,0.7100,53.4300,31.1600,14.7000,317674.0000,Power
JPPOWER,Mar 2018,MAR 2018,1.2700,52.5000,31.1600,15.0300,295716.0000,Power
JPPOWER,Mar 2019,MAR 2019,1.0600,49.2900,29.8500,19.7700,300918.0000,Power
JPPOWER,Mar 2020,MAR 2020,0.4900,40.8800,26.0700,32.5700,292907.0000,Power
JPPOWER,Mar 2021,MAR 2021,0.6300,34.6800,26.0200,38.6700,372244.0000,Power
JPPOWER,Mar 2022,MAR 2022,1.2000,23.1200,24.0000,51.6800,1548551.0000,Power
JPPOWER,Mar 2023,MAR 2023,4.9700,22.1900,24.0000,48.8500,1463792.0000,Power
JPPOWER,Mar 2024,MAR 2024,6.0600,18.4600,24.0000,51.4700,2186634.0000,Power
JPPOWER,Mar 2025,MAR 2025,6.3100,17.5200,24.0000,52.1700,2554277.0000,Power
JPPOWER,Mar 2026,MAR 2026,6.5800,17.0300,24.0000,52.3800,2456876.0000,Power
JPPOWER,Sep 2023,SEP 2023,4.6500,21.6200,24.0000,49.7400,1547915.0000,Power
JPPOWER,Sep 2024,SEP 2024,7.7800,18.2900,24.0000,49.9400,2397337.0000,Power
JPPOWER,Sep 2025,SEP 2025,6.3400,17.1900,24.0000,52.4800,2547431.0000,Power
JSL,Dec 2023,DEC 2023,22.5600,5.8100,58.6800,12.9400,166183.0000,Metals & Mining
JSL,Dec 2024,DEC 2024,22.1600,6.2600,60.7000,10.8100,211924.0000,Metals & Mining
JSL,Dec 2025,DEC 2025,21.5300,7.2300,61.2200,9.9300,209086.0000,Metals & Mining
JSL,Jun 2024,JUN 2024,22.4900,6.2500,60.4800,10.7800,202103.0000,Metals & Mining
JSL,Jun 2025,JUN 2025,21.2600,7.0900,61.1000,10.5500,219278.0000,Metals & Mining
JSL,Jun 2026,JUN 2026,20.4500,7.3500,62.0400,10.1200,211641.0000,Metals & Mining
JSL,Mar 2017,MAR 2017,12.4900,1.8300,75.0000,10.6800,46412.0000,Metals & Mining
JSL,Mar 2018,MAR 2018,11.1600,12.7500,66.5200,9.5600,49303.0000,Metals & Mining
JSL,Mar 2019,MAR 2019,10.9600,9.3000,67.0100,12.7300,61909.0000,Metals & Mining
JSL,Mar 2020,MAR 2020,12.5900,7.8900,68.1100,11.4100,60280.0000,Metals & Mining
JSL,Mar 2021,MAR 2021,13.2100,7.3200,68.1200,11.3500,73578.0000,Metals & Mining
JSL,Mar 2022,MAR 2022,15.1000,6.3100,69.8700,8.7200,110268.0000,Metals & Mining
JSL,Mar 2023,MAR 2023,21.9200,6.1500,57.9500,13.9900,146581.0000,Metals & Mining
JSL,Mar 2024,MAR 2024,20.8300,6.6200,60.4900,12.0600,187726.0000,Metals & Mining
JSL,Mar 2025,MAR 2025,21.3700,6.9100,60.8700,10.8000,222569.0000,Metals & Mining
JSL,Mar 2026,MAR 2026,20.8700,7.1500,62.0400,9.8800,207613.0000,Metals & Mining
JSL,Sep 2023,SEP 2023,23.3700,5.4200,57.9400,13.2600,152709.0000,Metals & Mining
JSL,Sep 2024,SEP 2024,22.7800,5.8600,60.4800,10.8600,209910.0000,Metals & Mining
JSL,Sep 2025,SEP 2025,21.4200,7.0800,61.2300,10.1800,212125.0000,Metals & Mining
JSWCEMENT,Dec 2025,DEC 2025,3.0300,8.0900,72.3400,14.7300,460430.0000,Construction Materials
JSWCEMENT,Jun 2026,JUN 2026,3.7000,11.4900,72.0200,11.8300,442995.0000,Construction Materials
JSWCEMENT,Mar 2026,MAR 2026,2.9300,8.7400,72.0400,14.6700,442053.0000,Construction Materials
JSWCEMENT,Sep 2025,SEP 2025,4.1300,7.8700,72.3400,13.5200,470517.0000,Construction Materials
JSWDULUX,Dec 2023,DEC 2023,3.2000,8.5600,74.7600,13.4900,47322.0000,Consumer Durables
JSWDULUX,Dec 2024,DEC 2024,3.8400,8.0500,74.7600,13.3500,48266.0000,Consumer Durables
JSWDULUX,Dec 2025,DEC 2025,8.6600,20.5800,61.2000,9.5600,50314.0000,Consumer Durables
JSWDULUX,Jun 2024,JUN 2024,3.6300,8.2800,74.7600,13.3300,46662.0000,Consumer Durables
JSWDULUX,Jun 2025,JUN 2025,3.7000,8.5600,74.7600,12.9800,48922.0000,Consumer Durables
JSWDULUX,Jun 2026,JUN 2026,8.4900,21.9600,61.2000,8.3300,48114.0000,Consumer Durables
JSWDULUX,Mar 2017,MAR 2017,1.9800,8.3300,72.9600,16.7300,45580.0000,Consumer Durables
JSWDULUX,Mar 2018,MAR 2018,1.7300,9.0000,72.9600,16.3100,39360.0000,Consumer Durables
JSWDULUX,Mar 2019,MAR 2019,1.4300,8.2300,74.7600,15.5800,39208.0000,Consumer Durables
JSWDULUX,Mar 2020,MAR 2020,1.2600,8.5900,74.7600,15.4000,41268.0000,Consumer Durables
JSWDULUX,Mar 2021,MAR 2021,1.4300,10.9700,74.7600,12.8500,39934.0000,Consumer Durables
JSWDULUX,Mar 2022,MAR 2022,1.6600,10.5000,74.7600,13.0900,45780.0000,Consumer Durables
JSWDULUX,Mar 2023,MAR 2023,2.9700,8.9900,74.7600,13.2700,43735.0000,Consumer Durables
JSWDULUX,Mar 2024,MAR 2024,3.4200,8.3600,74.7600,13.4700,46712.0000,Consumer Durables
JSWDULUX,Mar 2025,MAR 2025,3.6800,8.4900,74.7600,13.0800,48140.0000,Consumer Durables
JSWDULUX,Mar 2026,MAR 2026,8.4300,21.7900,61.2000,8.5800,48493.0000,Consumer Durables
JSWDULUX,Sep 2023,SEP 2023,3.1400,8.6100,74.7600,13.4900,46657.0000,Consumer Durables
JSWDULUX,Sep 2024,SEP 2024,3.7500,8.1100,74.7600,13.3900,45906.0000,Consumer Durables
JSWDULUX,Sep 2025,SEP 2025,7.9700,13.7700,69.7600,8.5000,48226.0000,Consumer Durables
JSWENERGY,Dec 2023,DEC 2023,8.5000,9.3600,73.3900,8.5300,328915.0000,Power
JSWENERGY,Dec 2024,DEC 2024,14.5700,10.0500,69.3200,5.9200,482877.0000,Power
JSWENERGY,Dec 2025,DEC 2025,9.5000,14.3900,69.2600,6.7400,588053.0000,Power
JSWENERGY,Jun 2024,JUN 2024,15.3700,9.2100,69.3200,5.9000,406220.0000,Power
JSWENERGY,Jun 2025,JUN 2025,12.3600,11.4300,69.2600,6.7900,585827.0000,Power
JSWENERGY,Jun 2026,JUN 2026,11.4100,16.1600,66.5300,5.8200,555401.0000,Power
JSWENERGY,Mar 2017,MAR 2017,7.9800,10.6900,74.9900,6.3400,125691.0000,Power
JSWENERGY,Mar 2018,MAR 2018,6.0400,8.1200,74.9900,10.8500,138543.0000,Power
JSWENERGY,Mar 2019,MAR 2019,6.6700,8.3500,74.9500,10.0200,129960.0000,Power
JSWENERGY,Mar 2020,MAR 2020,7.4900,8.8900,74.8900,8.7000,119622.0000,Power
JSWENERGY,Mar 2021,MAR 2021,5.5500,7.1700,74.6800,12.5700,150877.0000,Power
JSWENERGY,Mar 2022,MAR 2022,5.3600,10.1600,74.6600,9.5500,235644.0000,Power
JSWENERGY,Mar 2023,MAR 2023,5.1800,10.0600,74.6600,9.8400,265138.0000,Power
JSWENERGY,Mar 2024,MAR 2024,8.3700,9.2900,73.6700,8.4500,360241.0000,Power
JSWENERGY,Mar 2025,MAR 2025,13.4300,10.9400,69.2600,6.2100,543336.0000,Power
JSWENERGY,Mar 2026,MAR 2026,9.7400,14.2900,69.4100,6.4400,565674.0000,Power
JSWENERGY,Sep 2023,SEP 2023,8.3800,9.6900,73.3900,8.3300,289740.0000,Power
JSWENERGY,Sep 2024,SEP 2024,14.9200,9.7800,69.3200,5.8100,441927.0000,Power
JSWENERGY,Sep 2025,SEP 2025,12.1200,11.5600,69.2600,6.9700,585445.0000,Power
JSWINFRA,Dec 2023,DEC 2023,2.4300,4.0800,85.6100,5.2000,300229.0000,Services
JSWINFRA,Dec 2024,DEC 2024,4.0700,2.7300,85.6100,6.3000,438570.0000,Services
JSWINFRA,Dec 2025,DEC 2025,7.1300,2.1700,83.6100,6.3300,460059.0000,Services
JSWINFRA,Jun 2024,JUN 2024,4.1500,2.7400,85.6100,5.7900,390005.0000,Services
JSWINFRA,Jun 2025,JUN 2025,6.6400,2.8200,83.6100,5.9800,439841.0000,Services
JSWINFRA,Jun 2026,JUN 2026,11.2100,9.1900,73.9300,5.3900,430425.0000,Services
JSWINFRA,Mar 2024,MAR 2024,2.3400,3.5900,85.6100,6.1400,374721.0000,Services
JSWINFRA,Mar 2025,MAR 2025,4.7500,2.6900,85.6100,5.6700,438044.0000,Services
JSWINFRA,Mar 2026,MAR 2026,6.9200,2.4300,83.6100,6.3300,460256.0000,Services
JSWINFRA,Sep 2023,SEP 2023,3.6400,4.1300,85.6100,3.4300,206920.0000,Services
JSWINFRA,Sep 2024,SEP 2024,4.2000,2.5000,85.6100,6.3200,425549.0000,Services
JSWINFRA,Sep 2025,SEP 2025,7.3000,2.5400,83.6100,5.6300,436239.0000,Services
JSWSTEEL,Dec 2023,DEC 2023,26.3300,9.4800,44.8100,18.4700,641582.0000,Metals & Mining
JSWSTEEL,Dec 2024,DEC 2024,25.5900,10.5900,44.8500,18.2400,635890.0000,Metals & Mining
JSWSTEEL,Dec 2025,DEC 2025,25.3800,11.0600,45.3100,17.5600,605301.0000,Metals & Mining
JSWSTEEL,Jun 2024,JUN 2024,25.5200,10.5200,44.8100,18.3000,635680.0000,Metals & Mining
JSWSTEEL,Jun 2025,JUN 2025,25.4200,10.9300,45.3100,17.5900,617339.0000,Metals & Mining
JSWSTEEL,Jun 2026,JUN 2026,25.9200,11.4900,44.2900,17.6200,610616.0000,Metals & Mining
JSWSTEEL,Mar 2017,MAR 2017,19.9500,16.3900,41.6200,20.9300,712410.0000,Metals & Mining
JSWSTEEL,Mar 2018,MAR 2018,19.8600,17.7800,41.7500,19.6500,598406.0000,Metals & Mining
JSWSTEEL,Mar 2019,MAR 2019,18.5800,2.8700,42.6600,34.7400,590514.0000,Metals & Mining
JSWSTEEL,Mar 2020,MAR 2020,17.1300,4.3900,42.7100,34.6500,601150.0000,Metals & Mining
JSWSTEEL,Mar 2021,MAR 2021,12.6900,7.1100,44.0700,35.1500,563121.0000,Metals & Mining
JSWSTEEL,Mar 2022,MAR 2022,11.5800,7.9400,45.0100,34.6500,659879.0000,Metals & Mining
JSWSTEEL,Mar 2023,MAR 2023,26.0100,9.4700,45.4100,18.0700,605019.0000,Metals & Mining
JSWSTEEL,Mar 2024,MAR 2024,26.0600,9.8100,44.8100,18.4400,671779.0000,Metals & Mining
JSWSTEEL,Mar 2025,MAR 2025,25.7800,10.5200,44.8400,18.1600,621932.0000,Metals & Mining
JSWSTEEL,Mar 2026,MAR 2026,25.3800,11.1600,45.3100,17.4700,603274.0000,Metals & Mining
JSWSTEEL,Sep 2023,SEP 2023,26.1300,9.5000,44.7900,18.6400,663179.0000,Metals & Mining
JSWSTEEL,Sep 2024,SEP 2024,25.6600,10.5300,44.8400,18.2200,632249.0000,Metals & Mining
JSWSTEEL,Sep 2025,SEP 2025,25.5600,10.8700,45.3100,17.6200,610303.0000,Metals & Mining
JUBLINGREA,Dec 2023,DEC 2023,6.3500,11.1700,51.4700,30.1700,162202.0000,Chemicals
JUBLINGREA,Dec 2024,DEC 2024,6.8900,15.9900,51.4700,24.9000,124830.0000,Chemicals
JUBLINGREA,Dec 2025,DEC 2025,6.1500,24.0000,45.2200,23.8000,117529.0000,Chemicals
JUBLINGREA,Jun 2024,JUN 2024,6.5500,14.0700,51.4700,27.1000,142736.0000,Chemicals
JUBLINGREA,Jun 2025,JUN 2025,6.9600,21.8100,45.2200,25.3000,123748.0000,Chemicals
JUBLINGREA,Jun 2026,JUN 2026,6.4900,24.9800,45.2200,22.3000,110949.0000,Chemicals
JUBLINGREA,Mar 2021,MAR 2021,24.2800,1.3100,50.6800,23.7300,63339.0000,Chemicals
JUBLINGREA,Mar 2022,MAR 2022,11.2100,0.6700,51.1000,36.8200,191477.0000,Chemicals
JUBLINGREA,Mar 2023,MAR 2023,7.7300,5.9700,51.4700,34.6200,185062.0000,Chemicals
JUBLINGREA,Mar 2024,MAR 2024,6.5800,13.6000,51.4700,27.5300,150388.0000,Chemicals
JUBLINGREA,Mar 2025,MAR 2025,7.1200,15.9100,51.4700,24.7600,120406.0000,Chemicals
JUBLINGREA,Mar 2026,MAR 2026,6.4900,24.7600,45.2200,22.5300,112696.0000,Chemicals
JUBLINGREA,Sep 2023,SEP 2023,6.3000,9.1800,51.4700,32.2200,173533.0000,Chemicals
JUBLINGREA,Sep 2024,SEP 2024,7.2200,15.4700,51.4700,25.0900,125367.0000,Chemicals
JUBLINGREA,Sep 2025,SEP 2025,5.9600,23.0400,45.2200,24.9400,125749.0000,Chemicals
KAJARIACER,Dec 2023,DEC 2023,18.3300,25.5300,47.4900,8.6600,74777.0000,Consumer Durables
KAJARIACER,Dec 2024,DEC 2024,16.0400,27.9100,47.4900,8.5700,82462.0000,Consumer Durables
KAJARIACER,Dec 2025,DEC 2025,11.6600,26.3000,47.6900,14.3400,91388.0000,Consumer Durables
KAJARIACER,Jun 2024,JUN 2024,16.2100,27.8300,47.4900,8.4600,83280.0000,Consumer Durables
KAJARIACER,Jun 2025,JUN 2025,12.5500,27.3900,47.4900,12.5700,93310.0000,Consumer Durables
KAJARIACER,Jun 2026,JUN 2026,11.5800,26.2400,47.6900,14.4800,125200.0000,Consumer Durables
KAJARIACER,Mar 2017,MAR 2017,23.3800,5.7600,47.3900,23.4700,37855.0000,Consumer Durables
KAJARIACER,Mar 2018,MAR 2018,28.0900,8.8900,47.5800,15.1200,60045.0000,Consumer Durables
KAJARIACER,Mar 2019,MAR 2019,25.9600,10.3100,47.5800,15.7300,64016.0000,Consumer Durables
KAJARIACER,Mar 2020,MAR 2020,23.1400,14.8900,47.5800,13.9700,64398.0000,Consumer Durables
KAJARIACER,Mar 2021,MAR 2021,25.2500,14.4600,47.5400,12.7500,63730.0000,Consumer Durables
KAJARIACER,Mar 2022,MAR 2022,21.2700,20.3200,47.5000,10.9100,83435.0000,Consumer Durables
KAJARIACER,Mar 2023,MAR 2023,16.8900,26.2300,47.4900,9.3600,68225.0000,Consumer Durables
KAJARIACER,Mar 2024,MAR 2024,19.1800,24.9100,47.4900,8.4300,80081.0000,Consumer Durables
KAJARIACER,Mar 2025,MAR 2025,15.7900,27.6800,47.4900,9.0600,89567.0000,Consumer Durables
KAJARIACER,Mar 2026,MAR 2026,10.2300,27.4700,47.6900,14.6000,92831.0000,Consumer Durables
KAJARIACER,Sep 2023,SEP 2023,18.4800,25.4300,47.4900,8.5900,71396.0000,Consumer Durables
KAJARIACER,Sep 2024,SEP 2024,16.0700,28.3900,47.4900,8.0500,77587.0000,Consumer Durables
KAJARIACER,Sep 2025,SEP 2025,11.5700,26.0000,47.6100,14.8200,92814.0000,Consumer Durables
KALYANKJIL,Dec 2023,DEC 2023,26.2100,5.4800,60.5500,7.7500,371648.0000,Consumer Durables
KALYANKJIL,Dec 2024,DEC 2024,16.3700,13.5700,62.8500,7.2100,570984.0000,Consumer Durables
KALYANKJIL,Dec 2025,DEC 2025,14.1100,15.2300,62.7500,7.9000,673739.0000,Consumer Durables
KALYANKJIL,Jun 2024,JUN 2024,21.1900,11.7500,60.5900,6.4600,403405.0000,Consumer Durables
KALYANKJIL,Jun 2025,JUN 2025,16.8300,13.3400,62.8100,7.0300,687905.0000,Consumer Durables
KALYANKJIL,Jun 2026,JUN 2026,10.8200,15.8300,62.8600,10.4900,769762.0000,Consumer Durables
KALYANKJIL,Mar 2021,MAR 2021,4.8000,1.6700,60.5300,33.0000,276620.0000,Consumer Durables
KALYANKJIL,Mar 2022,MAR 2022,3.0500,1.7400,60.5400,34.6700,271583.0000,Consumer Durables
KALYANKJIL,Mar 2023,MAR 2023,29.6500,2.6300,60.5500,7.1700,224401.0000,Consumer Durables
KALYANKJIL,Mar 2024,MAR 2024,21.1000,11.0000,60.6300,7.2600,370812.0000,Consumer Durables
KALYANKJIL,Mar 2025,MAR 2025,16.8900,11.9700,62.8500,8.2900,786781.0000,Consumer Durables
KALYANKJIL,Mar 2026,MAR 2026,14.5500,14.1300,62.8600,8.4600,693848.0000,Consumer Durables
KALYANKJIL,Sep 2023,SEP 2023,26.5600,4.8600,60.5500,8.0300,355696.0000,Consumer Durables
KALYANKJIL,Sep 2024,SEP 2024,15.7400,13.7400,62.9000,7.6200,553774.0000,Consumer Durables
KALYANKJIL,Sep 2025,SEP 2025,14.1200,14.5600,62.7700,8.5400,715743.0000,Consumer Durables
KEC,Dec 2023,DEC 2023,10.9000,26.9500,51.8800,10.2800,116281.0000,Construction
KEC,Dec 2024,DEC 2024,15.2000,24.9100,50.1000,9.7900,137820.0000,Construction
KEC,Dec 2025,DEC 2025,11.7500,25.4700,50.1000,12.6600,191228.0000,Construction
KEC,Jun 2024,JUN 2024,12.6600,25.2900,51.8800,10.1600,125227.0000,Construction
KEC,Jun 2025,JUN 2025,16.0200,22.5500,50.1000,11.3200,173927.0000,Construction
KEC,Jun 2026,JUN 2026,9.9200,23.3400,50.1000,16.6400,226492.0000,Construction
KEC,Mar 2017,MAR 2017,6.0600,26.3900,50.8600,16.6900,71096.0000,Construction
KEC,Mar 2018,MAR 2018,10.6600,20.2000,50.9900,18.1600,79830.0000,Construction
KEC,Mar 2019,MAR 2019,6.6100,24.5200,51.3500,17.5200,93808.0000,Construction
KEC,Mar 2020,MAR 2020,8.7000,27.4600,51.6600,12.1800,89906.0000,Construction
KEC,Mar 2021,MAR 2021,10.7500,25.5700,51.8200,11.8700,101298.0000,Construction
KEC,Mar 2022,MAR 2022,12.1900,26.3900,51.8200,9.6000,112259.0000,Construction
KEC,Mar 2023,MAR 2023,12.6000,25.7900,51.8800,9.7300,98145.0000,Construction
KEC,Mar 2024,MAR 2024,12.4500,25.8400,51.8800,9.8300,110618.0000,Construction
KEC,Mar 2025,MAR 2025,15.4200,24.1800,50.1000,10.2900,159540.0000,Construction
KEC,Mar 2026,MAR 2026,9.8400,26.8600,50.1000,13.1800,197513.0000,Construction
KEC,Sep 2023,SEP 2023,11.2500,27.1600,51.8800,9.7300,103019.0000,Construction
KEC,Sep 2024,SEP 2024,13.6000,26.3300,50.1000,9.9700,136627.0000,Construction
KEC,Sep 2025,SEP 2025,15.9200,22.5400,50.1000,11.4300,179525.0000,Construction
KPIL,Dec 2023,DEC 2023,7.6900,43.8100,40.5900,7.9200,68851.0000,Construction
KPIL,Dec 2024,DEC 2024,12.6800,45.6000,33.5200,8.1900,112132.0000,Construction
KPIL,Dec 2025,DEC 2025,11.7300,43.9000,33.5700,10.8000,130006.0000,Construction
KPIL,Jun 2024,JUN 2024,10.0600,45.6100,35.2400,9.0900,91938.0000,Construction
KPIL,Jun 2025,JUN 2025,11.8300,44.8100,33.5200,9.8400,121346.0000,Construction
KPIL,Jun 2026,JUN 2026,10.7700,44.8400,33.5800,10.8100,119404.0000,Construction
KPIL,Mar 2017,MAR 2017,7.1800,18.3200,59.4500,15.0500,21738.0000,Construction
KPIL,Mar 2018,MAR 2018,5.1900,22.2100,59.3200,13.2200,24905.0000,Construction
KPIL,Mar 2019,MAR 2019,4.3600,25.2800,59.3200,11.0400,24867.0000,Construction
KPIL,Mar 2020,MAR 2020,7.3700,29.5500,54.3700,8.7100,35111.0000,Construction
KPIL,Mar 2021,MAR 2021,6.3300,27.2500,56.4900,9.9300,53955.0000,Construction
KPIL,Mar 2022,MAR 2022,5.3100,35.7900,51.5800,7.3200,62428.0000,Construction
KPIL,Mar 2023,MAR 2023,6.9200,37.7600,47.2300,8.0800,76073.0000,Construction
KPIL,Mar 2024,MAR 2024,8.1700,43.6400,40.5900,7.6000,76744.0000,Construction
KPIL,Mar 2025,MAR 2025,11.6000,45.0200,33.5200,9.8500,120183.0000,Construction
KPIL,Mar 2026,MAR 2026,10.9200,45.1200,33.5800,10.3800,118697.0000,Construction
KPIL,Sep 2023,SEP 2023,8.5000,42.7000,41.0600,7.7300,64395.0000,Construction
KPIL,Sep 2024,SEP 2024,10.7100,45.9300,35.2400,8.1400,104873.0000,Construction
KPIL,Sep 2025,SEP 2025,11.9700,44.1000,33.5700,10.3400,120825.0000,Construction
KPITTECH,Dec 2023,DEC 2023,26.4800,11.6000,39.4700,21.3300,508158.0000,Information Technology
KPITTECH,Dec 2024,DEC 2024,17.3500,20.4100,39.4700,21.8200,618571.0000,Information Technology
KPITTECH,Dec 2025,DEC 2025,13.5700,25.3500,39.4100,20.9300,598639.0000,Information Technology
KPITTECH,Jun 2024,JUN 2024,22.2300,16.6400,39.4700,20.6300,534018.0000,Information Technology
KPITTECH,Jun 2025,JUN 2025,15.4900,22.3600,39.4500,21.9000,636445.0000,Information Technology
KPITTECH,Jun 2026,JUN 2026,13.2200,23.6000,38.5900,23.9500,624641.0000,Information Technology
KPITTECH,Mar 2020,MAR 2020,23.3000,12.6400,41.6500,20.4800,54632.0000,Information Technology
KPITTECH,Mar 2021,MAR 2021,20.9200,15.4400,40.1400,21.6400,75567.0000,Information Technology
KPITTECH,Mar 2022,MAR 2022,17.1000,11.2100,40.1100,30.0800,514259.0000,Information Technology
KPITTECH,Mar 2023,MAR 2023,23.4200,12.3000,39.4900,23.4100,476890.0000,Information Technology
KPITTECH,Mar 2024,MAR 2024,23.9800,14.0000,39.4700,21.4900,532946.0000,Information Technology
KPITTECH,Mar 2025,MAR 2025,17.1700,21.2900,39.4700,21.1500,615957.0000,Information Technology
KPITTECH,Mar 2026,MAR 2026,13.2500,24.6500,39.4100,21.9800,619026.0000,Information Technology
KPITTECH,Sep 2023,SEP 2023,25.6900,12.2500,39.4700,21.4600,496051.0000,Information Technology
KPITTECH,Sep 2024,SEP 2024,20.9500,17.5200,39.4700,21.1100,559643.0000,Information Technology
KPITTECH,Sep 2025,SEP 2025,14.3100,23.8900,39.4400,21.5800,623790.0000,Information Technology
KPRMILL,Dec 2023,DEC 2023,4.3200,15.1200,73.7500,6.8200,106005.0000,Textiles
KPRMILL,Dec 2024,DEC 2024,6.1400,16.7000,70.6800,6.4600,100701.0000,Textiles
KPRMILL,Dec 2025,DEC 2025,6.4900,19.1800,67.5200,6.8000,120169.0000,Textiles
KPRMILL,Jun 2024,JUN 2024,5.0000,14.9000,73.7500,6.3200,94494.0000,Textiles
KPRMILL,Jun 2025,JUN 2025,6.5500,18.9800,67.5200,6.9200,123589.0000,Textiles
KPRMILL,Jun 2026,JUN 2026,7.0200,19.2500,67.5200,6.1900,111866.0000,Textiles
KPRMILL,Mar 2017,MAR 2017,2.6500,12.7800,74.9000,9.6700,16353.0000,Textiles
KPRMILL,Mar 2018,MAR 2018,2.7800,13.0900,74.9000,9.2400,13232.0000,Textiles
KPRMILL,Mar 2019,MAR 2019,1.0700,16.0500,74.9900,7.8900,14411.0000,Textiles
KPRMILL,Mar 2020,MAR 2020,1.2700,16.4000,75.2000,7.1300,10796.0000,Textiles
KPRMILL,Mar 2021,MAR 2021,2.1500,15.3400,74.7200,7.8000,19661.0000,Textiles
KPRMILL,Mar 2022,MAR 2022,4.3300,11.9800,74.7200,8.9800,150579.0000,Textiles
KPRMILL,Mar 2023,MAR 2023,3.0700,14.5600,74.7800,7.5900,118317.0000,Textiles
KPRMILL,Mar 2024,MAR 2024,4.6400,14.7900,73.7500,6.8100,105566.0000,Textiles
KPRMILL,Mar 2025,MAR 2025,6.2500,16.4700,70.6800,6.5700,105890.0000,Textiles
KPRMILL,Mar 2026,MAR 2026,6.6400,19.4700,67.5200,6.3500,123029.0000,Textiles
KPRMILL,Sep 2023,SEP 2023,4.1800,15.0500,73.7500,7.0000,102942.0000,Textiles
KPRMILL,Sep 2024,SEP 2024,5.6000,17.3300,70.6800,6.3900,99126.0000,Textiles
KPRMILL,Sep 2025,SEP 2025,6.4500,19.3800,67.5200,6.6400,118068.0000,Textiles
LATENTVIEW,Dec 2023,DEC 2023,2.5400,2.4500,65.4200,29.5900,301452.0000,Information Technology
LATENTVIEW,Dec 2024,DEC 2024,2.8700,3.6600,65.2400,28.2300,244434.0000,Information Technology
LATENTVIEW,Dec 2025,DEC 2025,3.7200,4.2000,65.1000,26.9800,211187.0000,Information Technology
LATENTVIEW,Jun 2024,JUN 2024,2.4000,4.4200,65.3900,27.7800,261847.0000,Information Technology
LATENTVIEW,Jun 2025,JUN 2025,2.1000,3.2500,65.2000,29.4400,235096.0000,Information Technology
LATENTVIEW,Jun 2026,JUN 2026,2.1200,3.6000,65.1000,29.1900,216050.0000,Information Technology
LATENTVIEW,Mar 2022,MAR 2022,1.1100,2.1400,67.2100,29.5400,312969.0000,Information Technology
LATENTVIEW,Mar 2023,MAR 2023,1.6600,1.8100,65.7400,30.7900,294472.0000,Information Technology
LATENTVIEW,Mar 2024,MAR 2024,2.3900,4.4700,65.4200,27.7300,275047.0000,Information Technology
LATENTVIEW,Mar 2025,MAR 2025,3.0200,3.2700,65.2400,28.4700,238450.0000,Information Technology
LATENTVIEW,Mar 2026,MAR 2026,3.1500,4.1300,65.1000,27.6200,210677.0000,Information Technology
LATENTVIEW,Sep 2023,SEP 2023,2.5700,1.5800,65.7400,30.1200,287607.0000,Information Technology
LATENTVIEW,Sep 2024,SEP 2024,2.6600,3.6500,65.3900,28.3000,255074.0000,Information Technology
LATENTVIEW,Sep 2025,SEP 2025,2.1700,3.4000,65.2000,29.2400,228646.0000,Information Technology
LGEINDIA,Dec 2025,DEC 2025,3.0000,7.1500,85.0000,4.8500,1093845.0000,Consumer Durables
LGEINDIA,Jun 2026,JUN 2026,3.1300,7.8400,85.0000,4.0300,919561.0000,Consumer Durables
LGEINDIA,Mar 2026,MAR 2026,2.7300,8.0300,85.0000,4.2500,973763.0000,Consumer Durables
LINDEINDIA,Dec 2023,DEC 2023,2.2500,7.2200,75.0000,15.5200,54661.0000,Chemicals
LINDEINDIA,Dec 2024,DEC 2024,2.2700,6.8100,75.0000,15.9200,66819.0000,Chemicals
LINDEINDIA,Dec 2025,DEC 2025,2.0300,6.9500,75.0000,16.0200,66620.0000,Chemicals
LINDEINDIA,Jun 2024,JUN 2024,3.0300,6.8400,75.0000,15.1300,60138.0000,Chemicals
LINDEINDIA,Jun 2025,JUN 2025,2.5100,6.6200,75.0000,15.8700,68796.0000,Chemicals
LINDEINDIA,Jun 2026,JUN 2026,2.0300,6.7900,75.0000,16.1700,63024.0000,Chemicals
LINDEINDIA,Mar 2017,MAR 2017,5.8200,10.3100,75.0000,8.8700,19627.0000,Chemicals
LINDEINDIA,Mar 2018,MAR 2018,2.9300,13.0500,75.0000,9.0200,21084.0000,Chemicals
LINDEINDIA,Mar 2019,MAR 2019,1.5400,13.8300,75.0000,9.6300,20131.0000,Chemicals
LINDEINDIA,Mar 2020,MAR 2020,1.9800,13.0200,75.0300,9.9700,19537.0000,Chemicals
LINDEINDIA,Mar 2021,MAR 2021,1.6200,11.4200,75.0000,11.9600,23783.0000,Chemicals
LINDEINDIA,Mar 2022,MAR 2022,2.5900,8.3100,75.0000,14.1000,48537.0000,Chemicals
LINDEINDIA,Mar 2023,MAR 2023,2.7700,8.0100,75.0000,14.2300,44457.0000,Chemicals
LINDEINDIA,Mar 2024,MAR 2024,2.3100,7.4500,75.0000,15.2300,52221.0000,Chemicals
LINDEINDIA,Mar 2025,MAR 2025,2.6300,6.4900,75.0000,15.9000,67569.0000,Chemicals
LINDEINDIA,Mar 2026,MAR 2026,2.0500,6.8800,75.0000,16.0800,63167.0000,Chemicals
LINDEINDIA,Sep 2023,SEP 2023,2.8900,7.4400,75.0000,14.6700,49724.0000,Chemicals
LINDEINDIA,Sep 2024,SEP 2024,2.4200,6.8800,75.0000,15.7000,63324.0000,Chemicals
LINDEINDIA,Sep 2025,SEP 2025,2.3500,6.7500,75.0000,15.9000,68078.0000,Chemicals
LLOYDSME,Dec 2023,DEC 2023,0.3200,0.0000,65.6900,33.8800,31607.0000,Metals & Mining
LLOYDSME,Dec 2024,DEC 2024,1.9700,1.7500,63.4800,32.7800,114240.0000,Metals & Mining
LLOYDSME,Dec 2025,DEC 2025,1.8900,1.8500,63.7300,32.3900,113593.0000,Metals & Mining
LLOYDSME,Jun 2024,JUN 2024,1.1000,0.0700,65.6900,33.0900,37806.0000,Metals & Mining
LLOYDSME,Jun 2025,JUN 2025,2.1800,2.0700,63.4400,32.2800,116161.0000,Metals & Mining
LLOYDSME,Jun 2026,JUN 2026,1.8500,2.1800,61.6300,34.2700,126658.0000,Metals & Mining
LLOYDSME,Mar 2017,MAR 2017,0.0000,0.0100,62.8400,37.1500,12891.0000,Metals & Mining
LLOYDSME,Mar 2018,MAR 2018,0.0000,0.0000,63.1400,36.8500,11678.0000,Metals & Mining
LLOYDSME,Mar 2019,MAR 2019,0.0000,0.0000,63.7600,36.2400,11982.0000,Metals & Mining
LLOYDSME,Mar 2020,MAR 2020,0.0000,0.0100,63.0200,35.8200,11610.0000,Metals & Mining
LLOYDSME,Mar 2021,MAR 2021,0.0000,0.0100,65.9000,33.5600,12679.0000,Metals & Mining
LLOYDSME,Mar 2022,MAR 2022,0.0000,0.0000,69.4100,30.5600,19082.0000,Metals & Mining
LLOYDSME,Mar 2023,MAR 2023,0.1900,0.0000,65.7500,34.0500,21745.0000,Metals & Mining
LLOYDSME,Mar 2024,MAR 2024,0.6800,0.0600,65.6900,33.5100,33891.0000,Metals & Mining
LLOYDSME,Mar 2025,MAR 2025,2.1000,1.9300,63.4400,32.4900,120648.0000,Metals & Mining
LLOYDSME,Mar 2026,MAR 2026,2.2600,1.7100,61.6500,34.3500,119530.0000,Metals & Mining
LLOYDSME,Sep 2023,SEP 2023,0.2500,0.0200,65.7500,33.9800,29844.0000,Metals & Mining
LLOYDSME,Sep 2024,SEP 2024,1.9500,1.2600,63.4800,33.2800,62762.0000,Metals & Mining
LLOYDSME,Sep 2025,SEP 2025,2.3000,2.1000,63.0500,32.5300,118934.0000,Metals & Mining
LODHA,Apr 2001,APR 2001,7.8000,1.0000,88.5000,2.7000,87479.0000,Realty
LODHA,Dec 2023,DEC 2023,21.0900,3.2100,74.9200,0.7800,52805.0000,Realty
LODHA,Dec 2024,DEC 2024,24.4500,2.6300,71.9800,0.9200,94623.0000,Realty
LODHA,Dec 2025,DEC 2025,23.4900,3.1700,71.8500,1.4800,135294.0000,Realty
LODHA,Jun 2024,JUN 2024,24.1800,2.9600,72.1300,0.7200,67699.0000,Realty
LODHA,Jun 2025,JUN 2025,24.8900,2.1900,71.9000,1.0000,99267.0000,Realty
LODHA,Jun 2026,JUN 2026,23.6500,3.5600,70.3100,2.4600,158746.0000,Realty
LODHA,Mar 2022,MAR 2022,14.9100,1.4500,82.2200,1.4300,50652.0000,Realty
LODHA,Mar 2023,MAR 2023,18.9800,3.6800,74.9900,2.3300,53431.0000,Realty
LODHA,Mar 2024,MAR 2024,23.7900,3.3200,72.1600,0.7300,60812.0000,Realty
LODHA,Mar 2025,MAR 2025,24.6400,2.3600,71.9400,1.0400,104512.0000,Realty
LODHA,Mar 2026,MAR 2026,21.2400,4.6200,72.2700,1.8500,147462.0000,Realty
LODHA,Sep 2023,SEP 2023,20.5200,3.5000,74.9300,1.0500,52590.0000,Realty
LODHA,Sep 2024,SEP 2024,24.2000,2.7800,72.1100,0.9100,92933.0000,Realty
LODHA,Sep 2025,SEP 2025,24.1100,2.7300,71.8700,1.2800,118870.0000,Realty
LT,Dec 2023,DEC 2023,25.5000,37.3400,,36.9300,1454624.0000,Construction
LT,Dec 2024,DEC 2024,20.8300,41.7100,,37.2100,1675146.0000,Construction
LT,Dec 2025,DEC 2025,20.0600,42.9900,,36.6900,1630031.0000,Construction
LT,Jun 2024,JUN 2024,22.8500,38.8900,,38.0100,1736844.0000,Construction
LT,Jun 2025,JUN 2025,19.3300,43.4800,,36.9500,1681491.0000,Construction
LT,Jun 2026,JUN 2026,19.1300,43.0100,,37.6000,1795249.0000,Construction
LT,Mar 2017,MAR 2017,17.6000,39.2900,,42.9000,923628.0000,Construction
LT,Mar 2018,MAR 2018,18.8200,39.1200,,41.8400,899902.0000,Construction
LT,Mar 2019,MAR 2019,19.0000,38.5700,,42.1700,1021275.0000,Construction
LT,Mar 2020,MAR 2020,16.9000,37.9900,,44.7200,1251569.0000,Construction
LT,Mar 2021,MAR 2021,22.0200,33.1900,,44.2900,1371535.0000,Construction
LT,Mar 2022,MAR 2022,22.4200,33.4900,,43.8600,1492124.0000,Construction
LT,Mar 2023,MAR 2023,24.4800,38.6400,,36.6500,1425064.0000,Construction
LT,Mar 2024,MAR 2024,24.3600,38.0800,,37.3300,1564085.0000,Construction
LT,Mar 2025,MAR 2025,19.8000,42.7100,,37.2500,1706264.0000,Construction
LT,Mar 2026,MAR 2026,18.7800,43.3200,,37.6400,1801254.0000,Construction
LT,Sep 2023,SEP 2023,25.7200,37.1600,,36.8900,1407117.0000,Construction
LT,Sep 2024,SEP 2024,21.7200,40.4400,,37.6000,1689155.0000,Construction
LT,Sep 2025,SEP 2025,19.4800,43.3400,,36.9200,1671006.0000,Construction
LTM,Dec 2023,DEC 2023,8.6500,12.8500,68.6400,9.7800,483443.0000,Information Technology
LTM,Dec 2024,DEC 2024,7.4500,14.8800,68.5700,8.9600,440977.0000,Information Technology
LTM,Dec 2025,DEC 2025,6.5100,16.8000,68.5300,8.0200,380139.0000,Information Technology
LTM,Jun 2024,JUN 2024,7.2800,14.1200,68.6000,9.8600,503444.0000,Information Technology
LTM,Jun 2025,JUN 2025,6.6200,16.1000,68.5600,8.6000,418455.0000,Information Technology
LTM,Jun 2026,JUN 2026,6.3100,16.7300,68.4900,8.3000,397187.0000,Information Technology
LTM,Mar 2017,MAR 2017,4.7600,2.0900,84.2800,8.8800,165979.0000,Information Technology
LTM,Mar 2018,MAR 2018,6.9200,2.1900,82.9600,7.9300,112405.0000,Information Technology
LTM,Mar 2019,MAR 2019,7.7100,7.1200,74.8000,10.3700,130692.0000,Information Technology
LTM,Mar 2020,MAR 2020,9.4600,7.1900,74.5300,8.8100,135442.0000,Information Technology
LTM,Mar 2021,MAR 2021,13.5500,4.2900,74.2700,7.8900,193968.0000,Information Technology
LTM,Mar 2022,MAR 2022,10.0800,7.4700,74.0500,8.4000,304624.0000,Information Technology
LTM,Mar 2023,MAR 2023,8.4100,11.6100,68.6800,11.2200,572545.0000,Information Technology
LTM,Mar 2024,MAR 2024,7.8600,13.4800,68.6000,9.9500,503965.0000,Information Technology
LTM,Mar 2025,MAR 2025,7.0000,15.5100,68.5700,8.8200,433377.0000,Information Technology
LTM,Mar 2026,MAR 2026,6.6300,16.9000,68.5200,7.8200,375351.0000,Information Technology
LTM,Sep 2023,SEP 2023,8.1100,12.8700,68.6600,10.2700,512560.0000,Information Technology
LTM,Sep 2024,SEP 2024,7.3900,14.7900,68.6000,9.0900,449972.0000,Information Technology
LTM,Sep 2025,SEP 2025,6.4000,16.5700,68.5400,8.3500,405567.0000,Information Technology
LTTS,Dec 2023,DEC 2023,5.6300,11.3300,73.7500,9.2900,257396.0000,Information Technology
LTTS,Dec 2024,DEC 2024,4.1900,14.3000,73.6600,7.8500,231067.0000,Information Technology
LTTS,Dec 2025,DEC 2025,4.2200,14.5700,73.5800,7.6200,231406.0000,Information Technology
LTTS,Jun 2024,JUN 2024,4.4600,13.0700,73.6900,8.7700,254732.0000,Information Technology
LTTS,Jun 2025,JUN 2025,4.8400,13.8600,73.5900,7.6900,223318.0000,Information Technology
LTTS,Jun 2026,JUN 2026,4.1300,14.0500,73.5200,8.2900,247423.0000,Information Technology
LTTS,Mar 2017,MAR 2017,3.5400,1.0800,89.7700,5.6100,102646.0000,Information Technology
LTTS,Mar 2018,MAR 2018,2.9500,0.7800,88.8100,7.4700,78346.0000,Information Technology
LTTS,Mar 2019,MAR 2019,5.0900,4.4300,78.8800,11.6000,92243.0000,Information Technology
LTTS,Mar 2020,MAR 2020,8.3700,4.8800,74.6200,12.1300,95537.0000,Information Technology
LTTS,Mar 2021,MAR 2021,9.0600,6.3600,74.2400,10.3400,114727.0000,Information Technology
LTTS,Mar 2022,MAR 2022,7.1400,5.2000,73.9000,13.7600,222196.0000,Information Technology
LTTS,Mar 2023,MAR 2023,6.6900,8.4100,73.8500,11.0600,297569.0000,Information Technology
LTTS,Mar 2024,MAR 2024,5.5200,12.0900,73.7400,8.6500,243374.0000,Information Technology
LTTS,Mar 2025,MAR 2025,5.1800,13.6700,73.6600,7.4700,219573.0000,Information Technology
LTTS,Mar 2026,MAR 2026,3.8600,14.6400,73.5700,7.9300,244820.0000,Information Technology
LTTS,Sep 2023,SEP 2023,5.8900,10.7700,73.7700,9.5500,266571.0000,Information Technology
LTTS,Sep 2024,SEP 2024,4.3500,13.7200,73.6900,8.2400,236000.0000,Information Technology
LTTS,Sep 2025,SEP 2025,4.6700,14.1300,73.5800,7.6300,221811.0000,Information Technology
MAPMYINDIA,Dec 2023,DEC 2023,5.9800,4.2900,52.9100,36.8200,162163.0000,Information Technology
MAPMYINDIA,Dec 2024,DEC 2024,4.6600,7.1400,51.6700,36.5400,166270.0000,Information Technology
MAPMYINDIA,Dec 2025,DEC 2025,3.9000,13.9500,51.3600,30.7800,147041.0000,Information Technology
MAPMYINDIA,Jun 2024,JUN 2024,6.4100,5.7600,51.9800,35.8500,159382.0000,Information Technology
MAPMYINDIA,Jun 2025,JUN 2025,5.3600,12.0600,51.6500,30.9300,154742.0000,Information Technology
MAPMYINDIA,Jun 2026,JUN 2026,1.5200,12.7400,51.4100,34.3200,150090.0000,Information Technology
MAPMYINDIA,Mar 2022,MAR 2022,5.5700,4.8000,53.7300,35.9000,151018.0000,Information Technology
MAPMYINDIA,Mar 2023,MAR 2023,6.6100,4.8500,53.3100,35.2200,146982.0000,Information Technology
MAPMYINDIA,Mar 2024,MAR 2024,6.7300,4.7300,52.9100,35.6400,155675.0000,Information Technology
MAPMYINDIA,Mar 2025,MAR 2025,4.4400,8.9100,51.6500,35.0100,156853.0000,Information Technology
MAPMYINDIA,Mar 2026,MAR 2026,3.1500,14.3100,51.4100,31.1200,142309.0000,Information Technology
MAPMYINDIA,Sep 2023,SEP 2023,5.7400,5.7900,52.9300,35.5300,135820.0000,Information Technology
MAPMYINDIA,Sep 2024,SEP 2024,6.4400,5.7600,51.6700,36.1400,162409.0000,Information Technology
MAPMYINDIA,Sep 2025,SEP 2025,4.6300,13.0700,51.3600,30.9400,149530.0000,Information Technology
MGL,Dec 2023,DEC 2023,30.8500,17.2300,32.5000,9.4300,141617.0000,Oil Gas & Consumable Fuels
MGL,Dec 2024,DEC 2024,25.7500,21.1000,32.5000,10.6400,173905.0000,Oil Gas & Consumable Fuels
MGL,Dec 2025,DEC 2025,24.8900,20.8300,32.5000,11.7900,179761.0000,Oil Gas & Consumable Fuels
MGL,Jun 2024,JUN 2024,31.4900,16.6700,32.5000,9.3200,147540.0000,Oil Gas & Consumable Fuels
MGL,Jun 2025,JUN 2025,25.4800,22.5200,32.5000,9.5000,166589.0000,Oil Gas & Consumable Fuels
MGL,Jun 2026,JUN 2026,23.2100,22.5300,32.5000,11.7500,178033.0000,Oil Gas & Consumable Fuels
MGL,Mar 2017,MAR 2017,9.8000,8.0400,65.0000,7.1600,86278.0000,Oil Gas & Consumable Fuels
MGL,Mar 2018,MAR 2018,9.6800,5.5600,65.0000,9.7600,108221.0000,Oil Gas & Consumable Fuels
MGL,Mar 2019,MAR 2019,24.3600,12.8600,42.5000,10.2800,117880.0000,Oil Gas & Consumable Fuels
MGL,Mar 2020,MAR 2020,31.2800,17.0300,32.5000,9.1900,120271.0000,Oil Gas & Consumable Fuels
MGL,Mar 2021,MAR 2021,31.1100,17.1700,32.5000,9.2200,148404.0000,Oil Gas & Consumable Fuels
MGL,Mar 2022,MAR 2022,24.9800,17.3400,32.5000,15.1800,218221.0000,Oil Gas & Consumable Fuels
MGL,Mar 2023,MAR 2023,30.9500,14.9300,32.5000,11.6000,167717.0000,Oil Gas & Consumable Fuels
MGL,Mar 2024,MAR 2024,30.5400,17.4000,32.5000,9.5500,149718.0000,Oil Gas & Consumable Fuels
MGL,Mar 2025,MAR 2025,23.7600,23.8200,32.5000,9.9200,167650.0000,Oil Gas & Consumable Fuels
MGL,Mar 2026,MAR 2026,24.1300,21.0100,32.5000,12.3400,184373.0000,Oil Gas & Consumable Fuels
MGL,Sep 2023,SEP 2023,30.5100,16.1000,32.5000,10.8900,153582.0000,Oil Gas & Consumable Fuels
MGL,Sep 2024,SEP 2024,34.2000,15.4600,32.5000,7.8400,142738.0000,Oil Gas & Consumable Fuels
MGL,Sep 2025,SEP 2025,23.5900,22.8900,32.5000,11.0100,178576.0000,Oil Gas & Consumable Fuels
MMTC,Dec 2023,DEC 2023,0.0000,2.4300,89.9300,7.6400,302066.0000,Services
MMTC,Dec 2024,DEC 2024,0.1100,1.8600,89.9300,8.1000,378682.0000,Services
MMTC,Dec 2025,DEC 2025,0.0200,1.7700,89.9300,8.2900,376773.0000,Services
MMTC,Jun 2024,JUN 2024,0.0200,2.6600,89.9300,7.3900,342548.0000,Services
MMTC,Jun 2025,JUN 2025,0.1100,1.8700,89.9300,8.0900,399746.0000,Services
MMTC,Jun 2026,JUN 2026,0.1600,1.7800,89.9300,8.1500,355989.0000,Services
MMTC,Mar 2017,MAR 2017,0.0000,5.9900,89.9300,4.0800,89595.0000,Services
MMTC,Mar 2018,MAR 2018,0.1100,4.0800,89.9300,5.8800,111017.0000,Services
MMTC,Mar 2019,MAR 2019,0.0900,4.1100,89.9300,5.8700,116929.0000,Services
MMTC,Mar 2020,MAR 2020,0.0700,4.0700,89.9300,5.9300,111025.0000,Services
MMTC,Mar 2021,MAR 2021,0.0000,4.0100,89.9300,6.0700,149938.0000,Services
MMTC,Mar 2022,MAR 2022,0.0700,2.5600,89.9300,7.4500,198268.0000,Services
MMTC,Mar 2023,MAR 2023,0.0200,2.5600,89.9300,7.4900,185233.0000,Services
MMTC,Mar 2024,MAR 2024,0.1500,2.7000,89.9300,7.2300,348800.0000,Services
MMTC,Mar 2025,MAR 2025,0.1600,1.8700,89.9300,8.0400,378376.0000,Services
MMTC,Mar 2026,MAR 2026,0.1300,1.7700,89.9300,8.1800,365864.0000,Services
MMTC,Sep 2023,SEP 2023,0.0200,2.5200,89.9300,7.5400,263645.0000,Services
MMTC,Sep 2024,SEP 2024,0.0900,2.1500,89.9300,7.8400,379581.0000,Services
MMTC,Sep 2025,SEP 2025,0.0900,1.8400,89.9300,8.1300,384099.0000,Services
MPHASIS,Dec 2023,DEC 2023,15.7200,23.7100,55.5200,5.0600,148428.0000,Information Technology
MPHASIS,Dec 2024,DEC 2024,20.7800,34.6200,40.2300,4.3800,143700.0000,Information Technology
MPHASIS,Dec 2025,DEC 2025,19.7900,45.2600,30.5900,4.3600,140263.0000,Information Technology
MPHASIS,Jun 2024,JUN 2024,18.3200,35.8400,40.3500,5.4900,167593.0000,Information Technology
MPHASIS,Jun 2025,JUN 2025,18.9900,36.5100,40.1000,4.4000,152602.0000,Information Technology
MPHASIS,Jun 2026,JUN 2026,19.5000,45.3100,30.5400,4.6500,131941.0000,Information Technology
MPHASIS,Mar 2017,MAR 2017,20.4100,9.8500,60.4100,9.3300,34245.0000,Information Technology
MPHASIS,Mar 2018,MAR 2018,22.7900,7.5800,60.3800,9.2500,22894.0000,Information Technology
MPHASIS,Mar 2019,MAR 2019,29.7400,8.0100,52.2600,9.9900,62877.0000,Information Technology
MPHASIS,Mar 2020,MAR 2020,23.8700,14.1700,56.1800,5.7700,61138.0000,Information Technology
MPHASIS,Mar 2021,MAR 2021,21.8200,17.1500,56.0300,4.9900,65810.0000,Information Technology
MPHASIS,Mar 2022,MAR 2022,21.0900,18.0400,55.8000,5.0700,126895.0000,Information Technology
MPHASIS,Mar 2023,MAR 2023,17.7200,21.0000,55.6300,5.6500,169215.0000,Information Technology
MPHASIS,Mar 2024,MAR 2024,14.8400,24.6300,55.4500,5.0800,147350.0000,Information Technology
MPHASIS,Mar 2025,MAR 2025,20.6100,34.9100,40.1400,4.3400,139813.0000,Information Technology
MPHASIS,Mar 2026,MAR 2026,19.5100,45.6500,30.5500,4.2800,132916.0000,Information Technology
MPHASIS,Sep 2023,SEP 2023,16.6000,22.5500,55.5700,5.2700,153792.0000,Information Technology
MPHASIS,Sep 2024,SEP 2024,18.2500,36.8700,40.3200,4.5400,149318.0000,Information Technology
MPHASIS,Sep 2025,SEP 2025,18.5200,37.0800,40.1000,4.3100,145611.0000,Information Technology
MRPL,Dec 2023,DEC 2023,2.5500,1.5700,88.5800,7.3000,369761.0000,Oil Gas & Consumable Fuels
MRPL,Dec 2024,DEC 2024,1.3600,1.6600,88.5800,8.3800,514730.0000,Oil Gas & Consumable Fuels
MRPL,Dec 2025,DEC 2025,2.0500,1.0500,88.5800,8.3200,474143.0000,Oil Gas & Consumable Fuels
MRPL,Jun 2024,JUN 2024,2.2600,1.5000,88.5800,7.6400,467875.0000,Oil Gas & Consumable Fuels
MRPL,Jun 2025,JUN 2025,1.3000,1.3800,88.5800,8.7500,521003.0000,Oil Gas & Consumable Fuels
MRPL,Jun 2026,JUN 2026,2.1700,0.3900,88.5800,8.8600,481301.0000,Oil Gas & Consumable Fuels
MRPL,Mar 2017,MAR 2017,1.8000,3.1200,88.5800,6.5000,426732.0000,Oil Gas & Consumable Fuels
MRPL,Mar 2018,MAR 2018,1.5400,3.0300,88.5800,6.2700,360999.0000,Oil Gas & Consumable Fuels
MRPL,Mar 2019,MAR 2019,1.7500,3.1300,88.5800,6.5400,332947.0000,Oil Gas & Consumable Fuels
MRPL,Mar 2020,MAR 2020,0.6900,4.2900,88.5800,6.4400,310887.0000,Oil Gas & Consumable Fuels
MRPL,Mar 2021,MAR 2021,0.7400,2.7300,88.5800,7.9500,333582.0000,Oil Gas & Consumable Fuels
MRPL,Mar 2022,MAR 2022,0.7700,2.0600,88.5800,8.5900,357011.0000,Oil Gas & Consumable Fuels
MRPL,Mar 2023,MAR 2023,1.0700,0.2800,88.5800,10.0600,402051.0000,Oil Gas & Consumable Fuels
MRPL,Mar 2024,MAR 2024,2.6800,1.5000,88.5800,7.2300,440569.0000,Oil Gas & Consumable Fuels
MRPL,Mar 2025,MAR 2025,1.3100,1.3200,88.5800,8.8000,535236.0000,Oil Gas & Consumable Fuels
MRPL,Mar 2026,MAR 2026,3.4100,0.3400,88.5800,7.6700,466296.0000,Oil Gas & Consumable Fuels
MRPL,Sep 2023,SEP 2023,1.5400,1.1000,88.5800,8.7600,385945.0000,Oil Gas & Consumable Fuels
MRPL,Sep 2024,SEP 2024,1.6900,1.4800,88.5800,8.2300,514267.0000,Oil Gas & Consumable Fuels
MRPL,Sep 2025,SEP 2025,1.2200,1.4500,88.5800,8.7600,511428.0000,Oil Gas & Consumable Fuels
NATIONALUM,Dec 2023,DEC 2023,11.5600,18.8000,51.2800,18.3800,692122.0000,Metals & Mining
NATIONALUM,Dec 2024,DEC 2024,14.1300,17.9900,51.2800,16.6000,912049.0000,Metals & Mining
NATIONALUM,Dec 2025,DEC 2025,19.6700,12.3500,51.2800,16.7000,907497.0000,Metals & Mining
NATIONALUM,Jun 2024,JUN 2024,10.4300,19.1200,51.2800,19.1600,912729.0000,Metals & Mining
NATIONALUM,Jun 2025,JUN 2025,15.0600,15.7600,51.2800,17.9000,956168.0000,Metals & Mining
NATIONALUM,Jun 2026,JUN 2026,21.9900,11.2200,51.2800,15.5200,948915.0000,Metals & Mining
NATIONALUM,Mar 2017,MAR 2017,4.0000,13.1600,74.5800,8.2700,78949.0000,Metals & Mining
NATIONALUM,Mar 2018,MAR 2018,6.4100,21.2100,60.2000,12.1700,129367.0000,Metals & Mining
NATIONALUM,Mar 2019,MAR 2019,11.9200,19.7300,52.0000,16.3500,189936.0000,Metals & Mining
NATIONALUM,Mar 2020,MAR 2020,11.3000,14.2000,51.5000,23.0000,241492.0000,Metals & Mining
NATIONALUM,Mar 2021,MAR 2021,8.3800,9.6400,51.2800,30.7000,305882.0000,Metals & Mining
NATIONALUM,Mar 2022,MAR 2022,18.0300,8.7600,51.2800,21.9300,561842.0000,Metals & Mining
NATIONALUM,Mar 2023,MAR 2023,15.9500,13.3000,51.2800,19.4800,662340.0000,Metals & Mining
NATIONALUM,Mar 2024,MAR 2024,8.9900,18.8200,51.2800,20.9300,876645.0000,Metals & Mining
NATIONALUM,Mar 2025,MAR 2025,15.8100,15.7000,51.2800,17.2100,927096.0000,Metals & Mining
NATIONALUM,Mar 2026,MAR 2026,22.2700,10.7500,51.2800,15.6900,969058.0000,Metals & Mining
NATIONALUM,Sep 2023,SEP 2023,13.6800,17.4700,51.2800,17.5700,636856.0000,Metals & Mining
NATIONALUM,Sep 2024,SEP 2024,12.0800,19.2900,51.2800,17.3400,868800.0000,Metals & Mining
NATIONALUM,Sep 2025,SEP 2025,16.2200,15.4500,51.2800,17.0500,924942.0000,Metals & Mining
NAVA,Dec 2023,DEC 2023,9.1800,0.0800,48.8500,41.9000,49596.0000,Power
NAVA,Dec 2024,DEC 2024,11.0800,0.1600,48.8900,39.8700,57544.0000,Power
NAVA,Dec 2025,DEC 2025,10.3600,0.3800,50.1000,39.1600,59185.0000,Power
NAVA,Jun 2024,JUN 2024,9.3200,0.2300,48.8500,41.6200,48308.0000,Power
NAVA,Jun 2025,JUN 2025,10.2600,0.4000,50.1300,39.2200,61599.0000,Power
NAVA,Jun 2026,JUN 2026,10.2200,0.5600,50.0300,39.1800,61856.0000,Power
NAVA,Mar 2017,MAR 2017,14.3900,7.3000,44.3900,32.3600,21572.0000,Power
NAVA,Mar 2018,MAR 2018,10.5300,11.9200,44.4300,31.5500,24034.0000,Power
NAVA,Mar 2019,MAR 2019,11.8200,9.1400,44.9600,32.5100,25847.0000,Power
NAVA,Mar 2020,MAR 2020,11.8700,9.5900,46.3000,30.6500,24662.0000,Power
NAVA,Mar 2021,MAR 2021,0.0000,2.5400,45.5300,51.9300,47300.0000,Power
NAVA,Mar 2022,MAR 2022,7.6000,0.2500,49.5100,42.6500,47051.0000,Power
NAVA,Mar 2023,MAR 2023,9.3800,0.3200,48.8100,41.5000,49233.0000,Power
NAVA,Mar 2024,MAR 2024,8.8600,0.1600,48.8500,42.1400,56675.0000,Power
NAVA,Mar 2025,MAR 2025,9.7400,0.1900,50.1300,39.9300,57327.0000,Power
NAVA,Mar 2026,MAR 2026,10.6100,0.5200,50.1100,38.7500,56461.0000,Power
NAVA,Sep 2023,SEP 2023,9.2400,0.2200,48.8500,41.7000,46674.0000,Power
NAVA,Sep 2024,SEP 2024,11.0200,0.1700,48.8500,39.9600,56246.0000,Power
NAVA,Sep 2025,SEP 2025,10.3800,0.4600,50.1300,39.0200,64712.0000,Power
NAVINFLUOR,Dec 2023,DEC 2023,15.9200,28.9200,28.8000,26.3400,172816.0000,Chemicals
NAVINFLUOR,Dec 2024,DEC 2024,18.5500,28.4600,28.4300,24.5500,159041.0000,Chemicals
NAVINFLUOR,Dec 2025,DEC 2025,23.7400,28.0900,27.1100,21.0600,137798.0000,Chemicals
NAVINFLUOR,Jun 2024,JUN 2024,18.0200,27.2900,28.8000,25.8900,171968.0000,Chemicals
NAVINFLUOR,Jun 2025,JUN 2025,21.5500,28.7000,28.0100,21.7200,138398.0000,Chemicals
NAVINFLUOR,Jun 2026,JUN 2026,23.7300,28.4600,27.0800,20.7300,138594.0000,Chemicals
NAVINFLUOR,Mar 2017,MAR 2017,11.3100,17.8800,38.6800,32.1300,93837.0000,Chemicals
NAVINFLUOR,Mar 2018,MAR 2018,17.6100,17.0000,31.0800,34.3100,83090.0000,Chemicals
NAVINFLUOR,Mar 2019,MAR 2019,16.1900,17.9000,31.0400,34.8800,79728.0000,Chemicals
NAVINFLUOR,Mar 2020,MAR 2020,19.0200,18.6300,30.5100,31.8400,82082.0000,Chemicals
NAVINFLUOR,Mar 2021,MAR 2021,25.1000,15.8200,30.2200,28.8600,126164.0000,Chemicals
NAVINFLUOR,Mar 2022,MAR 2022,23.5100,18.2700,29.7000,28.5100,173418.0000,Chemicals
NAVINFLUOR,Mar 2023,MAR 2023,19.5800,24.8400,28.8000,26.7800,150596.0000,Chemicals
NAVINFLUOR,Mar 2024,MAR 2024,15.5700,28.6000,28.8000,27.0000,182759.0000,Chemicals
NAVINFLUOR,Mar 2025,MAR 2025,20.1600,30.0400,28.4300,21.3700,139007.0000,Chemicals
NAVINFLUOR,Mar 2026,MAR 2026,23.7800,27.6100,27.1000,21.4900,143987.0000,Chemicals
NAVINFLUOR,Sep 2023,SEP 2023,19.2000,26.0100,28.8000,25.9800,147191.0000,Chemicals
NAVINFLUOR,Sep 2024,SEP 2024,18.2300,28.1800,28.4300,25.1500,165231.0000,Chemicals
NAVINFLUOR,Sep 2025,SEP 2025,22.1500,29.5700,27.1100,21.1600,137981.0000,Chemicals
NBCC,Dec 2023,DEC 2023,4.4600,10.4100,61.7500,23.3700,642053.0000,Construction
NBCC,Dec 2024,DEC 2024,4.1500,8.9400,61.7500,25.1500,1602807.0000,Construction
NBCC,Dec 2025,DEC 2025,5.2000,12.2500,61.7500,20.8100,1276534.0000,Construction
NBCC,Jun 2024,JUN 2024,4.4300,9.4700,61.7500,24.3500,1284151.0000,Construction
NBCC,Jun 2025,JUN 2025,4.9900,11.2300,61.7500,22.0200,1391782.0000,Construction
NBCC,Jun 2026,JUN 2026,4.7700,11.2800,61.7500,22.2000,1226689.0000,Construction
NBCC,Mar 2017,MAR 2017,4.0200,10.0000,75.0000,10.9800,123551.0000,Construction
NBCC,Mar 2018,MAR 2018,5.6200,9.3500,74.2900,10.7400,172448.0000,Construction
NBCC,Mar 2019,MAR 2019,4.6700,12.6300,68.1800,14.5200,275919.0000,Construction
NBCC,Mar 2020,MAR 2020,5.8000,13.0500,61.7500,19.3900,317827.0000,Construction
NBCC,Mar 2021,MAR 2021,2.9700,10.6400,61.7500,24.6400,470011.0000,Construction
NBCC,Mar 2022,MAR 2022,3.3100,11.0800,61.7500,23.8600,549670.0000,Construction
NBCC,Mar 2023,MAR 2023,3.4300,10.6100,61.7500,24.2100,528298.0000,Construction
NBCC,Mar 2024,MAR 2024,4.3300,9.9400,61.7500,23.9800,1319446.0000,Construction
NBCC,Mar 2025,MAR 2025,4.2000,8.9300,61.7500,25.1300,1609626.0000,Construction
NBCC,Mar 2026,MAR 2026,4.9900,10.7500,61.7500,22.5000,1277277.0000,Construction
NBCC,Sep 2023,SEP 2023,4.1400,10.2100,61.7500,23.8900,556080.0000,Construction
NBCC,Sep 2024,SEP 2024,4.1100,9.1000,61.7500,25.0300,1524802.0000,Construction
NBCC,Sep 2025,SEP 2025,5.3400,10.9700,61.7500,21.9500,1354135.0000,Construction
NCC,Dec 2023,DEC 2023,23.8900,10.5200,22.0000,43.5900,367822.0000,Construction
NCC,Dec 2024,DEC 2024,18.1300,14.1700,22.0200,45.6800,517709.0000,Construction
NCC,Dec 2025,DEC 2025,11.4900,15.3000,22.2500,50.9600,569370.0000,Construction
NCC,Jun 2024,JUN 2024,23.6500,11.4000,22.0000,42.9600,471532.0000,Construction
NCC,Jun 2025,JUN 2025,12.7000,17.5000,22.1000,47.6900,557585.0000,Construction
NCC,Jun 2026,JUN 2026,11.2900,17.8800,23.0900,47.7500,543274.0000,Construction
NCC,Mar 2017,MAR 2017,23.2500,22.8400,19.7200,34.1900,96309.0000,Construction
NCC,Mar 2018,MAR 2018,17.6500,32.7600,18.1100,31.4800,102176.0000,Construction
NCC,Mar 2019,MAR 2019,19.8600,30.2100,18.1200,31.8000,122969.0000,Construction
NCC,Mar 2020,MAR 2020,14.6700,18.5000,19.5700,47.2600,193976.0000,Construction
NCC,Mar 2021,MAR 2021,13.1200,12.2000,19.6800,55.0000,267934.0000,Construction
NCC,Mar 2022,MAR 2022,8.8900,12.2500,19.6800,59.1800,338342.0000,Construction
NCC,Mar 2023,MAR 2023,19.9600,12.8600,22.0000,45.1600,287451.0000,Construction
NCC,Mar 2024,MAR 2024,27.3300,10.6300,22.0000,40.0300,405037.0000,Construction
NCC,Mar 2025,MAR 2025,13.7900,15.6000,22.1000,48.4900,578435.0000,Construction
NCC,Mar 2026,MAR 2026,12.1100,16.4000,22.8100,48.6800,557418.0000,Construction
NCC,Sep 2023,SEP 2023,24.1800,11.0300,22.0000,42.8100,329498.0000,Construction
NCC,Sep 2024,SEP 2024,20.8600,12.3400,22.0000,44.7800,502087.0000,Construction
NCC,Sep 2025,SEP 2025,12.8700,16.6500,22.1100,48.3700,560056.0000,Construction
NHPC,Dec 2023,DEC 2023,7.3800,13.4200,70.9500,6.7300,1032824.0000,Power
NHPC,Dec 2024,DEC 2024,8.7700,10.0400,67.4000,12.6500,4065442.0000,Power
NHPC,Dec 2025,DEC 2025,10.3900,10.3100,67.4000,10.7700,3471413.0000,Power
NHPC,Jun 2024,JUN 2024,8.9600,10.2700,67.4000,12.0800,3628673.0000,Power
NHPC,Jun 2025,JUN 2025,9.3100,10.6300,67.4000,11.5200,3773352.0000,Power
NHPC,Jun 2026,JUN 2026,12.2900,14.5400,61.3900,10.6400,3305630.0000,Power
NHPC,Mar 2017,MAR 2017,3.4500,11.1600,74.5000,10.8900,809485.0000,Power
NHPC,Mar 2018,MAR 2018,4.3000,10.9300,73.9600,10.8100,741541.0000,Power
NHPC,Mar 2019,MAR 2019,4.8900,11.6000,73.3300,10.1900,683938.0000,Power
NHPC,Mar 2020,MAR 2020,4.6800,14.1600,70.9500,10.2100,656438.0000,Power
NHPC,Mar 2021,MAR 2021,4.0400,14.8900,70.9500,10.1200,682840.0000,Power
NHPC,Mar 2022,MAR 2022,5.7000,15.2600,70.9500,8.0900,826357.0000,Power
NHPC,Mar 2023,MAR 2023,7.3700,14.2000,70.9500,5.7700,835504.0000,Power
NHPC,Mar 2024,MAR 2024,6.8000,11.3100,67.4000,13.2200,3335566.0000,Power
NHPC,Mar 2025,MAR 2025,8.8100,10.6200,67.4000,12.0500,3990215.0000,Power
NHPC,Mar 2026,MAR 2026,10.3400,10.7800,67.4000,10.3600,3367954.0000,Power
NHPC,Sep 2023,SEP 2023,7.5900,12.9300,70.9500,7.0000,957445.0000,Power
NHPC,Sep 2024,SEP 2024,9.3800,9.7600,67.4000,12.3100,3906734.0000,Power
NHPC,Sep 2025,SEP 2025,10.0500,10.5400,67.4000,10.8800,3607898.0000,Power
NLCINDIA,Dec 2015,DEC 2015,0.0700,4.7900,90.0000,1.5900,89713.0000,Power
NLCINDIA,Dec 2023,DEC 2023,1.2100,8.8500,79.2000,6.4400,190164.0000,Power
NLCINDIA,Dec 2024,DEC 2024,2.8600,14.4600,72.2000,6.1700,348165.0000,Power
NLCINDIA,Dec 2025,DEC 2025,3.2200,13.7100,72.2000,6.5600,306494.0000,Power
NLCINDIA,Jun 2024,JUN 2024,2.1800,13.8200,72.2000,7.4800,286701.0000,Power
NLCINDIA,Jun 2025,JUN 2025,2.9500,14.2500,72.2000,6.2900,337506.0000,Power
NLCINDIA,Jun 2026,JUN 2026,4.6200,12.9400,69.4700,8.6600,333052.0000,Power
NLCINDIA,Mar 2017,MAR 2017,0.0200,5.0400,89.3200,1.7100,84916.0000,Power
NLCINDIA,Mar 2018,MAR 2018,0.5000,8.7400,84.0400,2.8100,96351.0000,Power
NLCINDIA,Mar 2019,MAR 2019,0.3900,10.2300,81.9100,3.1700,94141.0000,Power
NLCINDIA,Mar 2020,MAR 2020,0.4600,12.1300,79.2000,3.9100,99969.0000,Power
NLCINDIA,Mar 2021,MAR 2021,0.4000,9.4100,79.2000,6.6800,132369.0000,Power
NLCINDIA,Mar 2022,MAR 2022,1.0500,5.7100,79.2000,9.7400,194111.0000,Power
NLCINDIA,Mar 2023,MAR 2023,0.6700,6.8900,79.2000,8.9400,182450.0000,Power
NLCINDIA,Mar 2024,MAR 2024,2.3900,13.3800,72.2000,7.7300,258498.0000,Power
NLCINDIA,Mar 2025,MAR 2025,2.9100,14.6300,72.2000,5.9600,340021.0000,Power
NLCINDIA,Mar 2026,MAR 2026,3.6100,13.9700,72.2000,5.9100,303919.0000,Power
NLCINDIA,Sep 2023,SEP 2023,0.9500,9.1800,79.2000,6.3700,169600.0000,Power
NLCINDIA,Sep 2024,SEP 2024,2.5300,14.2900,72.2000,6.6500,343411.0000,Power
NLCINDIA,Sep 2025,SEP 2025,3.2500,13.8600,72.2000,6.4000,318100.0000,Power
NMDC,Dec 2023,DEC 2023,9.9100,17.3300,60.7900,11.9600,749330.0000,Metals & Mining
NMDC,Dec 2024,DEC 2024,12.1200,14.4600,60.7900,12.6200,1049959.0000,Metals & Mining
NMDC,Dec 2025,DEC 2025,13.4800,14.0600,60.7900,11.6600,1115697.0000,Metals & Mining
NMDC,Jun 2024,JUN 2024,12.7600,14.3100,60.7900,12.1200,893897.0000,Metals & Mining
NMDC,Jun 2025,JUN 2025,12.2100,14.4800,60.7900,12.5100,1142938.0000,Metals & Mining
NMDC,Jun 2026,JUN 2026,13.5900,13.8000,60.7900,11.8000,1129202.0000,Metals & Mining
NMDC,Mar 2017,MAR 2017,4.8600,16.7300,74.9400,3.4700,216538.0000,Metals & Mining
NMDC,Mar 2018,MAR 2018,4.1600,18.7900,72.4300,4.6200,244053.0000,Metals & Mining
NMDC,Mar 2019,MAR 2019,3.9400,18.8400,72.2800,4.8500,245395.0000,Metals & Mining
NMDC,Mar 2020,MAR 2020,6.0300,19.9600,69.6500,4.2700,241177.0000,Metals & Mining
NMDC,Mar 2021,MAR 2021,4.6300,20.6700,68.2900,6.3100,315659.0000,Metals & Mining
NMDC,Mar 2022,MAR 2022,6.8800,21.8100,60.7900,10.5100,612387.0000,Metals & Mining
NMDC,Mar 2023,MAR 2023,7.3300,19.3900,60.7900,12.4700,713832.0000,Metals & Mining
NMDC,Mar 2024,MAR 2024,12.6000,14.0900,60.7900,12.5100,857003.0000,Metals & Mining
NMDC,Mar 2025,MAR 2025,11.7200,15.1200,60.7900,12.3500,1120681.0000,Metals & Mining
NMDC,Mar 2026,MAR 2026,13.6000,13.7600,60.7900,11.8400,1130914.0000,Metals & Mining
NMDC,Sep 2023,SEP 2023,8.3200,17.7300,60.7900,13.1600,739395.0000,Metals & Mining
NMDC,Sep 2024,SEP 2024,12.6000,14.0800,60.7900,12.5200,968552.0000,Metals & Mining
NMDC,Sep 2025,SEP 2025,13.0400,14.3800,60.7900,11.7600,1120444.0000,Metals & Mining
NSLNISP,Dec 2023,DEC 2023,4.3300,19.1000,60.7900,15.7600,623535.0000,Metals & Mining
NSLNISP,Dec 2024,DEC 2024,4.5800,16.0200,60.7900,18.6000,797191.0000,Metals & Mining
NSLNISP,Dec 2025,DEC 2025,4.8100,15.6700,60.7900,18.7200,740214.0000,Metals & Mining
NSLNISP,Jun 2024,JUN 2024,4.5200,16.2100,60.7900,18.4700,806965.0000,Metals & Mining
NSLNISP,Jun 2025,JUN 2025,4.6700,15.9000,60.7900,18.6300,781628.0000,Metals & Mining
NSLNISP,Jun 2026,JUN 2026,5.4800,15.7800,60.7900,17.9300,711902.0000,Metals & Mining
NSLNISP,Mar 2023,MAR 2023,4.2600,19.9900,60.7900,14.9500,672431.0000,Metals & Mining
NSLNISP,Mar 2024,MAR 2024,4.6400,16.9500,60.7900,17.6000,734975.0000,Metals & Mining
NSLNISP,Mar 2025,MAR 2025,4.6000,16.0300,60.7900,18.5800,800150.0000,Metals & Mining
NSLNISP,Mar 2026,MAR 2026,4.8500,15.8500,60.7900,18.5000,721360.0000,Metals & Mining
NSLNISP,Sep 2023,SEP 2023,3.9400,20.1700,60.7900,15.0800,619682.0000,Metals & Mining
NSLNISP,Sep 2024,SEP 2024,4.5600,16.0600,60.7900,18.5900,786835.0000,Metals & Mining
NSLNISP,Sep 2025,SEP 2025,5.1300,15.3400,60.7900,18.7500,761194.0000,Metals & Mining
NTPC,Dec 2023,DEC 2023,17.0500,28.7000,51.1000,3.0400,1158992.0000,Power
NTPC,Dec 2024,DEC 2024,18.2000,26.7600,51.1000,3.8300,4365786.0000,Power
NTPC,Dec 2025,DEC 2025,16.2400,29.1900,51.1000,3.3400,3543434.0000,Power
NTPC,Jun 2024,JUN 2024,17.6800,27.5500,51.1000,3.5500,1767138.0000,Power
NTPC,Jun 2025,JUN 2025,16.0900,28.9200,51.1000,3.7700,3965860.0000,Power
NTPC,Jun 2026,JUN 2026,16.3000,29.4400,51.1000,3.1400,3201112.0000,Power
NTPC,Mar 2017,MAR 2017,10.4300,17.0200,69.7400,2.8100,631312.0000,Power
NTPC,Mar 2018,MAR 2018,11.5200,22.8200,62.2700,3.3700,566377.0000,Power
NTPC,Mar 2019,MAR 2019,11.4800,28.7300,56.0900,3.3800,561689.0000,Power
NTPC,Mar 2020,MAR 2020,12.6400,33.4600,51.0200,2.7800,605244.0000,Power
NTPC,Mar 2021,MAR 2021,11.9400,33.9300,51.1000,2.8900,779609.0000,Power
NTPC,Mar 2022,MAR 2022,14.7400,30.7600,51.1000,3.2300,972465.0000,Power
NTPC,Mar 2023,MAR 2023,15.6100,30.5100,51.1000,2.6900,983606.0000,Power
NTPC,Mar 2024,MAR 2024,17.8600,27.5500,51.1000,3.3700,1393480.0000,Power
NTPC,Mar 2025,MAR 2025,17.7900,27.2200,51.1000,3.7700,4143175.0000,Power
NTPC,Mar 2026,MAR 2026,16.5400,29.1300,51.1000,3.1000,3300179.0000,Power
NTPC,Sep 2023,SEP 2023,16.6900,29.0200,51.1000,3.0800,1066543.0000,Power
NTPC,Sep 2024,SEP 2024,18.6000,26.5100,51.1000,3.6800,3574828.0000,Power
NTPC,Sep 2025,SEP 2025,16.4000,28.9300,51.1000,3.4500,3729617.0000,Power
NTPCGREEN,Dec 2024,DEC 2024,2.1800,5.2800,89.0100,3.5200,1276901.0000,Power
NTPCGREEN,Dec 2025,DEC 2025,1.6100,4.8000,89.0100,4.5800,1332650.0000,Power
NTPCGREEN,Jun 2025,JUN 2025,1.8500,4.6600,89.0100,4.4800,1386018.0000,Power
NTPCGREEN,Jun 2026,JUN 2026,1.6700,5.2100,89.0100,4.1200,1230466.0000,Power
NTPCGREEN,Mar 2025,MAR 2025,1.9800,4.8700,89.0100,4.1400,1407563.0000,Power
NTPCGREEN,Mar 2026,MAR 2026,1.6100,5.0700,89.0100,4.3000,1301463.0000,Power
NTPCGREEN,Sep 2025,SEP 2025,1.7900,4.6300,89.0100,4.5700,1358211.0000,Power
NUVOCO,Dec 2023,DEC 2023,3.0500,19.9700,71.7800,5.1900,230864.0000,Construction Materials
NUVOCO,Dec 2024,DEC 2024,3.3700,19.2600,72.0200,5.3400,203217.0000,Construction Materials
NUVOCO,Dec 2025,DEC 2025,5.0000,18.0900,72.0200,4.9000,182123.0000,Construction Materials
NUVOCO,Jun 2024,JUN 2024,3.5000,18.4600,72.0200,6.0300,219934.0000,Construction Materials
NUVOCO,Jun 2025,JUN 2025,3.8200,19.1000,72.0200,5.0600,192406.0000,Construction Materials
NUVOCO,Jun 2026,JUN 2026,4.7100,18.0000,72.0200,5.2700,179030.0000,Construction Materials
NUVOCO,Mar 2022,MAR 2022,5.4200,18.0500,71.4200,5.1100,286954.0000,Construction Materials
NUVOCO,Mar 2023,MAR 2023,3.1400,20.4400,71.7800,4.6300,253546.0000,Construction Materials
NUVOCO,Mar 2024,MAR 2024,3.4300,18.5900,72.0200,5.9500,226804.0000,Construction Materials
NUVOCO,Mar 2025,MAR 2025,3.5500,19.3700,72.0200,5.0600,197095.0000,Construction Materials
NUVOCO,Mar 2026,MAR 2026,4.8800,18.3500,72.0200,4.7500,178159.0000,Construction Materials
NUVOCO,Sep 2023,SEP 2023,3.1500,19.9600,71.7800,5.1200,239732.0000,Construction Materials
NUVOCO,Sep 2024,SEP 2024,3.2400,18.8600,72.0200,5.8800,213595.0000,Construction Materials
NUVOCO,Sep 2025,SEP 2025,5.1900,18.0900,72.0200,4.6900,182725.0000,Construction Materials
NYKAA,Dec 2023,DEC 2023,10.6500,15.2500,52.2400,21.8700,508936.0000,Consumer Services
NYKAA,Dec 2024,DEC 2024,9.0500,23.5600,52.1600,15.2300,484256.0000,Consumer Services
NYKAA,Dec 2025,DEC 2025,12.1500,25.3600,52.1000,10.4100,416760.0000,Consumer Services
NYKAA,Jun 2024,JUN 2024,10.4800,18.2900,52.2000,19.0200,479394.0000,Consumer Services
NYKAA,Jun 2025,JUN 2025,11.6300,23.6400,52.1400,12.5800,436359.0000,Consumer Services
NYKAA,Jun 2026,JUN 2026,13.7300,24.0800,52.0700,10.1200,383806.0000,Consumer Services
NYKAA,Mar 2022,MAR 2022,5.9800,3.1200,52.4300,38.4700,324164.0000,Consumer Services
NYKAA,Mar 2023,MAR 2023,12.2600,7.8600,52.2800,27.6200,577953.0000,Consumer Services
NYKAA,Mar 2024,MAR 2024,10.3200,17.1600,52.2200,20.3100,520788.0000,Consumer Services
NYKAA,Mar 2025,MAR 2025,8.8300,25.2000,52.1600,13.8100,472462.0000,Consumer Services
NYKAA,Mar 2026,MAR 2026,12.4000,25.3500,52.0900,10.1500,395677.0000,Consumer Services
NYKAA,Sep 2023,SEP 2023,9.8400,14.3100,52.2600,23.6000,565191.0000,Consumer Services
NYKAA,Sep 2024,SEP 2024,10.1300,21.8300,52.1800,15.8600,473213.0000,Consumer Services
NYKAA,Sep 2025,SEP 2025,12.5400,24.9900,52.1200,10.3600,415723.0000,Consumer Services
OBEROIRLTY,Dec 2023,DEC 2023,17.4100,12.0500,67.7100,2.8400,69402.0000,Realty
OBEROIRLTY,Dec 2024,DEC 2024,20.2400,10.0500,67.7100,2.0000,93845.0000,Realty
OBEROIRLTY,Dec 2025,DEC 2025,16.5800,13.4600,67.7100,2.2500,91835.0000,Realty
OBEROIRLTY,Jun 2024,JUN 2024,18.0500,12.3000,67.7100,1.9400,77584.0000,Realty
OBEROIRLTY,Jun 2025,JUN 2025,19.3600,10.8000,67.7100,2.1400,104866.0000,Realty
OBEROIRLTY,Jun 2026,JUN 2026,15.1100,14.8300,67.7100,2.3600,94765.0000,Realty
OBEROIRLTY,Mar 2017,MAR 2017,25.3500,0.5800,72.5000,1.5700,14686.0000,Realty
OBEROIRLTY,Mar 2018,MAR 2018,21.9800,3.0600,72.4900,2.4700,24075.0000,Realty
OBEROIRLTY,Mar 2019,MAR 2019,25.3800,4.3900,67.7000,2.5300,27016.0000,Realty
OBEROIRLTY,Mar 2020,MAR 2020,24.9100,5.5200,67.7000,1.8600,23485.0000,Realty
OBEROIRLTY,Mar 2021,MAR 2021,24.8500,4.8700,67.7000,2.5700,32573.0000,Realty
OBEROIRLTY,Mar 2022,MAR 2022,20.2600,9.0900,67.7000,2.9400,70940.0000,Realty
OBEROIRLTY,Mar 2023,MAR 2023,17.7700,12.1100,67.7100,2.4200,64340.0000,Realty
OBEROIRLTY,Mar 2024,MAR 2024,16.9600,12.8300,67.7100,2.4900,73159.0000,Realty
OBEROIRLTY,Mar 2025,MAR 2025,19.9600,10.1900,67.7100,2.1200,107035.0000,Realty
OBEROIRLTY,Mar 2026,MAR 2026,15.4200,14.5800,67.7100,2.2800,93923.0000,Realty
OBEROIRLTY,Sep 2023,SEP 2023,17.8300,11.6100,67.7100,2.8400,65054.0000,Realty
OBEROIRLTY,Sep 2024,SEP 2024,18.4000,11.9500,67.7100,1.9400,83589.0000,Realty
OBEROIRLTY,Sep 2025,SEP 2025,16.0600,13.8500,67.7100,2.3900,97531.0000,Realty
OIL,Dec 2023,DEC 2023,10.9900,15.9800,56.6600,6.5100,282349.0000,Oil Gas & Consumable Fuels
OIL,Dec 2024,DEC 2024,9.4200,17.2600,56.6600,6.8100,500485.0000,Oil Gas & Consumable Fuels
OIL,Dec 2025,DEC 2025,7.5400,19.4400,56.6600,6.5000,481725.0000,Oil Gas & Consumable Fuels
OIL,Jun 2024,JUN 2024,9.3400,17.9100,56.6600,6.2300,362818.0000,Oil Gas & Consumable Fuels
OIL,Jun 2025,JUN 2025,8.1600,18.4100,56.6600,6.9100,512886.0000,Oil Gas & Consumable Fuels
OIL,Jun 2026,JUN 2026,7.2800,20.1300,56.6600,6.0600,457085.0000,Oil Gas & Consumable Fuels
OIL,Mar 2017,MAR 2017,4.4400,13.3400,66.6000,15.6200,129528.0000,Oil Gas & Consumable Fuels
OIL,Mar 2018,MAR 2018,3.8200,13.5900,66.1300,16.4600,123595.0000,Oil Gas & Consumable Fuels
OIL,Mar 2019,MAR 2019,4.8300,17.4000,61.6100,16.1500,140037.0000,Oil Gas & Consumable Fuels
OIL,Mar 2020,MAR 2020,6.5800,19.2400,56.6600,17.5300,160977.0000,Oil Gas & Consumable Fuels
OIL,Mar 2021,MAR 2021,7.6200,18.9900,56.6600,16.7300,187293.0000,Oil Gas & Consumable Fuels
OIL,Mar 2022,MAR 2022,11.2300,16.8400,56.6600,15.2700,219767.0000,Oil Gas & Consumable Fuels
OIL,Mar 2023,MAR 2023,11.4100,16.2600,56.6600,5.8100,227926.0000,Oil Gas & Consumable Fuels
OIL,Mar 2024,MAR 2024,9.5200,17.6600,56.6600,6.3000,337708.0000,Oil Gas & Consumable Fuels
OIL,Mar 2025,MAR 2025,8.5100,18.3100,56.6600,6.6700,513505.0000,Oil Gas & Consumable Fuels
OIL,Mar 2026,MAR 2026,7.6700,19.4300,56.6600,6.3600,464370.0000,Oil Gas & Consumable Fuels
OIL,Sep 2023,SEP 2023,11.2600,15.8900,56.6600,6.3200,237239.0000,Oil Gas & Consumable Fuels
OIL,Sep 2024,SEP 2024,10.5800,16.4300,56.6600,6.4600,474738.0000,Oil Gas & Consumable Fuels
OIL,Sep 2025,SEP 2025,7.5600,19.2100,56.6600,6.6900,503843.0000,Oil Gas & Consumable Fuels
ONGC,Dec 2023,DEC 2023,9.2000,18.7300,58.8900,2.8900,1588564.0000,Oil Gas & Consumable Fuels
ONGC,Dec 2024,DEC 2024,7.5300,19.4000,58.8900,3.8800,3050312.0000,Oil Gas & Consumable Fuels
ONGC,Dec 2025,DEC 2025,7.4300,19.6900,58.8900,3.6900,2856489.0000,Oil Gas & Consumable Fuels
ONGC,Jun 2024,JUN 2024,8.5700,18.7500,58.8900,3.5000,2141479.0000,Oil Gas & Consumable Fuels
ONGC,Jun 2025,JUN 2025,7.0800,19.8500,58.8900,3.8800,3021301.0000,Oil Gas & Consumable Fuels
ONGC,Jun 2026,JUN 2026,8.0100,19.3100,58.8900,3.5000,2736414.0000,Oil Gas & Consumable Fuels
ONGC,Mar 2017,MAR 2017,6.2900,11.9600,68.0700,13.6800,629625.0000,Oil Gas & Consumable Fuels
ONGC,Mar 2018,MAR 2018,5.4700,13.2500,67.7200,13.5700,629224.0000,Oil Gas & Consumable Fuels
ONGC,Mar 2019,MAR 2019,6.4700,15.7300,64.2500,13.5500,629594.0000,Oil Gas & Consumable Fuels
ONGC,Mar 2020,MAR 2020,7.6200,17.8700,60.4100,14.1000,867077.0000,Oil Gas & Consumable Fuels
ONGC,Mar 2021,MAR 2021,8.0800,17.4800,60.4100,14.0300,1161502.0000,Oil Gas & Consumable Fuels
ONGC,Mar 2022,MAR 2022,9.9100,16.3600,58.9100,14.8200,1362794.0000,Oil Gas & Consumable Fuels
ONGC,Mar 2023,MAR 2023,7.9700,19.8700,58.8900,2.9400,1548726.0000,Oil Gas & Consumable Fuels
ONGC,Mar 2024,MAR 2024,8.8800,18.8800,58.8900,3.0500,1790074.0000,Oil Gas & Consumable Fuels
ONGC,Mar 2025,MAR 2025,7.1100,19.9300,58.8900,3.7600,3030759.0000,Oil Gas & Consumable Fuels
ONGC,Mar 2026,MAR 2026,7.9700,19.3000,58.8900,3.5400,2777888.0000,Oil Gas & Consumable Fuels
ONGC,Sep 2023,SEP 2023,8.3800,19.5800,58.8900,2.8300,1513383.0000,Oil Gas & Consumable Fuels
ONGC,Sep 2024,SEP 2024,8.1200,19.0400,58.8900,3.6500,2788153.0000,Oil Gas & Consumable Fuels
ONGC,Sep 2025,SEP 2025,6.9800,19.9600,58.8900,3.8700,2959513.0000,Oil Gas & Consumable Fuels
PAGEIND,Dec 2023,DEC 2023,21.7800,23.9200,45.1100,8.4900,92192.0000,Textiles
PAGEIND,Dec 2024,DEC 2024,22.6700,28.6900,42.8900,5.0200,52181.0000,Textiles
PAGEIND,Dec 2025,DEC 2025,20.7100,30.7800,42.8900,4.9000,54428.0000,Textiles
PAGEIND,Jun 2024,JUN 2024,20.5500,27.3500,45.0400,6.3000,69796.0000,Textiles
PAGEIND,Jun 2025,JUN 2025,24.0300,27.7500,42.8900,4.5900,48076.0000,Textiles
PAGEIND,Jun 2026,JUN 2026,18.9100,32.9300,42.8900,4.5600,52623.0000,Textiles
PAGEIND,Mar 2017,MAR 2017,36.8700,4.6200,49.0100,9.5000,36887.0000,Textiles
PAGEIND,Mar 2018,MAR 2018,36.0700,5.4000,49.0100,9.5200,39661.0000,Textiles
PAGEIND,Mar 2019,MAR 2019,36.4200,3.1700,48.3200,12.0900,62251.0000,Textiles
PAGEIND,Mar 2020,MAR 2020,29.1800,10.0200,48.3200,12.2100,70385.0000,Textiles
PAGEIND,Mar 2021,MAR 2021,25.8900,15.4400,48.3200,9.6100,66805.0000,Textiles
PAGEIND,Mar 2022,MAR 2022,25.2100,17.0600,47.1900,9.9200,75727.0000,Textiles
PAGEIND,Mar 2023,MAR 2023,22.3800,21.2600,46.1200,9.6100,90855.0000,Textiles
PAGEIND,Mar 2024,MAR 2024,20.8600,25.8500,45.1100,7.4300,84513.0000,Textiles
PAGEIND,Mar 2025,MAR 2025,23.5800,27.8700,42.8900,4.9200,50905.0000,Textiles
PAGEIND,Mar 2026,MAR 2026,19.0000,32.5000,42.8900,4.9000,57225.0000,Textiles
PAGEIND,Sep 2023,SEP 2023,21.9800,22.9200,45.1100,9.3500,98082.0000,Textiles
PAGEIND,Sep 2024,SEP 2024,20.8400,28.7600,44.2900,5.3500,57515.0000,Textiles
PAGEIND,Sep 2025,SEP 2025,23.2000,28.5200,42.8900,4.6700,47103.0000,Textiles
PGEL,Dec 2023,DEC 2023,10.7700,12.3600,53.5900,23.2700,17837.0000,Consumer Durables
PGEL,Dec 2024,DEC 2024,10.2900,16.2200,49.3700,24.1100,135421.0000,Consumer Durables
PGEL,Dec 2025,DEC 2025,10.5900,22.6600,43.4100,23.0600,226944.0000,Consumer Durables
PGEL,Jun 2024,JUN 2024,11.0700,9.8900,53.5600,25.2200,35492.0000,Consumer Durables
PGEL,Jun 2025,JUN 2025,13.0200,18.0900,43.7200,25.1100,218384.0000,Consumer Durables
PGEL,Jun 2026,JUN 2026,9.9500,23.8800,43.3700,22.7100,220368.0000,Consumer Durables
PGEL,Mar 2017,MAR 2017,0.0000,0.1500,65.0000,34.8500,2423.0000,Consumer Durables
PGEL,Mar 2018,MAR 2018,7.0700,0.1300,61.9500,30.8500,3176.0000,Consumer Durables
PGEL,Mar 2019,MAR 2019,6.7500,0.4600,66.5200,26.2700,5468.0000,Consumer Durables
PGEL,Mar 2020,MAR 2020,0.4600,0.0000,68.2000,31.3400,5862.0000,Consumer Durables
PGEL,Mar 2021,MAR 2021,1.0600,0.0000,69.8300,29.1100,7134.0000,Consumer Durables
PGEL,Mar 2022,MAR 2022,0.9900,0.0000,65.7100,33.3000,11273.0000,Consumer Durables
PGEL,Mar 2023,MAR 2023,1.9700,7.1700,61.3300,29.5300,12848.0000,Consumer Durables
PGEL,Mar 2024,MAR 2024,11.0200,10.9400,53.7000,24.3300,20678.0000,Consumer Durables
PGEL,Mar 2025,MAR 2025,10.4500,16.3700,49.3700,23.8000,158667.0000,Consumer Durables
PGEL,Mar 2026,MAR 2026,9.7500,24.4900,43.4100,22.3500,223484.0000,Consumer Durables
PGEL,Sep 2023,SEP 2023,8.9600,12.6300,53.5900,24.6200,18251.0000,Consumer Durables
PGEL,Sep 2024,SEP 2024,10.6900,9.8000,53.4200,25.9100,103595.0000,Consumer Durables
PGEL,Sep 2025,SEP 2025,11.4500,18.8300,43.6000,26.1000,255336.0000,Consumer Durables
PHOENIXLTD,Dec 2023,DEC 2023,30.8000,17.7000,47.2800,4.2200,68847.0000,Realty
PHOENIXLTD,Dec 2024,DEC 2024,35.6600,13.0300,47.2600,4.0600,89288.0000,Realty
PHOENIXLTD,Dec 2025,DEC 2025,33.8500,15.2600,47.2500,3.6400,75779.0000,Realty
PHOENIXLTD,Jun 2024,JUN 2024,35.4100,13.3300,47.2700,3.9800,74051.0000,Realty
PHOENIXLTD,Jun 2025,JUN 2025,36.2700,12.7200,47.2600,3.7400,85498.0000,Realty
PHOENIXLTD,Jun 2026,JUN 2026,31.7300,17.3800,47.2500,3.6400,73390.0000,Realty
PHOENIXLTD,Mar 2017,MAR 2017,30.3300,2.8300,62.8600,3.9900,6511.0000,Realty
PHOENIXLTD,Mar 2018,MAR 2018,29.1700,3.1300,62.8200,4.3600,8684.0000,Realty
PHOENIXLTD,Mar 2019,MAR 2019,26.3400,5.7000,62.7600,5.1900,15375.0000,Realty
PHOENIXLTD,Mar 2020,MAR 2020,25.7400,10.8800,59.1100,4.2600,14332.0000,Realty
PHOENIXLTD,Mar 2021,MAR 2021,34.3000,16.5400,45.5100,3.6500,22773.0000,Realty
PHOENIXLTD,Mar 2022,MAR 2022,30.6900,17.4600,47.3300,4.5200,39284.0000,Realty
PHOENIXLTD,Mar 2023,MAR 2023,30.3800,18.0500,47.3000,4.2600,60955.0000,Realty
PHOENIXLTD,Mar 2024,MAR 2024,32.8200,15.7900,47.2800,4.1200,76902.0000,Realty
PHOENIXLTD,Mar 2025,MAR 2025,36.1400,12.5900,47.2600,3.9900,88531.0000,Realty
PHOENIXLTD,Mar 2026,MAR 2026,32.9700,16.1400,47.2500,3.6400,73876.0000,Realty
PHOENIXLTD,Sep 2023,SEP 2023,30.0100,18.5100,47.2900,4.1800,69523.0000,Realty
PHOENIXLTD,Sep 2024,SEP 2024,35.5000,13.1700,47.2600,4.0700,87748.0000,Realty
PHOENIXLTD,Sep 2025,SEP 2025,33.4500,15.4700,47.2500,3.8400,86589.0000,Realty
POWERGRID,Dec 2023,DEC 2023,30.5100,14.7700,51.3400,3.3700,961585.0000,Power
POWERGRID,Dec 2024,DEC 2024,28.1100,16.9900,51.3400,3.5000,1351252.0000,Power
POWERGRID,Dec 2025,DEC 2025,24.7300,20.1900,51.3400,3.6700,1374801.0000,Power
POWERGRID,Jun 2024,JUN 2024,28.7300,16.3200,51.3400,3.6100,1317077.0000,Power
POWERGRID,Jun 2025,JUN 2025,26.5000,18.4900,51.3400,3.6100,1388417.0000,Power
POWERGRID,Jun 2026,JUN 2026,24.3300,20.6200,51.3400,3.6300,1351868.0000,Power
POWERGRID,Mar 2017,MAR 2017,26.7200,8.4800,57.9000,6.9100,671277.0000,Power
POWERGRID,Mar 2018,MAR 2018,21.3100,15.7700,56.9100,6.0100,598244.0000,Power
POWERGRID,Mar 2019,MAR 2019,25.5100,14.5800,55.3700,4.5500,562363.0000,Power
POWERGRID,Mar 2020,MAR 2020,27.0200,16.6500,51.3400,4.9900,556321.0000,Power
POWERGRID,Mar 2021,MAR 2021,28.3900,13.7700,51.3400,6.5000,591585.0000,Power
POWERGRID,Mar 2022,MAR 2022,29.3500,16.0200,51.3400,3.2900,804152.0000,Power
POWERGRID,Mar 2023,MAR 2023,32.3000,13.3900,51.3400,2.9900,802619.0000,Power
POWERGRID,Mar 2024,MAR 2024,29.8200,15.2600,51.3400,3.5800,1100850.0000,Power
POWERGRID,Mar 2025,MAR 2025,26.7900,18.3000,51.3400,3.5200,1383986.0000,Power
POWERGRID,Mar 2026,MAR 2026,25.0200,20.0500,51.3400,3.5100,1335909.0000,Power
POWERGRID,Sep 2023,SEP 2023,32.0100,13.2100,51.3400,3.4400,931366.0000,Power
POWERGRID,Sep 2024,SEP 2024,28.2600,16.8900,51.3400,3.5000,1329741.0000,Power
POWERGRID,Sep 2025,SEP 2025,25.6600,19.3300,51.3400,3.6000,1372725.0000,Power
PRESTIGE,Dec 2023,DEC 2023,18.0700,13.1700,65.4800,3.2800,113174.0000,Realty
PRESTIGE,Dec 2024,DEC 2024,19.3000,16.7400,60.9500,3.0200,165302.0000,Realty
PRESTIGE,Dec 2025,DEC 2025,15.7200,20.9600,60.9500,2.3700,171130.0000,Realty
PRESTIGE,Jun 2024,JUN 2024,16.8300,14.4300,65.4800,3.2700,157402.0000,Realty
PRESTIGE,Jun 2025,JUN 2025,16.6400,19.6300,60.9500,2.7800,163103.0000,Realty
PRESTIGE,Jun 2026,JUN 2026,13.2700,23.5100,60.9500,2.2800,184847.0000,Realty
PRESTIGE,Mar 2017,MAR 2017,24.4300,4.4100,70.0000,1.1600,11656.0000,Realty
PRESTIGE,Mar 2018,MAR 2018,27.3300,1.5100,70.0000,1.1600,13999.0000,Realty
PRESTIGE,Mar 2019,MAR 2019,24.8500,3.9000,70.0000,1.2500,16145.0000,Realty
PRESTIGE,Mar 2020,MAR 2020,29.4200,3.8600,65.4800,1.2400,19770.0000,Realty
PRESTIGE,Mar 2021,MAR 2021,28.9000,3.6000,65.4800,2.0100,29230.0000,Realty
PRESTIGE,Mar 2022,MAR 2022,24.2800,6.8200,65.4800,3.4200,60583.0000,Realty
PRESTIGE,Mar 2023,MAR 2023,21.1900,10.5000,65.4800,2.8300,66432.0000,Realty
PRESTIGE,Mar 2024,MAR 2024,16.0600,14.9600,65.4800,3.5100,147341.0000,Realty
PRESTIGE,Mar 2025,MAR 2025,17.0800,19.2300,60.9500,2.7400,168033.0000,Realty
PRESTIGE,Mar 2026,MAR 2026,14.2000,22.6000,60.9500,2.2600,194773.0000,Realty
PRESTIGE,Sep 2023,SEP 2023,19.5000,12.8200,65.4800,2.2000,74550.0000,Realty
PRESTIGE,Sep 2024,SEP 2024,19.1200,16.7500,60.9500,3.1900,167028.0000,Realty
PRESTIGE,Sep 2025,SEP 2025,15.7400,20.6800,60.9500,2.6300,164676.0000,Realty
RAILTEL,Dec 2023,DEC 2023,1.4500,3.3900,72.8400,22.3100,307246.0000,Telecommunication
RAILTEL,Dec 2024,DEC 2024,3.3400,0.3600,72.8400,23.4500,521892.0000,Telecommunication
RAILTEL,Dec 2025,DEC 2025,3.6800,0.8400,72.8400,22.6300,499192.0000,Telecommunication
RAILTEL,Jun 2024,JUN 2024,2.1500,2.8600,72.8400,22.1400,437008.0000,Telecommunication
RAILTEL,Jun 2025,JUN 2025,3.6700,0.7800,72.8400,22.7000,516521.0000,Telecommunication
RAILTEL,Jun 2026,JUN 2026,3.9800,0.9900,72.8400,22.1900,486005.0000,Telecommunication
RAILTEL,Mar 2021,MAR 2021,3.0200,5.2400,72.8400,18.9000,283164.0000,Telecommunication
RAILTEL,Mar 2022,MAR 2022,0.5400,3.8800,72.8400,22.7300,309317.0000,Telecommunication
RAILTEL,Mar 2023,MAR 2023,1.0500,4.1200,72.8400,21.9700,274320.0000,Telecommunication
RAILTEL,Mar 2024,MAR 2024,2.2000,2.6400,72.8400,22.3200,376802.0000,Telecommunication
RAILTEL,Mar 2025,MAR 2025,3.3300,0.4500,72.8400,23.3600,540217.0000,Telecommunication
RAILTEL,Mar 2026,MAR 2026,3.7200,0.9900,72.8400,22.4400,492275.0000,Telecommunication
RAILTEL,Sep 2023,SEP 2023,1.4600,3.5400,72.8400,22.1400,297202.0000,Telecommunication
RAILTEL,Sep 2024,SEP 2024,3.0500,0.6100,72.8400,23.5100,515406.0000,Telecommunication
RAILTEL,Sep 2025,SEP 2025,3.5400,0.7800,72.8400,22.8200,510401.0000,Telecommunication
RAMCOCEM,Dec 2023,DEC 2023,7.9400,32.9200,42.1100,13.6400,46993.0000,Construction Materials
RAMCOCEM,Dec 2024,DEC 2024,6.8800,30.8900,42.7500,16.1000,63101.0000,Construction Materials
RAMCOCEM,Dec 2025,DEC 2025,7.9800,28.1500,42.5500,17.9400,56029.0000,Construction Materials
RAMCOCEM,Jun 2024,JUN 2024,7.3800,31.1400,42.2900,15.8100,76165.0000,Construction Materials
RAMCOCEM,Jun 2025,JUN 2025,8.4300,27.8500,42.5500,17.7700,56972.0000,Construction Materials
RAMCOCEM,Jun 2026,JUN 2026,7.5200,29.5000,42.5500,17.0400,53616.0000,Construction Materials
RAMCOCEM,Mar 2017,MAR 2017,14.5200,18.8800,42.3000,20.9400,28834.0000,Construction Materials
RAMCOCEM,Mar 2018,MAR 2018,13.1200,20.3500,42.7500,20.3900,31970.0000,Construction Materials
RAMCOCEM,Mar 2019,MAR 2019,11.5400,23.0500,42.7500,19.2700,27698.0000,Construction Materials
RAMCOCEM,Mar 2020,MAR 2020,8.9100,24.4500,42.6600,20.5800,30436.0000,Construction Materials
RAMCOCEM,Mar 2021,MAR 2021,8.2600,23.2300,42.5400,22.5700,36415.0000,Construction Materials
RAMCOCEM,Mar 2022,MAR 2022,7.6300,32.6300,42.3300,14.0300,51391.0000,Construction Materials
RAMCOCEM,Mar 2023,MAR 2023,7.5500,32.4600,42.2900,14.3100,54638.0000,Construction Materials
RAMCOCEM,Mar 2024,MAR 2024,7.4300,32.2400,42.2900,14.6600,56327.0000,Construction Materials
RAMCOCEM,Mar 2025,MAR 2025,7.2900,30.1400,42.5500,16.6400,62360.0000,Construction Materials
RAMCOCEM,Mar 2026,MAR 2026,8.0400,28.9200,42.5500,17.1000,52680.0000,Construction Materials
RAMCOCEM,Sep 2023,SEP 2023,7.8500,33.3700,42.1100,13.2900,47105.0000,Construction Materials
RAMCOCEM,Sep 2024,SEP 2024,6.6100,30.8700,42.2900,16.8500,76447.0000,Construction Materials
RAMCOCEM,Sep 2025,SEP 2025,8.1500,28.4800,42.5500,17.4200,57838.0000,Construction Materials
REDINGTON,Dec 2023,DEC 2023,56.9900,17.9200,,25.0500,238806.0000,Services
REDINGTON,Dec 2024,DEC 2024,58.5300,18.6400,,22.8200,218928.0000,Services
REDINGTON,Dec 2025,DEC 2025,61.9400,17.2800,,20.7300,242936.0000,Services
REDINGTON,Jun 2024,JUN 2024,57.8700,18.1400,,23.9900,218658.0000,Services
REDINGTON,Jun 2025,JUN 2025,62.5800,16.6500,,20.7100,219740.0000,Services
REDINGTON,Jun 2026,JUN 2026,61.9600,16.3700,0.0000,21.6100,241094.0000,Services
REDINGTON,Mar 2017,MAR 2017,29.7700,22.2800,8.2000,39.7500,23751.0000,Services
REDINGTON,Mar 2018,MAR 2018,38.1300,19.9800,0.0000,41.8900,20375.0000,Services
REDINGTON,Mar 2019,MAR 2019,34.4400,21.1800,0.0000,44.3800,26206.0000,Services
REDINGTON,Mar 2020,MAR 2020,42.1000,16.7400,0.0000,41.1600,25580.0000,Services
REDINGTON,Mar 2021,MAR 2021,42.0000,15.7900,0.0000,42.2100,38119.0000,Services
REDINGTON,Mar 2022,MAR 2022,39.4000,16.1400,0.0000,44.4600,242615.0000,Services
REDINGTON,Mar 2023,MAR 2023,60.5000,16.6800,0.0000,22.8200,252336.0000,Services
REDINGTON,Mar 2024,MAR 2024,58.0900,18.5700,0.0000,23.2900,227423.0000,Services
REDINGTON,Mar 2025,MAR 2025,60.5700,17.8700,0.0000,21.5000,223938.0000,Services
REDINGTON,Mar 2026,MAR 2026,61.4900,17.1200,0.0000,21.3300,253694.0000,Services
REDINGTON,Sep 2023,SEP 2023,56.2600,17.3800,,26.3400,259172.0000,Services
REDINGTON,Sep 2024,SEP 2024,58.0700,18.0800,,23.8400,221761.0000,Services
REDINGTON,Sep 2025,SEP 2025,61.8100,16.9700,,21.1700,250955.0000,Services
RITES,Dec 2023,DEC 2023,3.2200,12.2700,72.2000,12.3100,162986.0000,Construction
RITES,Dec 2024,DEC 2024,3.3400,8.8300,72.2000,15.6300,391469.0000,Construction
RITES,Dec 2025,DEC 2025,3.4600,8.6300,72.2000,15.7000,392562.0000,Construction
RITES,Jun 2024,JUN 2024,3.5000,10.7800,72.2000,13.5000,265984.0000,Construction
RITES,Jun 2025,JUN 2025,3.4700,8.6400,72.2000,15.6900,402334.0000,Construction
RITES,Jun 2026,JUN 2026,3.4300,8.7400,72.2000,15.6300,379928.0000,Construction
RITES,Mar 2019,MAR 2019,1.2800,4.1600,87.4000,7.1600,55645.0000,Construction
RITES,Mar 2020,MAR 2020,2.9100,16.3900,72.0200,8.6800,77326.0000,Construction
RITES,Mar 2021,MAR 2021,1.0000,15.8000,72.2000,10.9900,111747.0000,Construction
RITES,Mar 2022,MAR 2022,1.4500,16.8900,72.2000,9.4600,102238.0000,Construction
RITES,Mar 2023,MAR 2023,3.3700,15.8900,72.2000,8.5300,111701.0000,Construction
RITES,Mar 2024,MAR 2024,4.1700,11.0900,72.2000,12.5300,235296.0000,Construction
RITES,Mar 2025,MAR 2025,3.3300,8.6600,72.2000,15.7900,411725.0000,Construction
RITES,Mar 2026,MAR 2026,3.4700,8.7000,72.2000,15.6200,386213.0000,Construction
RITES,Sep 2023,SEP 2023,3.9800,12.7200,72.2000,11.1000,145094.0000,Construction
RITES,Sep 2024,SEP 2024,3.2000,9.6300,72.2000,14.9500,350236.0000,Construction
RITES,Sep 2025,SEP 2025,3.5100,8.6600,72.2000,15.6300,403176.0000,Construction
RPOWER,Dec 2023,DEC 2023,8.3700,5.1900,24.5000,61.9500,3567059.0000,Power
RPOWER,Dec 2024,DEC 2024,12.9500,2.8000,23.2700,60.9700,4189897.0000,Power
RPOWER,Dec 2025,DEC 2025,13.2500,3.0500,24.9800,58.6900,4367838.0000,Power
RPOWER,Jun 2024,JUN 2024,12.7100,3.0600,23.2400,60.9900,4090481.0000,Power
RPOWER,Jun 2025,JUN 2025,12.9300,3.6100,24.9800,58.4800,4393672.0000,Power
RPOWER,Jun 2026,JUN 2026,13.6400,2.7900,24.9800,58.5700,4318443.0000,Power
RPOWER,Mar 2017,MAR 2017,4.4900,6.3500,75.0000,13.8400,3489099.0000,Power
RPOWER,Mar 2018,MAR 2018,4.2400,6.6700,75.0000,14.0800,3197614.0000,Power
RPOWER,Mar 2019,MAR 2019,7.2500,6.6700,56.2900,29.7800,3104750.0000,Power
RPOWER,Mar 2020,MAR 2020,5.2200,7.0100,19.2900,68.4700,3096881.0000,Power
RPOWER,Mar 2021,MAR 2021,2.1500,4.2500,9.0600,84.5200,3130552.0000,Power
RPOWER,Mar 2022,MAR 2022,5.9500,3.5000,24.9800,65.5700,3574309.0000,Power
RPOWER,Mar 2023,MAR 2023,7.3500,3.1700,24.9900,64.4700,3219432.0000,Power
RPOWER,Mar 2024,MAR 2024,13.0100,4.9400,23.2400,58.8100,3868227.0000,Power
RPOWER,Mar 2025,MAR 2025,13.2100,3.2900,23.2700,60.2200,4177549.0000,Power
RPOWER,Mar 2026,MAR 2026,14.1200,3.1200,24.9800,57.7500,4341371.0000,Power
RPOWER,Sep 2023,SEP 2023,7.6600,5.1600,24.5000,62.6700,3106446.0000,Power
RPOWER,Sep 2024,SEP 2024,13.1200,2.8800,23.2700,60.7200,4044000.0000,Power
RPOWER,Sep 2025,SEP 2025,13.0900,3.7500,24.9800,58.1800,4351107.0000,Power
RVNL,Dec 2023,DEC 2023,2.5900,6.0800,72.8400,18.5000,1397699.0000,Construction
RVNL,Dec 2024,DEC 2024,5.1000,6.1600,72.8400,15.8900,2317903.0000,Construction
RVNL,Dec 2025,DEC 2025,4.9700,6.3700,72.8400,15.7900,2207488.0000,Construction
RVNL,Jun 2024,JUN 2024,3.1300,6.7700,72.8400,17.2500,2074709.0000,Construction
RVNL,Jun 2025,JUN 2025,4.8900,6.3800,72.8400,15.8900,2290745.0000,Construction
RVNL,Jun 2026,JUN 2026,2.4100,6.6000,72.8400,18.1500,2210914.0000,Construction
RVNL,Mar 2019,MAR 2019,0.0000,0.0000,100.0000,0.0000,7.0000,Construction
RVNL,Mar 2020,MAR 2020,0.5500,2.6100,87.8400,9.0000,177379.0000,Construction
RVNL,Mar 2021,MAR 2021,0.4200,9.4300,78.2100,11.9400,366354.0000,Construction
RVNL,Mar 2022,MAR 2022,0.8400,8.3300,78.2000,12.6300,563523.0000,Construction
RVNL,Mar 2023,MAR 2023,1.5300,6.5100,78.2000,13.7600,720323.0000,Construction
RVNL,Mar 2024,MAR 2024,2.3200,6.1800,72.8400,18.6600,1844551.0000,Construction
RVNL,Mar 2025,MAR 2025,5.0700,6.2100,72.8400,15.8700,2371568.0000,Construction
RVNL,Mar 2026,MAR 2026,4.8600,6.4200,72.8400,15.8700,2190491.0000,Construction
RVNL,Sep 2023,SEP 2023,2.3200,5.8300,72.8400,19.0100,1341098.0000,Construction
RVNL,Sep 2024,SEP 2024,5.0500,6.3300,72.8400,15.7800,2296188.0000,Construction
RVNL,Sep 2025,SEP 2025,4.6600,6.3900,72.8400,16.0800,2279946.0000,Construction
SCI,Dec 2023,DEC 2023,3.2700,7.9900,63.7500,24.9800,219463.0000,Services
SCI,Dec 2024,DEC 2024,4.7900,3.6300,63.7500,27.8300,452481.0000,Services
SCI,Dec 2025,DEC 2025,7.1300,2.4100,63.7500,26.7200,419705.0000,Services
SCI,Jun 2024,JUN 2024,4.5600,8.6900,63.7500,23.0100,324156.0000,Services
SCI,Jun 2025,JUN 2025,6.1400,2.5700,63.7500,27.5500,463965.0000,Services
SCI,Jun 2026,JUN 2026,8.9800,2.0900,63.7500,25.2000,385658.0000,Services
SCI,Mar 2017,MAR 2017,3.5600,18.8000,63.7500,13.8900,155617.0000,Services
SCI,Mar 2018,MAR 2018,2.3900,18.7300,63.7500,15.1400,148289.0000,Services
SCI,Mar 2019,MAR 2019,1.6000,17.0800,63.7500,17.5700,147229.0000,Services
SCI,Mar 2020,MAR 2020,1.7200,15.5900,63.7500,18.9400,154572.0000,Services
SCI,Mar 2021,MAR 2021,0.8500,11.4400,63.7500,23.9600,196647.0000,Services
SCI,Mar 2022,MAR 2022,2.3500,8.3500,63.7500,25.5500,190440.0000,Services
SCI,Mar 2023,MAR 2023,3.2300,7.0100,63.7500,26.0100,175143.0000,Services
SCI,Mar 2024,MAR 2024,4.6600,7.8700,63.7500,23.7400,304527.0000,Services
SCI,Mar 2025,MAR 2025,4.6800,3.1600,63.7500,28.4100,460808.0000,Services
SCI,Mar 2026,MAR 2026,8.9800,2.4900,63.7500,24.7900,396720.0000,Services
SCI,Sep 2023,SEP 2023,3.2300,6.9700,63.7500,26.0500,209199.0000,Services
SCI,Sep 2024,SEP 2024,5.6100,3.6400,63.7500,27.0000,441535.0000,Services
SCI,Sep 2025,SEP 2025,6.4900,2.5800,63.7500,27.1900,447555.0000,Services
SHREECEM,Dec 2023,DEC 2023,12.3100,12.3700,62.5600,12.6000,24852.0000,Construction Materials
SHREECEM,Dec 2024,DEC 2024,9.8800,14.7800,62.5600,12.5300,25531.0000,Construction Materials
SHREECEM,Dec 2025,DEC 2025,10.0700,14.5900,62.5600,12.5400,28755.0000,Construction Materials
SHREECEM,Jun 2024,JUN 2024,11.8500,12.7800,62.5600,12.5900,26744.0000,Construction Materials
SHREECEM,Jun 2025,JUN 2025,10.0700,14.6500,62.5600,12.4800,25592.0000,Construction Materials
SHREECEM,Jun 2026,JUN 2026,8.2100,16.4200,62.5600,12.5700,27345.0000,Construction Materials
SHREECEM,Mar 2017,MAR 2017,14.6000,14.6500,64.7900,5.9600,20910.0000,Construction Materials
SHREECEM,Mar 2018,MAR 2018,12.8200,16.6800,64.7900,5.7100,27872.0000,Construction Materials
SHREECEM,Mar 2019,MAR 2019,12.9700,6.2200,64.7900,16.0300,27800.0000,Construction Materials
SHREECEM,Mar 2020,MAR 2020,11.9000,11.2200,62.5500,14.3200,39836.0000,Construction Materials
SHREECEM,Mar 2021,MAR 2021,12.5100,10.8000,62.5500,14.1400,41632.0000,Construction Materials
SHREECEM,Mar 2022,MAR 2022,12.2000,11.1600,62.5500,14.0900,56833.0000,Construction Materials
SHREECEM,Mar 2023,MAR 2023,12.8200,11.5800,62.5600,12.9000,31219.0000,Construction Materials
SHREECEM,Mar 2024,MAR 2024,12.4700,12.1400,62.5600,12.6400,28268.0000,Construction Materials
SHREECEM,Mar 2025,MAR 2025,9.7000,15.0700,62.5600,12.4200,24779.0000,Construction Materials
SHREECEM,Mar 2026,MAR 2026,8.9400,15.7900,62.5600,12.4800,29592.0000,Construction Materials
SHREECEM,Sep 2023,SEP 2023,12.2200,12.3700,62.5600,12.6900,27738.0000,Construction Materials
SHREECEM,Sep 2024,SEP 2024,10.3900,14.2200,62.5600,12.6000,29903.0000,Construction Materials
SHREECEM,Sep 2025,SEP 2025,10.3400,14.4000,62.5600,12.4600,26178.0000,Construction Materials
SIGNATURE,Dec 2023,DEC 2023,5.6600,5.6300,69.6300,19.0700,13279.0000,Realty
SIGNATURE,Dec 2024,DEC 2024,12.0400,4.8200,69.6300,13.5000,19098.0000,Realty
SIGNATURE,Dec 2025,DEC 2025,10.1200,5.1700,69.6300,15.0900,21037.0000,Realty
SIGNATURE,Jun 2024,JUN 2024,8.3300,5.3100,69.6300,16.7200,14540.0000,Realty
SIGNATURE,Jun 2025,JUN 2025,10.6000,5.2500,69.6300,14.5400,21540.0000,Realty
SIGNATURE,Jun 2026,JUN 2026,9.4500,5.4600,69.5400,15.5500,22303.0000,Realty
SIGNATURE,Mar 2024,MAR 2024,6.0900,5.0800,69.6300,19.1900,13940.0000,Realty
SIGNATURE,Mar 2025,MAR 2025,10.3600,5.1600,69.6300,14.8600,21558.0000,Realty
SIGNATURE,Mar 2026,MAR 2026,9.5300,5.4100,69.6300,15.4400,21320.0000,Realty
SIGNATURE,Sep 2023,SEP 2023,5.4200,5.9000,69.6300,19.0400,22355.0000,Realty
SIGNATURE,Sep 2024,SEP 2024,12.2100,4.7000,69.6300,13.4600,17562.0000,Realty
SIGNATURE,Sep 2025,SEP 2025,10.5800,5.5200,69.6300,14.2800,22506.0000,Realty
SJVN,Dec 2023,DEC 2023,1.6800,5.9700,81.8500,10.5100,655627.0000,Power
SJVN,Dec 2024,DEC 2024,2.4200,4.1000,81.8500,11.6300,1545820.0000,Power
SJVN,Dec 2025,DEC 2025,2.6900,3.9900,81.8500,11.4700,1407048.0000,Power
SJVN,Jun 2024,JUN 2024,2.4000,3.9400,81.8500,11.8300,1233234.0000,Power
SJVN,Jun 2025,JUN 2025,2.5200,4.1000,81.8500,11.5400,1504915.0000,Power
SJVN,Jun 2026,JUN 2026,2.7900,3.7400,81.8500,11.6200,1371708.0000,Power
SJVN,Mar 2017,MAR 2017,3.3000,2.5600,89.9700,4.1700,84060.0000,Power
SJVN,Mar 2018,MAR 2018,3.0000,3.5600,90.7800,2.6600,89274.0000,Power
SJVN,Mar 2019,MAR 2019,3.0700,3.8200,88.7800,4.3300,96930.0000,Power
SJVN,Mar 2020,MAR 2020,3.1400,6.0100,86.7700,4.0900,97775.0000,Power
SJVN,Mar 2021,MAR 2021,2.3300,5.4100,86.7700,5.4900,143481.0000,Power
SJVN,Mar 2022,MAR 2022,2.6500,4.0000,86.7700,6.5900,309180.0000,Power
SJVN,Mar 2023,MAR 2023,1.7500,4.0600,86.7700,7.4100,316055.0000,Power
SJVN,Mar 2024,MAR 2024,2.3600,3.3600,81.8500,12.4200,1181241.0000,Power
SJVN,Mar 2025,MAR 2025,2.4900,4.2000,81.8500,11.4600,1557938.0000,Power
SJVN,Mar 2026,MAR 2026,2.7500,3.7400,81.8500,11.6500,1402728.0000,Power
SJVN,Sep 2023,SEP 2023,0.9100,5.7400,81.8500,11.5100,620023.0000,Power
SJVN,Sep 2024,SEP 2024,2.3900,4.2900,81.8500,11.4800,1501067.0000,Power
SJVN,Sep 2025,SEP 2025,2.5500,4.3200,81.8500,11.2700,1449111.0000,Power
SOBHA,Dec 2023,DEC 2023,11.1300,17.2300,52.2800,19.3600,87981.0000,Realty
SOBHA,Dec 2024,DEC 2024,10.0300,24.1600,52.7800,13.0400,117193.0000,Realty
SOBHA,Dec 2025,DEC 2025,6.2600,25.7800,52.8800,15.0900,126255.0000,Realty
SOBHA,Jun 2024,JUN 2024,11.4800,18.6000,52.2800,17.6500,104994.0000,Realty
SOBHA,Jun 2025,JUN 2025,8.0900,24.6200,52.8800,14.4000,125548.0000,Realty
SOBHA,Jun 2026,JUN 2026,6.1200,25.9900,52.8800,15.0000,122305.0000,Realty
SOBHA,Mar 2017,MAR 2017,27.9800,7.5700,60.2400,4.2100,51921.0000,Realty
SOBHA,Mar 2018,MAR 2018,28.5300,10.6500,55.9400,4.8800,52949.0000,Realty
SOBHA,Mar 2019,MAR 2019,24.6100,13.6700,55.9700,5.7500,53989.0000,Realty
SOBHA,Mar 2020,MAR 2020,23.3700,15.4900,51.7800,9.3500,60990.0000,Realty
SOBHA,Mar 2021,MAR 2021,18.0800,12.4700,51.9900,17.4700,66966.0000,Realty
SOBHA,Mar 2022,MAR 2022,16.1600,13.3900,51.9900,18.4700,87092.0000,Realty
SOBHA,Mar 2023,MAR 2023,13.7600,13.6200,52.2600,20.3500,92441.0000,Realty
SOBHA,Mar 2024,MAR 2024,11.8700,17.5500,52.2800,18.2800,100295.0000,Realty
SOBHA,Mar 2025,MAR 2025,8.9100,23.9800,52.8800,14.2300,126931.0000,Realty
SOBHA,Mar 2026,MAR 2026,6.2300,26.1000,52.8800,14.7800,124110.0000,Realty
SOBHA,Sep 2023,SEP 2023,11.2200,14.9500,52.2800,21.5400,102773.0000,Realty
SOBHA,Sep 2024,SEP 2024,10.9300,23.4400,52.7800,12.8700,111676.0000,Realty
SOBHA,Sep 2025,SEP 2025,6.4100,26.0400,52.8800,14.6800,125813.0000,Realty
TATACOMM,Dec 2023,DEC 2023,19.2000,12.1200,58.8600,9.8100,195698.0000,Telecommunication
TATACOMM,Dec 2024,DEC 2024,17.8000,13.6600,58.8600,9.6800,190345.0000,Telecommunication
TATACOMM,Dec 2025,DEC 2025,14.4600,18.4900,58.8600,8.1900,182123.0000,Telecommunication
TATACOMM,Jun 2024,JUN 2024,18.0900,13.1500,58.8600,9.9100,203417.0000,Telecommunication
TATACOMM,Jun 2025,JUN 2025,17.1700,14.8300,58.8600,9.1400,191499.0000,Telecommunication
TATACOMM,Jun 2026,JUN 2026,13.7500,19.8500,58.8600,7.5300,172357.0000,Telecommunication
TATACOMM,Mar 2017,MAR 2017,11.4300,7.8400,74.9900,5.5500,52161.0000,Telecommunication
TATACOMM,Mar 2018,MAR 2018,14.0900,4.9100,74.9900,5.8200,61271.0000,Telecommunication
TATACOMM,Mar 2019,MAR 2019,18.1500,2.1900,74.9900,4.4000,53687.0000,Telecommunication
TATACOMM,Mar 2020,MAR 2020,17.4800,1.5200,74.9900,5.7500,54528.0000,Telecommunication
TATACOMM,Mar 2021,MAR 2021,24.4000,7.5300,58.8600,9.2100,91661.0000,Telecommunication
TATACOMM,Mar 2022,MAR 2022,19.3800,11.4900,58.8600,10.2600,144979.0000,Telecommunication
TATACOMM,Mar 2023,MAR 2023,16.9900,14.0200,58.8600,10.1100,182940.0000,Telecommunication
TATACOMM,Mar 2024,MAR 2024,18.2400,13.1400,58.8600,9.7700,193157.0000,Telecommunication
TATACOMM,Mar 2025,MAR 2025,16.9900,14.5100,58.8600,9.6300,191741.0000,Telecommunication
TATACOMM,Mar 2026,MAR 2026,14.4400,19.1400,58.8600,7.5600,175946.0000,Telecommunication
TATACOMM,Sep 2023,SEP 2023,17.5300,13.5500,58.8600,10.0600,185976.0000,Telecommunication
TATACOMM,Sep 2024,SEP 2024,18.0600,13.4500,58.8600,9.6200,185024.0000,Telecommunication
TATACOMM,Sep 2025,SEP 2025,13.6100,19.0300,58.8600,8.5000,186948.0000,Telecommunication
TECHNOE,Dec 2023,DEC 2023,3.2100,23.9800,61.5200,11.2700,43313.0000,Construction
TECHNOE,Dec 2024,DEC 2024,9.9200,24.0300,56.9300,9.1200,98674.0000,Construction
TECHNOE,Dec 2025,DEC 2025,8.5300,23.0500,56.9300,11.4700,100584.0000,Construction
TECHNOE,Jun 2024,JUN 2024,4.3900,22.7800,61.5200,11.3300,79874.0000,Construction
TECHNOE,Jun 2025,JUN 2025,8.9800,24.0400,56.9300,10.0700,89544.0000,Construction
TECHNOE,Jun 2026,JUN 2026,8.0800,21.6100,56.9300,13.3900,117238.0000,Construction
TECHNOE,Mar 2019,MAR 2019,1.2200,23.5700,58.7500,16.4600,13962.0000,Construction
TECHNOE,Mar 2020,MAR 2020,1.1100,28.8500,60.1800,9.8600,6278.0000,Construction
TECHNOE,Mar 2021,MAR 2021,1.0400,30.9300,60.1800,7.8400,8544.0000,Construction
TECHNOE,Mar 2022,MAR 2022,1.2400,27.3300,60.1800,11.2500,23724.0000,Construction
TECHNOE,Mar 2023,MAR 2023,2.1000,25.0300,61.5200,11.3500,19779.0000,Construction
TECHNOE,Mar 2024,MAR 2024,3.8500,23.7600,61.5200,10.8600,53296.0000,Construction
TECHNOE,Mar 2025,MAR 2025,9.3300,24.5000,56.9300,9.2400,85474.0000,Construction
TECHNOE,Mar 2026,MAR 2026,8.6500,22.7200,56.9300,11.7000,111216.0000,Construction
TECHNOE,Sep 2023,SEP 2023,2.2900,24.5800,61.5200,11.6300,36508.0000,Construction
TECHNOE,Sep 2024,SEP 2024,9.8000,24.1200,56.9300,9.1500,96863.0000,Construction
TECHNOE,Sep 2025,SEP 2025,9.2200,22.6200,56.9300,11.2400,104212.0000,Construction
TEJASNET,Dec 2023,DEC 2023,11.2600,4.3500,55.8000,28.5800,167205.0000,Telecommunication
TEJASNET,Dec 2024,DEC 2024,8.0400,4.6500,54.0100,32.6500,261433.0000,Telecommunication
TEJASNET,Dec 2025,DEC 2025,5.9500,4.7600,53.4600,35.6400,347584.0000,Telecommunication
TEJASNET,Jun 2024,JUN 2024,10.2000,4.9100,55.5000,29.3900,179924.0000,Telecommunication
TEJASNET,Jun 2025,JUN 2025,6.1400,4.7200,53.7300,34.9400,345757.0000,Telecommunication
TEJASNET,Jun 2026,JUN 2026,5.8200,4.0400,53.3300,36.6800,344573.0000,Telecommunication
TEJASNET,Mar 2018,MAR 2018,16.9100,10.6000,0.0000,72.4900,21200.0000,Telecommunication
TEJASNET,Mar 2019,MAR 2019,25.0600,12.4100,0.0000,62.5300,24065.0000,Telecommunication
TEJASNET,Mar 2020,MAR 2020,22.5200,18.9700,0.0000,58.5100,25951.0000,Telecommunication
TEJASNET,Mar 2021,MAR 2021,21.2700,7.6000,0.0000,71.1300,49354.0000,Telecommunication
TEJASNET,Mar 2022,MAR 2022,14.0100,5.2100,37.1700,43.6000,103525.0000,Telecommunication
TEJASNET,Mar 2023,MAR 2023,10.4900,3.9800,56.3700,29.1600,145872.0000,Telecommunication
TEJASNET,Mar 2024,MAR 2024,11.3300,4.7600,55.6000,28.3100,172998.0000,Telecommunication
TEJASNET,Mar 2025,MAR 2025,7.0800,4.8500,53.8300,33.5900,302354.0000,Telecommunication
TEJASNET,Mar 2026,MAR 2026,5.2900,4.3200,53.4000,36.8600,380284.0000,Telecommunication
TEJASNET,Sep 2023,SEP 2023,11.1100,4.0300,55.9200,28.9300,163545.0000,Telecommunication
TEJASNET,Sep 2024,SEP 2024,9.5800,4.7600,55.4200,30.2400,208988.0000,Telecommunication
TEJASNET,Sep 2025,SEP 2025,6.2400,4.7900,53.6600,34.9200,348432.0000,Telecommunication
TITAN,Dec 2023,DEC 2023,18.8900,10.2500,52.9000,17.7700,710646.0000,Consumer Durables
TITAN,Dec 2024,DEC 2024,18.1100,11.3700,52.9000,17.3500,875901.0000,Consumer Durables
TITAN,Dec 2025,DEC 2025,15.5500,14.8300,52.9000,16.4500,749373.0000,Consumer Durables
TITAN,Jun 2024,JUN 2024,18.2100,10.6800,52.9000,17.9400,880587.0000,Consumer Durables
TITAN,Jun 2025,JUN 2025,17.5400,12.5900,52.9000,16.6900,792131.0000,Consumer Durables
TITAN,Jun 2026,JUN 2026,15.3900,15.1500,52.9000,16.3100,733428.0000,Consumer Durables
TITAN,Mar 2017,MAR 2017,21.1300,5.0300,53.0500,20.4400,109516.0000,Consumer Durables
TITAN,Mar 2018,MAR 2018,20.7200,6.1100,52.9100,20.1000,131620.0000,Consumer Durables
TITAN,Mar 2019,MAR 2019,19.2400,7.2100,52.9100,20.4700,180710.0000,Consumer Durables
TITAN,Mar 2020,MAR 2020,17.7400,10.8700,52.9100,18.2600,322928.0000,Consumer Durables
TITAN,Mar 2021,MAR 2021,18.1000,11.1300,52.9000,17.5300,355774.0000,Consumer Durables
TITAN,Mar 2022,MAR 2022,18.4000,10.2100,52.9000,18.3300,578252.0000,Consumer Durables
TITAN,Mar 2023,MAR 2023,17.5100,11.2300,52.9000,18.1900,719167.0000,Consumer Durables
TITAN,Mar 2024,MAR 2024,19.0100,10.2900,52.9000,17.5700,749319.0000,Consumer Durables
TITAN,Mar 2025,MAR 2025,17.8200,12.0100,52.9000,17.0100,855126.0000,Consumer Durables
TITAN,Mar 2026,MAR 2026,15.6500,14.8400,52.9000,16.3400,735599.0000,Consumer Durables
TITAN,Sep 2023,SEP 2023,19.0500,9.8700,52.9000,18.0000,699659.0000,Consumer Durables
TITAN,Sep 2024,SEP 2024,18.2300,11.2800,52.9000,17.3300,824661.0000,Consumer Durables
TITAN,Sep 2025,SEP 2025,16.1100,13.9900,52.9000,16.7600,795466.0000,Consumer Durables
TRIDENT,Dec 2023,DEC 2023,2.5500,0.0600,73.1900,22.9600,1983667.0000,Textiles
TRIDENT,Dec 2024,DEC 2024,2.8300,0.0900,73.1900,22.8200,2141410.0000,Textiles
TRIDENT,Dec 2025,DEC 2025,3.1600,0.1900,73.6800,22.9600,2028003.0000,Textiles
TRIDENT,Jun 2024,JUN 2024,2.6300,0.0600,73.1900,22.8700,2114618.0000,Textiles
TRIDENT,Jun 2025,JUN 2025,2.9800,0.1200,73.6800,23.2100,2113910.0000,Textiles
TRIDENT,Jun 2026,JUN 2026,3.1800,0.2500,73.6800,22.8900,1968758.0000,Textiles
TRIDENT,Mar 2017,MAR 2017,0.0000,3.7000,67.7700,28.5300,78176.0000,Textiles
TRIDENT,Mar 2018,MAR 2018,1.3100,2.3100,67.7700,28.6100,108939.0000,Textiles
TRIDENT,Mar 2019,MAR 2019,1.8000,0.2400,70.7700,26.2600,106487.0000,Textiles
TRIDENT,Mar 2020,MAR 2020,2.0500,0.0500,71.0600,25.9100,151342.0000,Textiles
TRIDENT,Mar 2021,MAR 2021,1.6800,0.0200,73.0200,22.4000,545847.0000,Textiles
TRIDENT,Mar 2022,MAR 2022,3.1300,0.0100,72.9400,22.1300,1735241.0000,Textiles
TRIDENT,Mar 2023,MAR 2023,2.4300,0.0400,73.1900,23.0900,1915809.0000,Textiles
TRIDENT,Mar 2024,MAR 2024,2.6500,0.0500,73.1900,22.8500,2118064.0000,Textiles
TRIDENT,Mar 2025,MAR 2025,3.0200,0.1000,73.6800,22.8900,2134368.0000,Textiles
TRIDENT,Mar 2026,MAR 2026,3.0700,0.2200,73.6800,23.0300,2003394.0000,Textiles
TRIDENT,Sep 2023,SEP 2023,2.5600,0.0500,73.1900,22.9500,2004436.0000,Textiles
TRIDENT,Sep 2024,SEP 2024,2.7300,0.0700,73.1900,22.7600,2082196.0000,Textiles
TRIDENT,Sep 2025,SEP 2025,3.0500,0.1500,73.6800,23.1100,2078581.0000,Textiles
TTML,Dec 2023,DEC 2023,2.2600,0.0500,74.3600,23.3300,808618.0000,Telecommunication
TTML,Dec 2024,DEC 2024,2.3400,0.0900,74.3600,23.1800,1044616.0000,Telecommunication
TTML,Dec 2025,DEC 2025,2.6400,0.1400,74.3600,22.8700,989835.0000,Telecommunication
TTML,Jun 2024,JUN 2024,2.3800,0.0700,74.3600,23.1900,817121.0000,Telecommunication
TTML,Jun 2025,JUN 2025,2.8100,0.1200,74.3600,22.7000,1038993.0000,Telecommunication
TTML,Jun 2026,JUN 2026,2.5200,0.1800,74.3600,22.9400,946056.0000,Telecommunication
TTML,Mar 2017,MAR 2017,0.4500,0.0500,74.8600,24.6300,377720.0000,Telecommunication
TTML,Mar 2018,MAR 2018,0.4000,0.0900,74.3600,25.1500,347472.0000,Telecommunication
TTML,Mar 2019,MAR 2019,0.2700,0.0500,74.3600,25.3200,332173.0000,Telecommunication
TTML,Mar 2020,MAR 2020,0.0000,0.0000,74.3600,25.6300,322466.0000,Telecommunication
TTML,Mar 2021,MAR 2021,0.0100,0.0000,74.3600,25.6300,398794.0000,Telecommunication
TTML,Mar 2022,MAR 2022,1.5900,0.0000,74.3600,24.0500,792384.0000,Telecommunication
TTML,Mar 2023,MAR 2023,2.1600,0.0400,74.3600,23.4300,837251.0000,Telecommunication
TTML,Mar 2024,MAR 2024,2.4600,0.0600,74.3600,23.1200,820372.0000,Telecommunication
TTML,Mar 2025,MAR 2025,2.5300,0.1200,74.3600,22.9800,1038037.0000,Telecommunication
TTML,Mar 2026,MAR 2026,2.6000,0.1700,74.3600,22.8700,961614.0000,Telecommunication
TTML,Sep 2023,SEP 2023,2.2300,0.0600,74.3600,23.3500,821354.0000,Telecommunication
TTML,Sep 2024,SEP 2024,2.3900,0.0800,74.3600,23.1600,1018223.0000,Telecommunication
TTML,Sep 2025,SEP 2025,2.6400,0.1300,74.3600,22.8700,1010798.0000,Telecommunication
ULTRACEMCO,Dec 2023,DEC 2023,18.2000,13.6800,59.9600,7.9500,342422.0000,Construction Materials
ULTRACEMCO,Dec 2024,DEC 2024,16.9800,15.1500,60.0000,7.6400,359710.0000,Construction Materials
ULTRACEMCO,Dec 2025,DEC 2025,14.4400,17.4500,59.2800,8.6000,412518.0000,Construction Materials
ULTRACEMCO,Jun 2024,JUN 2024,18.1500,13.8300,59.9800,7.8200,353565.0000,Construction Materials
ULTRACEMCO,Jun 2025,JUN 2025,15.2300,16.8500,59.2300,8.4800,406118.0000,Construction Materials
ULTRACEMCO,Jun 2026,JUN 2026,12.3600,19.6900,59.3300,8.4200,416693.0000,Construction Materials
ULTRACEMCO,Mar 2017,MAR 2017,21.8700,5.5100,62.1600,10.3900,290577.0000,Construction Materials
ULTRACEMCO,Mar 2018,MAR 2018,22.2700,5.7800,61.9800,9.9400,257871.0000,Construction Materials
ULTRACEMCO,Mar 2019,MAR 2019,20.0000,7.7900,61.6900,10.4100,255205.0000,Construction Materials
ULTRACEMCO,Mar 2020,MAR 2020,16.4800,14.1500,60.0400,9.1800,309688.0000,Construction Materials
ULTRACEMCO,Mar 2021,MAR 2021,17.2800,13.7400,59.9600,8.8700,304256.0000,Construction Materials
ULTRACEMCO,Mar 2022,MAR 2022,14.0300,16.3900,59.9600,9.4800,395972.0000,Construction Materials
ULTRACEMCO,Mar 2023,MAR 2023,14.7700,16.9300,59.9600,8.1400,366437.0000,Construction Materials
ULTRACEMCO,Mar 2024,MAR 2024,17.7400,14.1400,59.9600,7.9200,357627.0000,Construction Materials
ULTRACEMCO,Mar 2025,MAR 2025,15.1700,16.7900,59.2300,8.5700,394462.0000,Construction Materials
ULTRACEMCO,Mar 2026,MAR 2026,13.6100,18.4200,59.3300,8.4100,409350.0000,Construction Materials
ULTRACEMCO,Sep 2023,SEP 2023,16.6500,15.0400,59.9600,8.1100,347904.0000,Construction Materials
ULTRACEMCO,Sep 2024,SEP 2024,17.9500,14.0800,59.9900,7.7500,356405.0000,Construction Materials
ULTRACEMCO,Sep 2025,SEP 2025,15.3300,16.6500,59.2300,8.5500,409266.0000,Construction Materials
VOLTAS,Dec 2023,DEC 2023,17.1800,37.0000,30.3000,15.3200,261009.0000,Consumer Durables
VOLTAS,Dec 2024,DEC 2024,21.3100,34.3900,30.3000,13.7800,239130.0000,Consumer Durables
VOLTAS,Dec 2025,DEC 2025,18.4100,37.7400,30.3000,13.4000,268704.0000,Consumer Durables
VOLTAS,Jun 2024,JUN 2024,15.0800,40.1900,30.3000,14.2200,247775.0000,Consumer Durables
VOLTAS,Jun 2025,JUN 2025,21.1600,33.1500,30.3000,15.1700,321348.0000,Consumer Durables
VOLTAS,Jun 2026,JUN 2026,16.9400,38.9300,30.3000,13.7200,271399.0000,Consumer Durables
VOLTAS,Mar 2017,MAR 2017,20.7200,26.2100,30.3000,22.5300,108642.0000,Consumer Durables
VOLTAS,Mar 2018,MAR 2018,19.5800,29.3300,30.3000,20.4500,107457.0000,Consumer Durables
VOLTAS,Mar 2019,MAR 2019,13.6700,34.6900,30.3000,20.9200,116403.0000,Consumer Durables
VOLTAS,Mar 2020,MAR 2020,9.8700,39.6300,30.3000,19.7900,121793.0000,Consumer Durables
VOLTAS,Mar 2021,MAR 2021,14.3800,37.2200,30.3000,17.8600,150995.0000,Consumer Durables
VOLTAS,Mar 2022,MAR 2022,26.1900,27.8300,30.3000,15.4700,171620.0000,Consumer Durables
VOLTAS,Mar 2023,MAR 2023,20.5800,33.1400,30.3000,15.7800,273047.0000,Consumer Durables
VOLTAS,Mar 2024,MAR 2024,14.7100,40.3600,30.3000,14.4100,241794.0000,Consumer Durables
VOLTAS,Mar 2025,MAR 2025,21.9500,32.9900,30.3000,14.5300,285642.0000,Consumer Durables
VOLTAS,Mar 2026,MAR 2026,18.4400,38.2800,30.3000,12.8600,260008.0000,Consumer Durables
VOLTAS,Sep 2023,SEP 2023,17.8400,35.8200,30.3000,15.8400,280942.0000,Consumer Durables
VOLTAS,Sep 2024,SEP 2024,18.0900,37.2500,30.3000,14.1600,235015.0000,Consumer Durables
VOLTAS,Sep 2025,SEP 2025,20.2600,35.6200,30.3000,13.6100,284355.0000,Consumer Durables
VTL,Dec 2023,DEC 2023,6.3700,16.8400,64.1300,12.6500,67848.0000,Textiles
VTL,Dec 2024,DEC 2024,5.9700,16.7100,64.2100,13.1100,75337.0000,Textiles
VTL,Dec 2025,DEC 2025,5.7200,16.3400,64.4400,13.4900,82657.0000,Textiles
VTL,Jun 2024,JUN 2024,6.1200,16.6500,64.1900,13.0200,63870.0000,Textiles
VTL,Jun 2025,JUN 2025,6.0300,16.5800,64.2100,13.1800,77197.0000,Textiles
VTL,Jun 2026,JUN 2026,6.0700,14.6900,65.0800,14.1500,84595.0000,Textiles
VTL,Mar 2017,MAR 2017,11.0200,11.6900,61.8400,15.4500,21331.0000,Textiles
VTL,Mar 2018,MAR 2018,10.5800,14.7900,62.1500,12.3000,23166.0000,Textiles
VTL,Mar 2019,MAR 2019,7.5200,19.8100,62.1500,10.3200,21802.0000,Textiles
VTL,Mar 2020,MAR 2020,7.3700,20.8000,62.2000,9.6300,19823.0000,Textiles
VTL,Mar 2021,MAR 2021,4.2600,21.5600,63.2700,10.9100,20949.0000,Textiles
VTL,Mar 2022,MAR 2022,8.2600,16.5200,62.9300,11.9500,74449.0000,Textiles
VTL,Mar 2023,MAR 2023,6.8500,17.0100,63.8500,12.3000,74077.0000,Textiles
VTL,Mar 2024,MAR 2024,6.2900,16.5400,64.1300,13.0400,68945.0000,Textiles
VTL,Mar 2025,MAR 2025,5.7500,16.7200,64.2200,13.3000,77425.0000,Textiles
VTL,Mar 2026,MAR 2026,5.6900,16.0100,65.0900,13.1900,88129.0000,Textiles
VTL,Sep 2023,SEP 2023,6.9500,16.7000,64.1100,12.2500,66676.0000,Textiles
VTL,Sep 2024,SEP 2024,6.0300,16.5900,64.1900,13.1800,71874.0000,Textiles
VTL,Sep 2025,SEP 2025,5.7500,16.4300,64.2100,13.6100,84320.0000,Textiles
WELSPUNLIV,Dec 2023,DEC 2023,7.2500,5.3500,70.5000,15.9000,175816.0000,Textiles
WELSPUNLIV,Dec 2024,DEC 2024,5.9000,8.3100,66.2400,18.5300,239358.0000,Textiles
WELSPUNLIV,Dec 2025,DEC 2025,5.0300,10.4300,66.2400,17.9300,248962.0000,Textiles
WELSPUNLIV,Jun 2024,JUN 2024,5.8800,5.4900,70.5000,17.1100,189283.0000,Textiles
WELSPUNLIV,Jun 2025,JUN 2025,4.7500,9.2400,66.2400,19.3900,260516.0000,Textiles
WELSPUNLIV,Jun 2026,JUN 2026,5.2100,11.3800,66.3600,16.6900,223860.0000,Textiles
WELSPUNLIV,Mar 2017,MAR 2017,11.9400,2.0400,73.4800,12.5400,64602.0000,Textiles
WELSPUNLIV,Mar 2018,MAR 2018,9.1700,6.2900,68.4800,15.9800,88207.0000,Textiles
WELSPUNLIV,Mar 2019,MAR 2019,8.3000,10.3100,68.4800,12.9100,70686.0000,Textiles
WELSPUNLIV,Mar 2020,MAR 2020,5.1800,8.6100,68.8900,17.3200,73310.0000,Textiles
WELSPUNLIV,Mar 2021,MAR 2021,5.9000,7.2500,70.0000,16.8500,77350.0000,Textiles
WELSPUNLIV,Mar 2022,MAR 2022,8.5200,5.2500,70.3600,15.8800,184849.0000,Textiles
WELSPUNLIV,Mar 2023,MAR 2023,5.8000,5.7200,70.3600,17.1300,200428.0000,Textiles
WELSPUNLIV,Mar 2024,MAR 2024,7.1400,5.4400,70.5000,15.9200,183300.0000,Textiles
WELSPUNLIV,Mar 2025,MAR 2025,5.3500,8.9300,66.2400,18.4600,242891.0000,Textiles
WELSPUNLIV,Mar 2026,MAR 2026,4.9900,11.1800,66.2400,17.2200,243222.0000,Textiles
WELSPUNLIV,Sep 2023,SEP 2023,6.3300,5.8900,70.5000,16.2700,176476.0000,Textiles
WELSPUNLIV,Sep 2024,SEP 2024,7.0800,7.6700,66.2400,18.0000,213587.0000,Textiles
WELSPUNLIV,Sep 2025,SEP 2025,4.9700,8.5800,66.2400,19.8400,273918.0000,Textiles
