date,sector,fpi_net_flow_cr,fpi_accumulated_flow_cr
2016-09-30,Automobile and Auto Components,2230.0000,2230.0000
2016-10-31,Automobile and Auto Components,218.0000,2448.0000
2016-11-30,Automobile and Auto Components,-1968.0000,480.0000
2016-12-31,Automobile and Auto Components,595.0000,1075.0000
2017-01-31,Automobile and Auto Components,-409.0000,666.0000
2017-02-28,Automobile and Auto Components,-1073.0000,-407.0000
2017-03-31,Automobile and Auto Components,941.0000,534.0000
2017-04-30,Automobile and Auto Components,-1077.0000,-543.0000
2017-05-31,Automobile and Auto Components,1152.0000,609.0000
2017-06-30,Automobile and Auto Components,565.0000,1174.0000
2017-07-31,Automobile and Auto Components,67.0000,1241.0000
2017-08-31,Automobile and Auto Components,-634.0000,607.0000
2017-09-30,Automobile and Auto Components,-579.0000,28.0000
2017-10-31,Automobile and Auto Components,240.0000,268.0000
2017-11-30,Automobile and Auto Components,940.0000,1208.0000
2017-12-31,Automobile and Auto Components,-646.0000,562.0000
2018-01-31,Automobile and Auto Components,81.0000,643.0000
2018-02-28,Automobile and Auto Components,-2324.0000,-1681.0000
2018-03-31,Automobile and Auto Components,-1136.0000,-2817.0000
2018-04-30,Automobile and Auto Components,-1597.0000,-4414.0000
2018-05-31,Automobile and Auto Components,-3886.0000,-8300.0000
2018-06-30,Automobile and Auto Components,-905.0000,-9205.0000
2018-07-31,Automobile and Auto Components,-1269.0000,-10474.0000
2018-08-31,Automobile and Auto Components,-624.0000,-11098.0000
2018-09-30,Automobile and Auto Components,-2132.0000,-13230.0000
2018-10-31,Automobile and Auto Components,-3500.0000,-16730.0000
2018-11-30,Automobile and Auto Components,426.0000,-16304.0000
2018-12-31,Automobile and Auto Components,636.0000,-15668.0000
2019-01-31,Automobile and Auto Components,-932.0000,-16600.0000
2019-02-28,Automobile and Auto Components,-139.0000,-16739.0000
2019-03-31,Automobile and Auto Components,-479.0000,-17218.0000
2019-04-30,Automobile and Auto Components,1348.0000,-15870.0000
2019-05-31,Automobile and Auto Components,-1078.0000,-16948.0000
2019-06-30,Automobile and Auto Components,1414.0000,-15534.0000
2019-07-31,Automobile and Auto Components,-1700.0000,-17234.0000
2019-08-31,Automobile and Auto Components,77.0000,-17157.0000
2019-09-30,Automobile and Auto Components,1279.0000,-15878.0000
2019-10-31,Automobile and Auto Components,-283.0000,-16161.0000
2019-11-30,Automobile and Auto Components,-946.0000,-17107.0000
2019-12-31,Automobile and Auto Components,376.0000,-16731.0000
2020-01-31,Automobile and Auto Components,1131.0000,-15600.0000
2020-02-29,Automobile and Auto Components,-2126.0000,-17726.0000
2020-03-31,Automobile and Auto Components,-3585.0000,-21311.0000
2020-04-30,Automobile and Auto Components,-1923.0000,-23234.0000
2020-05-31,Automobile and Auto Components,-395.0000,-23629.0000
2020-06-30,Automobile and Auto Components,1176.0000,-22453.0000
2020-07-31,Automobile and Auto Components,1475.0000,-20978.0000
2020-08-31,Automobile and Auto Components,1349.0000,-19629.0000
2020-09-30,Automobile and Auto Components,-1310.0000,-20939.0000
2020-10-31,Automobile and Auto Components,1996.0000,-18943.0000
2020-11-30,Automobile and Auto Components,3730.0000,-15213.0000
2020-12-31,Automobile and Auto Components,5070.0000,-10143.0000
2021-01-31,Automobile and Auto Components,3483.0000,-6660.0000
2021-02-28,Automobile and Auto Components,-1063.0000,-7723.0000
2021-03-31,Automobile and Auto Components,646.0000,-7077.0000
2021-04-30,Automobile and Auto Components,-1064.0000,-8141.0000
2021-05-31,Automobile and Auto Components,720.0000,-7421.0000
2021-06-30,Automobile and Auto Components,2747.0000,-4674.0000
2021-07-31,Automobile and Auto Components,-2251.0000,-6925.0000
2021-08-31,Automobile and Auto Components,-2446.0000,-9371.0000
2021-09-30,Automobile and Auto Components,135.0000,-9236.0000
2021-10-31,Automobile and Auto Components,2809.0000,-6427.0000
2021-11-30,Automobile and Auto Components,-1216.0000,-7643.0000
2021-12-31,Automobile and Auto Components,-2069.0000,-9712.0000
2022-01-31,Automobile and Auto Components,2167.0000,-7545.0000
2022-02-28,Automobile and Auto Components,-1839.0000,-9384.0000
2022-03-31,Automobile and Auto Components,-6460.0000,-15844.0000
2022-04-30,Automobile and Auto Components,1160.0000,-14684.0000
2022-05-31,Automobile and Auto Components,-1398.0000,-16082.0000
2022-06-30,Automobile and Auto Components,-2479.0000,-18561.0000
2022-07-31,Automobile and Auto Components,671.0000,-17890.0000
2022-08-31,Automobile and Auto Components,3736.0000,-14154.0000
2022-09-30,Automobile and Auto Components,395.0000,-13759.0000
2022-10-31,Automobile and Auto Components,787.0000,-12972.0000
2022-11-30,Automobile and Auto Components,3051.0000,-9921.0000
2022-12-31,Automobile and Auto Components,-177.0000,-10098.0000
2023-01-31,Automobile and Auto Components,1024.0000,-9074.0000
2023-02-28,Automobile and Auto Components,895.0000,-8179.0000
2023-03-31,Automobile and Auto Components,2695.0000,-5484.0000
2023-04-30,Automobile and Auto Components,1987.0000,-3497.0000
2023-05-31,Automobile and Auto Components,8702.0000,5205.0000
2023-06-30,Automobile and Auto Components,6129.0000,11334.0000
2023-07-31,Automobile and Auto Components,3238.0000,14572.0000
2023-08-31,Automobile and Auto Components,636.0000,15208.0000
2023-09-30,Automobile and Auto Components,635.0000,15843.0000
2023-10-31,Automobile and Auto Components,-606.0000,15237.0000
2023-11-30,Automobile and Auto Components,410.0000,15647.0000
2023-12-31,Automobile and Auto Components,3644.0000,19291.0000
2024-01-31,Automobile and Auto Components,-2067.0000,17224.0000
2024-02-29,Automobile and Auto Components,5542.0000,22766.0000
2024-03-31,Automobile and Auto Components,1612.0000,24378.0000
2024-04-30,Automobile and Auto Components,1119.0000,25497.0000
2024-05-31,Automobile and Auto Components,-4029.0000,21468.0000
2024-06-30,Automobile and Auto Components,1739.0000,23207.0000
2024-07-31,Automobile and Auto Components,6148.0000,29355.0000
2024-08-31,Automobile and Auto Components,-2379.0000,26976.0000
2024-09-30,Automobile and Auto Components,-2106.0000,24870.0000
2024-10-31,Automobile and Auto Components,-10440.0000,14430.0000
2024-11-30,Automobile and Auto Components,-7464.0000,6966.0000
2024-12-31,Automobile and Auto Components,-4371.0000,2595.0000
2025-01-31,Automobile and Auto Components,-5823.0000,-3228.0000
2025-02-28,Automobile and Auto Components,-3969.0000,-7197.0000
2025-03-31,Automobile and Auto Components,-2864.0000,-10061.0000
2025-04-30,Automobile and Auto Components,-3207.0000,-13268.0000
2025-05-31,Automobile and Auto Components,101.0000,-13167.0000
2025-06-30,Automobile and Auto Components,4724.0000,-8443.0000
2025-07-31,Automobile and Auto Components,-3584.0000,-12027.0000
2025-08-31,Automobile and Auto Components,1803.0000,-10224.0000
2025-09-30,Automobile and Auto Components,3641.0000,-6583.0000
2025-10-31,Automobile and Auto Components,967.0000,-5616.0000
2025-11-30,Automobile and Auto Components,-1642.0000,-7258.0000
2025-12-31,Automobile and Auto Components,-2045.0000,-9303.0000
2026-01-31,Automobile and Auto Components,-3594.0000,-12897.0000
2026-02-28,Automobile and Auto Components,3586.0000,-9311.0000
2026-03-31,Automobile and Auto Components,-12498.0000,-21809.0000
2026-04-30,Automobile and Auto Components,-5479.0000,-27288.0000
2026-05-31,Automobile and Auto Components,-2532.0000,-29820.0000
2026-06-30,Automobile and Auto Components,-10368.0000,-40188.0000
2026-07-31,Automobile and Auto Components,-4564.0000,-44752.0000
2026-08-31,Automobile and Auto Components,3106.0000,-41646.0000
2016-09-30,Capital Goods,538.0000,538.0000
2016-10-31,Capital Goods,-764.0000,-226.0000
2016-11-30,Capital Goods,-2093.0000,-2319.0000
2016-12-31,Capital Goods,-1644.0000,-3963.0000
2017-01-31,Capital Goods,-37.0000,-4000.0000
2017-02-28,Capital Goods,-33.0000,-4033.0000
2017-03-31,Capital Goods,1194.0000,-2839.0000
2017-04-30,Capital Goods,1354.0000,-1485.0000
2017-05-31,Capital Goods,-479.0000,-1964.0000
2017-06-30,Capital Goods,-299.0000,-2263.0000
2017-07-31,Capital Goods,353.0000,-1910.0000
2017-08-31,Capital Goods,-2109.0000,-4019.0000
2017-09-30,Capital Goods,-2024.0000,-6043.0000
2017-10-31,Capital Goods,-323.0000,-6366.0000
2017-11-30,Capital Goods,-2118.0000,-8484.0000
2017-12-31,Capital Goods,-491.0000,-8975.0000
2018-01-31,Capital Goods,1372.0000,-7603.0000
2018-02-28,Capital Goods,-1180.0000,-8783.0000
2018-03-31,Capital Goods,711.0000,-8072.0000
2018-04-30,Capital Goods,-653.0000,-8725.0000
2018-05-31,Capital Goods,-450.0000,-9175.0000
2018-06-30,Capital Goods,-2145.0000,-11320.0000
2018-07-31,Capital Goods,345.0000,-10975.0000
2018-08-31,Capital Goods,1431.0000,-9544.0000
2018-09-30,Capital Goods,-353.0000,-9897.0000
2018-10-31,Capital Goods,-1756.0000,-11653.0000
2018-11-30,Capital Goods,696.0000,-10957.0000
2018-12-31,Capital Goods,-632.0000,-11589.0000
2019-01-31,Capital Goods,-1592.0000,-13181.0000
2019-02-28,Capital Goods,-588.0000,-13769.0000
2019-03-31,Capital Goods,1726.0000,-12043.0000
2019-04-30,Capital Goods,-283.0000,-12326.0000
2019-05-31,Capital Goods,1399.0000,-10927.0000
2019-06-30,Capital Goods,1794.0000,-9133.0000
2019-07-31,Capital Goods,-1157.0000,-10290.0000
2019-08-31,Capital Goods,-1152.0000,-11442.0000
2019-09-30,Capital Goods,1182.0000,-10260.0000
2019-10-31,Capital Goods,1214.0000,-9046.0000
2019-11-30,Capital Goods,632.0000,-8414.0000
2019-12-31,Capital Goods,-1644.0000,-10058.0000
2020-01-31,Capital Goods,3.0000,-10055.0000
2020-02-29,Capital Goods,-1700.0000,-11755.0000
2020-03-31,Capital Goods,-2665.0000,-14420.0000
2020-04-30,Capital Goods,-84.0000,-14504.0000
2020-05-31,Capital Goods,-183.0000,-14687.0000
2020-06-30,Capital Goods,1495.0000,-13192.0000
2020-07-31,Capital Goods,-373.0000,-13565.0000
2020-08-31,Capital Goods,1034.0000,-12531.0000
2020-09-30,Capital Goods,875.0000,-11656.0000
2020-10-31,Capital Goods,1036.0000,-10620.0000
2020-11-30,Capital Goods,3945.0000,-6675.0000
2020-12-31,Capital Goods,4333.0000,-2342.0000
2021-01-31,Capital Goods,4213.0000,1871.0000
2021-02-28,Capital Goods,441.0000,2312.0000
2021-03-31,Capital Goods,-114.0000,2198.0000
2021-04-30,Capital Goods,225.0000,2423.0000
2021-05-31,Capital Goods,926.0000,3349.0000
2021-06-30,Capital Goods,977.0000,4326.0000
2021-07-31,Capital Goods,129.0000,4455.0000
2021-08-31,Capital Goods,-1241.0000,3214.0000
2021-09-30,Capital Goods,858.0000,4072.0000
2021-10-31,Capital Goods,1624.0000,5696.0000
2021-11-30,Capital Goods,-168.0000,5528.0000
2021-12-31,Capital Goods,1155.0000,6683.0000
2022-01-31,Capital Goods,71.0000,6754.0000
2022-02-28,Capital Goods,-2297.0000,4457.0000
2022-03-31,Capital Goods,-4505.0000,-48.0000
2022-04-30,Capital Goods,-2085.0000,-2133.0000
2022-05-31,Capital Goods,169.0000,-1964.0000
2022-06-30,Capital Goods,1298.0000,-666.0000
2022-07-31,Capital Goods,1918.0000,1252.0000
2022-08-31,Capital Goods,3359.0000,4611.0000
2022-09-30,Capital Goods,1953.0000,6564.0000
2022-10-31,Capital Goods,834.0000,7398.0000
2022-11-30,Capital Goods,2738.0000,10136.0000
2022-12-31,Capital Goods,2150.0000,12286.0000
2023-01-31,Capital Goods,-86.0000,12200.0000
2023-02-28,Capital Goods,2664.0000,14864.0000
2023-03-31,Capital Goods,2507.0000,17371.0000
2023-04-30,Capital Goods,1613.0000,18984.0000
2023-05-31,Capital Goods,2505.0000,21489.0000
2023-06-30,Capital Goods,5826.0000,27315.0000
2023-07-31,Capital Goods,5633.0000,32948.0000
2023-08-31,Capital Goods,8336.0000,41284.0000
2023-09-30,Capital Goods,5100.0000,46384.0000
2023-10-31,Capital Goods,857.0000,47241.0000
2023-11-30,Capital Goods,3571.0000,50812.0000
2023-12-31,Capital Goods,5103.0000,55915.0000
2024-01-31,Capital Goods,696.0000,56611.0000
2024-02-29,Capital Goods,3906.0000,60517.0000
2024-03-31,Capital Goods,3789.0000,64306.0000
2024-04-30,Capital Goods,3636.0000,67942.0000
2024-05-31,Capital Goods,6024.0000,73966.0000
2024-06-30,Capital Goods,2792.0000,76758.0000
2024-07-31,Capital Goods,4927.0000,81685.0000
2024-08-31,Capital Goods,-309.0000,81376.0000
2024-09-30,Capital Goods,4002.0000,85378.0000
2024-10-31,Capital Goods,-2786.0000,82592.0000
2024-11-30,Capital Goods,-323.0000,82269.0000
2024-12-31,Capital Goods,3128.0000,85397.0000
2025-01-31,Capital Goods,-5697.0000,79700.0000
2025-02-28,Capital Goods,-4464.0000,75236.0000
2025-03-31,Capital Goods,-299.0000,74937.0000
2025-04-30,Capital Goods,-75.0000,74862.0000
2025-05-31,Capital Goods,5327.0000,80189.0000
2025-06-30,Capital Goods,-1831.0000,78358.0000
2025-07-31,Capital Goods,305.0000,78663.0000
2025-08-31,Capital Goods,1896.0000,80559.0000
2025-09-30,Capital Goods,3010.0000,83569.0000
2025-10-31,Capital Goods,-682.0000,82887.0000
2025-11-30,Capital Goods,2495.0000,85382.0000
2025-12-31,Capital Goods,-2566.0000,82816.0000
2026-01-31,Capital Goods,2761.0000,85577.0000
2026-02-28,Capital Goods,12135.0000,97712.0000
2026-03-31,Capital Goods,3148.0000,100860.0000
2026-04-30,Capital Goods,4339.0000,105199.0000
2026-05-31,Capital Goods,2799.0000,107998.0000
2026-06-30,Capital Goods,-4028.0000,103970.0000
2026-07-31,Capital Goods,-6275.0000,97695.0000
2026-08-31,Capital Goods,606.0000,98301.0000
2016-09-30,Chemicals,-117.0000,-117.0000
2016-10-31,Chemicals,-42.0000,-159.0000
2016-11-30,Chemicals,-405.0000,-564.0000
2016-12-31,Chemicals,-226.0000,-790.0000
2017-01-31,Chemicals,-224.0000,-1014.0000
2017-02-28,Chemicals,-347.0000,-1361.0000
2017-03-31,Chemicals,-344.0000,-1705.0000
2017-04-30,Chemicals,-774.0000,-2479.0000
2017-05-31,Chemicals,-19.0000,-2498.0000
2017-06-30,Chemicals,125.0000,-2373.0000
2017-07-31,Chemicals,-477.0000,-2850.0000
2017-08-31,Chemicals,-161.0000,-3011.0000
2017-09-30,Chemicals,-438.0000,-3449.0000
2017-10-31,Chemicals,-639.0000,-4088.0000
2017-11-30,Chemicals,-530.0000,-4618.0000
2017-12-31,Chemicals,-84.0000,-4702.0000
2018-01-31,Chemicals,283.0000,-4419.0000
2018-02-28,Chemicals,-542.0000,-4961.0000
2018-03-31,Chemicals,184.0000,-4777.0000
2018-04-30,Chemicals,127.0000,-4650.0000
2018-05-31,Chemicals,331.0000,-4319.0000
2018-06-30,Chemicals,-148.0000,-4467.0000
2018-07-31,Chemicals,115.0000,-4352.0000
2018-08-31,Chemicals,-122.0000,-4474.0000
2018-09-30,Chemicals,212.0000,-4262.0000
2018-10-31,Chemicals,-371.0000,-4633.0000
2018-11-30,Chemicals,407.0000,-4226.0000
2018-12-31,Chemicals,-456.0000,-4682.0000
2019-01-31,Chemicals,-12.0000,-4694.0000
2019-02-28,Chemicals,539.0000,-4155.0000
2019-03-31,Chemicals,255.0000,-3900.0000
2019-04-30,Chemicals,54.0000,-3846.0000
2019-05-31,Chemicals,346.0000,-3500.0000
2019-06-30,Chemicals,22.0000,-3478.0000
2019-07-31,Chemicals,206.0000,-3272.0000
2019-08-31,Chemicals,176.0000,-3096.0000
2019-09-30,Chemicals,-211.0000,-3307.0000
2019-10-31,Chemicals,-161.0000,-3468.0000
2019-11-30,Chemicals,-235.0000,-3703.0000
2019-12-31,Chemicals,180.0000,-3523.0000
2020-01-31,Chemicals,-309.0000,-3832.0000
2020-02-29,Chemicals,-66.0000,-3898.0000
2020-03-31,Chemicals,-223.0000,-4121.0000
2020-04-30,Chemicals,-389.0000,-4510.0000
2020-05-31,Chemicals,-414.0000,-4924.0000
2020-06-30,Chemicals,39.0000,-4885.0000
2020-07-31,Chemicals,-249.0000,-5134.0000
2020-08-31,Chemicals,298.0000,-4836.0000
2020-09-30,Chemicals,88.0000,-4748.0000
2020-10-31,Chemicals,331.0000,-4417.0000
2020-11-30,Chemicals,1410.0000,-3007.0000
2020-12-31,Chemicals,1675.0000,-1332.0000
2021-01-31,Chemicals,791.0000,-541.0000
2021-02-28,Chemicals,460.0000,-81.0000
2021-03-31,Chemicals,1059.0000,978.0000
2021-04-30,Chemicals,-199.0000,779.0000
2021-05-31,Chemicals,-72.0000,707.0000
2021-06-30,Chemicals,1358.0000,2065.0000
2021-07-31,Chemicals,-183.0000,1882.0000
2021-08-31,Chemicals,-200.0000,1682.0000
2021-09-30,Chemicals,57.0000,1739.0000
2021-10-31,Chemicals,-91.0000,1648.0000
2021-11-30,Chemicals,-857.0000,791.0000
2021-12-31,Chemicals,766.0000,1557.0000
2022-01-31,Chemicals,-71.0000,1486.0000
2022-02-28,Chemicals,-1059.0000,427.0000
2022-03-31,Chemicals,1472.0000,1899.0000
2022-04-30,Chemicals,290.0000,2189.0000
2022-05-31,Chemicals,521.0000,2710.0000
2022-06-30,Chemicals,-188.0000,2522.0000
2022-07-31,Chemicals,-547.0000,1975.0000
2022-08-31,Chemicals,1718.0000,3693.0000
2022-09-30,Chemicals,-332.0000,3361.0000
2022-10-31,Chemicals,174.0000,3535.0000
2022-11-30,Chemicals,744.0000,4279.0000
2022-12-31,Chemicals,-231.0000,4048.0000
2023-01-31,Chemicals,-746.0000,3302.0000
2023-02-28,Chemicals,-363.0000,2939.0000
2023-03-31,Chemicals,280.0000,3219.0000
2023-04-30,Chemicals,412.0000,3631.0000
2023-05-31,Chemicals,1074.0000,4705.0000
2023-06-30,Chemicals,-253.0000,4452.0000
2023-07-31,Chemicals,-990.0000,3462.0000
2023-08-31,Chemicals,-180.0000,3282.0000
2023-09-30,Chemicals,-914.0000,2368.0000
2023-10-31,Chemicals,-745.0000,1623.0000
2023-11-30,Chemicals,-95.0000,1528.0000
2023-12-31,Chemicals,552.0000,2080.0000
2024-01-31,Chemicals,-1127.0000,953.0000
2024-02-29,Chemicals,-791.0000,162.0000
2024-03-31,Chemicals,913.0000,1075.0000
2024-04-30,Chemicals,778.0000,1853.0000
2024-05-31,Chemicals,472.0000,2325.0000
2024-06-30,Chemicals,1960.0000,4285.0000
2024-07-31,Chemicals,-512.0000,3773.0000
2024-08-31,Chemicals,-22.0000,3751.0000
2024-09-30,Chemicals,1445.0000,5196.0000
2024-10-31,Chemicals,583.0000,5779.0000
2024-11-30,Chemicals,13.0000,5792.0000
2024-12-31,Chemicals,600.0000,6392.0000
2025-01-31,Chemicals,355.0000,6747.0000
2025-02-28,Chemicals,429.0000,7176.0000
2025-03-31,Chemicals,491.0000,7667.0000
2025-04-30,Chemicals,875.0000,8542.0000
2025-05-31,Chemicals,1308.0000,9850.0000
2025-06-30,Chemicals,2392.0000,12242.0000
2025-07-31,Chemicals,1129.0000,13371.0000
2025-08-31,Chemicals,1571.0000,14942.0000
2025-09-30,Chemicals,-383.0000,14559.0000
2025-10-31,Chemicals,-924.0000,13635.0000
2025-11-30,Chemicals,-1178.0000,12457.0000
2025-12-31,Chemicals,-48.0000,12409.0000
2026-01-31,Chemicals,140.0000,12549.0000
2026-02-28,Chemicals,248.0000,12797.0000
2026-03-31,Chemicals,-232.0000,12565.0000
2026-04-30,Chemicals,-387.0000,12178.0000
2026-05-31,Chemicals,-610.0000,11568.0000
2026-06-30,Chemicals,-1287.0000,10281.0000
2026-07-31,Chemicals,418.0000,10699.0000
2026-08-31,Chemicals,858.0000,11557.0000
2016-09-30,Construction,106.0000,106.0000
2016-10-31,Construction,-13.0000,93.0000
2016-11-30,Construction,-108.0000,-15.0000
2016-12-31,Construction,-9.0000,-24.0000
2017-01-31,Construction,22.0000,-2.0000
2017-02-28,Construction,-40.0000,-42.0000
2017-03-31,Construction,47.0000,5.0000
2017-04-30,Construction,-25.0000,-20.0000
2017-05-31,Construction,-68.0000,-88.0000
2017-06-30,Construction,-59.0000,-147.0000
2017-07-31,Construction,-67.0000,-214.0000
2017-08-31,Construction,36.0000,-178.0000
2017-09-30,Construction,-97.0000,-275.0000
2017-10-31,Construction,8.0000,-267.0000
2017-11-30,Construction,-176.0000,-443.0000
2017-12-31,Construction,-75.0000,-518.0000
2018-01-31,Construction,1.0000,-517.0000
2018-02-28,Construction,18.0000,-499.0000
2018-03-31,Construction,44.0000,-455.0000
2018-04-30,Construction,37.0000,-418.0000
2018-05-31,Construction,-80.0000,-498.0000
2018-06-30,Construction,-79.0000,-577.0000
2018-07-31,Construction,-17.0000,-594.0000
2018-08-31,Construction,104.0000,-490.0000
2018-09-30,Construction,-20.0000,-510.0000
2018-10-31,Construction,-30.0000,-540.0000
2018-11-30,Construction,5.0000,-535.0000
2018-12-31,Construction,61.0000,-474.0000
2019-01-31,Construction,-4.0000,-478.0000
2019-02-28,Construction,25.0000,-453.0000
2019-03-31,Construction,-7.0000,-460.0000
2019-04-30,Construction,-30.0000,-490.0000
2019-05-31,Construction,-24.0000,-514.0000
2019-06-30,Construction,-30.0000,-544.0000
2019-07-31,Construction,2.0000,-542.0000
2019-08-31,Construction,2.0000,-540.0000
2019-09-30,Construction,13.0000,-527.0000
2019-10-31,Construction,-37.0000,-564.0000
2019-11-30,Construction,-27.0000,-591.0000
2019-12-31,Construction,-36.0000,-627.0000
2020-01-31,Construction,-76.0000,-703.0000
2020-02-29,Construction,-63.0000,-766.0000
2020-03-31,Construction,-14.0000,-780.0000
2020-04-30,Construction,-39.0000,-819.0000
2020-05-31,Construction,-20.0000,-839.0000
2020-06-30,Construction,-44.0000,-883.0000
2020-07-31,Construction,86.0000,-797.0000
2020-08-31,Construction,-37.0000,-834.0000
2020-09-30,Construction,-39.0000,-873.0000
2020-10-31,Construction,2.0000,-871.0000
2020-11-30,Construction,18.0000,-853.0000
2020-12-31,Construction,9.0000,-844.0000
2021-01-31,Construction,236.0000,-608.0000
2021-02-28,Construction,129.0000,-479.0000
2021-03-31,Construction,-6.0000,-485.0000
2021-04-30,Construction,-32.0000,-517.0000
2021-05-31,Construction,-92.0000,-609.0000
2021-06-30,Construction,-134.0000,-743.0000
2021-07-31,Construction,-53.0000,-796.0000
2021-08-31,Construction,15.0000,-781.0000
2021-09-30,Construction,64.0000,-717.0000
2021-10-31,Construction,-326.0000,-1043.0000
2021-11-30,Construction,-49.0000,-1092.0000
2021-12-31,Construction,-19.0000,-1111.0000
2022-01-31,Construction,-100.0000,-1211.0000
2022-02-28,Construction,41.0000,-1170.0000
2022-03-31,Construction,-7.0000,-1177.0000
2022-04-30,Construction,-1044.0000,-2221.0000
2022-05-31,Construction,-1175.0000,-3396.0000
2022-06-30,Construction,-745.0000,-4141.0000
2022-07-31,Construction,998.0000,-3143.0000
2022-08-31,Construction,1206.0000,-1937.0000
2022-09-30,Construction,628.0000,-1309.0000
2022-10-31,Construction,1289.0000,-20.0000
2022-11-30,Construction,1157.0000,1137.0000
2022-12-31,Construction,1199.0000,2336.0000
2023-01-31,Construction,1591.0000,3927.0000
2023-02-28,Construction,437.0000,4364.0000
2023-03-31,Construction,2224.0000,6588.0000
2023-04-30,Construction,607.0000,7195.0000
2023-05-31,Construction,-344.0000,6851.0000
2023-06-30,Construction,2988.0000,9839.0000
2023-07-31,Construction,2167.0000,12006.0000
2023-08-31,Construction,750.0000,12756.0000
2023-09-30,Construction,-2097.0000,10659.0000
2023-10-31,Construction,-2750.0000,7909.0000
2023-11-30,Construction,-898.0000,7011.0000
2023-12-31,Construction,1209.0000,8220.0000
2024-01-31,Construction,-293.0000,7927.0000
2024-02-29,Construction,-4494.0000,3433.0000
2024-03-31,Construction,806.0000,4239.0000
2024-04-30,Construction,280.0000,4519.0000
2024-05-31,Construction,-2686.0000,1833.0000
2024-06-30,Construction,-2723.0000,-890.0000
2024-07-31,Construction,-1529.0000,-2419.0000
2024-08-31,Construction,-758.0000,-3177.0000
2024-09-30,Construction,1095.0000,-2082.0000
2024-10-31,Construction,-4650.0000,-6732.0000
2024-11-30,Construction,2006.0000,-4726.0000
2024-12-31,Construction,1408.0000,-3318.0000
2025-01-31,Construction,-2879.0000,-6197.0000
2025-02-28,Construction,-3351.0000,-9548.0000
2025-03-31,Construction,-249.0000,-9797.0000
2025-04-30,Construction,-2886.0000,-12683.0000
2025-05-31,Construction,267.0000,-12416.0000
2025-06-30,Construction,-238.0000,-12654.0000
2025-07-31,Construction,-1354.0000,-14008.0000
2025-08-31,Construction,1356.0000,-12652.0000
2025-09-30,Construction,856.0000,-11796.0000
2025-10-31,Construction,2233.0000,-9563.0000
2025-11-30,Construction,-442.0000,-10005.0000
2025-12-31,Construction,207.0000,-9798.0000
2026-01-31,Construction,-1532.0000,-11330.0000
2026-02-28,Construction,4487.0000,-6843.0000
2026-03-31,Construction,-9154.0000,-15997.0000
2026-04-30,Construction,926.0000,-15071.0000
2026-05-31,Construction,-1211.0000,-16282.0000
2026-06-30,Construction,2881.0000,-13401.0000
2026-07-31,Construction,-1199.0000,-14600.0000
2026-08-31,Construction,38.0000,-14562.0000
2016-09-30,Construction Materials,70.0000,70.0000
2016-10-31,Construction Materials,-160.0000,-90.0000
2016-11-30,Construction Materials,-1097.0000,-1187.0000
2016-12-31,Construction Materials,-194.0000,-1381.0000
2017-01-31,Construction Materials,-118.0000,-1499.0000
2017-02-28,Construction Materials,297.0000,-1202.0000
2017-03-31,Construction Materials,903.0000,-299.0000
2017-04-30,Construction Materials,1028.0000,729.0000
2017-05-31,Construction Materials,14.0000,743.0000
2017-06-30,Construction Materials,-655.0000,88.0000
2017-07-31,Construction Materials,534.0000,622.0000
2017-08-31,Construction Materials,-274.0000,348.0000
2017-09-30,Construction Materials,-325.0000,23.0000
2017-10-31,Construction Materials,64.0000,87.0000
2017-11-30,Construction Materials,85.0000,172.0000
2017-12-31,Construction Materials,-639.0000,-467.0000
2018-01-31,Construction Materials,385.0000,-82.0000
2018-02-28,Construction Materials,-456.0000,-538.0000
2018-03-31,Construction Materials,-280.0000,-818.0000
2018-04-30,Construction Materials,-782.0000,-1600.0000
2018-05-31,Construction Materials,-1504.0000,-3104.0000
2018-06-30,Construction Materials,-874.0000,-3978.0000
2018-07-31,Construction Materials,-131.0000,-4109.0000
2018-08-31,Construction Materials,-336.0000,-4445.0000
2018-09-30,Construction Materials,-650.0000,-5095.0000
2018-10-31,Construction Materials,-2356.0000,-7451.0000
2018-11-30,Construction Materials,-325.0000,-7776.0000
2018-12-31,Construction Materials,387.0000,-7389.0000
2019-01-31,Construction Materials,-129.0000,-7518.0000
2019-02-28,Construction Materials,23.0000,-7495.0000
2019-03-31,Construction Materials,462.0000,-7033.0000
2019-04-30,Construction Materials,-1218.0000,-8251.0000
2019-05-31,Construction Materials,-1499.0000,-9750.0000
2019-06-30,Construction Materials,-686.0000,-10436.0000
2019-07-31,Construction Materials,-356.0000,-10792.0000
2019-08-31,Construction Materials,-1103.0000,-11895.0000
2019-09-30,Construction Materials,-540.0000,-12435.0000
2019-10-31,Construction Materials,82.0000,-12353.0000
2019-11-30,Construction Materials,14.0000,-12339.0000
2019-12-31,Construction Materials,-757.0000,-13096.0000
2020-01-31,Construction Materials,4.0000,-13092.0000
2020-02-29,Construction Materials,-909.0000,-14001.0000
2020-03-31,Construction Materials,-2802.0000,-16803.0000
2020-04-30,Construction Materials,-1005.0000,-17808.0000
2020-05-31,Construction Materials,-143.0000,-17951.0000
2020-06-30,Construction Materials,389.0000,-17562.0000
2020-07-31,Construction Materials,-674.0000,-18236.0000
2020-08-31,Construction Materials,-169.0000,-18405.0000
2020-09-30,Construction Materials,-487.0000,-18892.0000
2020-10-31,Construction Materials,666.0000,-18226.0000
2020-11-30,Construction Materials,2099.0000,-16127.0000
2020-12-31,Construction Materials,2777.0000,-13350.0000
2021-01-31,Construction Materials,523.0000,-12827.0000
2021-02-28,Construction Materials,1348.0000,-11479.0000
2021-03-31,Construction Materials,748.0000,-10731.0000
2021-04-30,Construction Materials,-327.0000,-11058.0000
2021-05-31,Construction Materials,201.0000,-10857.0000
2021-06-30,Construction Materials,-46.0000,-10903.0000
2021-07-31,Construction Materials,-617.0000,-11520.0000
2021-08-31,Construction Materials,1378.0000,-10142.0000
2021-09-30,Construction Materials,686.0000,-9456.0000
2021-10-31,Construction Materials,-4460.0000,-13916.0000
2021-11-30,Construction Materials,-1069.0000,-14985.0000
2021-12-31,Construction Materials,-204.0000,-15189.0000
2022-01-31,Construction Materials,-738.0000,-15927.0000
2022-02-28,Construction Materials,-1156.0000,-17083.0000
2022-03-31,Construction Materials,-4143.0000,-21226.0000
2022-04-30,Construction Materials,-25.0000,-21251.0000
2022-05-31,Construction Materials,-1450.0000,-22701.0000
2022-06-30,Construction Materials,-2177.0000,-24878.0000
2022-07-31,Construction Materials,673.0000,-24205.0000
2022-08-31,Construction Materials,413.0000,-23792.0000
2022-09-30,Construction Materials,-381.0000,-24173.0000
2022-10-31,Construction Materials,-331.0000,-24504.0000
2022-11-30,Construction Materials,1091.0000,-23413.0000
2022-12-31,Construction Materials,160.0000,-23253.0000
2023-01-31,Construction Materials,-261.0000,-23514.0000
2023-02-28,Construction Materials,106.0000,-23408.0000
2023-03-31,Construction Materials,1423.0000,-21985.0000
2023-04-30,Construction Materials,452.0000,-21533.0000
2023-05-31,Construction Materials,1353.0000,-20180.0000
2023-06-30,Construction Materials,1851.0000,-18329.0000
2023-07-31,Construction Materials,467.0000,-17862.0000
2023-08-31,Construction Materials,386.0000,-17476.0000
2023-09-30,Construction Materials,-1293.0000,-18769.0000
2023-10-31,Construction Materials,397.0000,-18372.0000
2023-11-30,Construction Materials,797.0000,-17575.0000
2023-12-31,Construction Materials,3668.0000,-13907.0000
2024-01-31,Construction Materials,39.0000,-13868.0000
2024-02-29,Construction Materials,187.0000,-13681.0000
2024-03-31,Construction Materials,-490.0000,-14171.0000
2024-04-30,Construction Materials,-928.0000,-15099.0000
2024-05-31,Construction Materials,-1258.0000,-16357.0000
2024-06-30,Construction Materials,1777.0000,-14580.0000
2024-07-31,Construction Materials,680.0000,-13900.0000
2024-08-31,Construction Materials,-1142.0000,-15042.0000
2024-09-30,Construction Materials,-901.0000,-15943.0000
2024-10-31,Construction Materials,-3440.0000,-19383.0000
2024-11-30,Construction Materials,-2715.0000,-22098.0000
2024-12-31,Construction Materials,-370.0000,-22468.0000
2025-01-31,Construction Materials,-2070.0000,-24538.0000
2025-02-28,Construction Materials,-3844.0000,-28382.0000
2025-03-31,Construction Materials,-1597.0000,-29979.0000
2025-04-30,Construction Materials,-197.0000,-30176.0000
2025-05-31,Construction Materials,575.0000,-29601.0000
2025-06-30,Construction Materials,258.0000,-29343.0000
2025-07-31,Construction Materials,329.0000,-29014.0000
2025-08-31,Construction Materials,2475.0000,-26539.0000
2025-09-30,Construction Materials,-1413.0000,-27952.0000
2025-10-31,Construction Materials,-1292.0000,-29244.0000
2025-11-30,Construction Materials,-861.0000,-30105.0000
2025-12-31,Construction Materials,-1674.0000,-31779.0000
2026-01-31,Construction Materials,-857.0000,-32636.0000
2026-02-28,Construction Materials,321.0000,-32315.0000
2026-03-31,Construction Materials,-3144.0000,-35459.0000
2026-04-30,Construction Materials,-1271.0000,-36730.0000
2026-05-31,Construction Materials,-1641.0000,-38371.0000
2026-06-30,Construction Materials,-3076.0000,-41447.0000
2026-07-31,Construction Materials,2445.0000,-39002.0000
2026-08-31,Construction Materials,134.0000,-38868.0000
2016-09-30,Consumer Durables,-24.0000,-24.0000
2016-10-31,Consumer Durables,-90.0000,-114.0000
2016-11-30,Consumer Durables,3.0000,-111.0000
2016-12-31,Consumer Durables,36.0000,-75.0000
2017-01-31,Consumer Durables,-43.0000,-118.0000
2017-02-28,Consumer Durables,10.0000,-108.0000
2017-03-31,Consumer Durables,-21.0000,-129.0000
2017-04-30,Consumer Durables,8.0000,-121.0000
2017-05-31,Consumer Durables,-33.0000,-154.0000
2017-06-30,Consumer Durables,61.0000,-93.0000
2017-07-31,Consumer Durables,-14.0000,-107.0000
2017-08-31,Consumer Durables,-105.0000,-212.0000
2017-09-30,Consumer Durables,-14.0000,-226.0000
2017-10-31,Consumer Durables,-24.0000,-250.0000
2017-11-30,Consumer Durables,-178.0000,-428.0000
2017-12-31,Consumer Durables,-156.0000,-584.0000
2018-01-31,Consumer Durables,43.0000,-541.0000
2018-02-28,Consumer Durables,-74.0000,-615.0000
2018-03-31,Consumer Durables,-401.0000,-1016.0000
2018-04-30,Consumer Durables,-365.0000,-1381.0000
2018-05-31,Consumer Durables,-1016.0000,-2397.0000
2018-06-30,Consumer Durables,-800.0000,-3197.0000
2018-07-31,Consumer Durables,-154.0000,-3351.0000
2018-08-31,Consumer Durables,341.0000,-3010.0000
2018-09-30,Consumer Durables,-251.0000,-3261.0000
2018-10-31,Consumer Durables,-216.0000,-3477.0000
2018-11-30,Consumer Durables,552.0000,-2925.0000
2018-12-31,Consumer Durables,-56.0000,-2981.0000
2019-01-31,Consumer Durables,64.0000,-2917.0000
2019-02-28,Consumer Durables,97.0000,-2820.0000
2019-03-31,Consumer Durables,537.0000,-2283.0000
2019-04-30,Consumer Durables,404.0000,-1879.0000
2019-05-31,Consumer Durables,-171.0000,-2050.0000
2019-06-30,Consumer Durables,66.0000,-1984.0000
2019-07-31,Consumer Durables,-99.0000,-2083.0000
2019-08-31,Consumer Durables,-297.0000,-2380.0000
2019-09-30,Consumer Durables,223.0000,-2157.0000
2019-10-31,Consumer Durables,743.0000,-1414.0000
2019-11-30,Consumer Durables,219.0000,-1195.0000
2019-12-31,Consumer Durables,789.0000,-406.0000
2020-01-31,Consumer Durables,-196.0000,-602.0000
2020-02-29,Consumer Durables,-251.0000,-853.0000
2020-03-31,Consumer Durables,74.0000,-779.0000
2020-04-30,Consumer Durables,379.0000,-400.0000
2020-05-31,Consumer Durables,270.0000,-130.0000
2020-06-30,Consumer Durables,1029.0000,899.0000
2020-07-31,Consumer Durables,1047.0000,1946.0000
2020-08-31,Consumer Durables,1518.0000,3464.0000
2020-09-30,Consumer Durables,1480.0000,4944.0000
2020-10-31,Consumer Durables,831.0000,5775.0000
2020-11-30,Consumer Durables,2175.0000,7950.0000
2020-12-31,Consumer Durables,2083.0000,10033.0000
2021-01-31,Consumer Durables,-721.0000,9312.0000
2021-02-28,Consumer Durables,764.0000,10076.0000
2021-03-31,Consumer Durables,-321.0000,9755.0000
2021-04-30,Consumer Durables,-481.0000,9274.0000
2021-05-31,Consumer Durables,680.0000,9954.0000
2021-06-30,Consumer Durables,1347.0000,11301.0000
2021-07-31,Consumer Durables,1575.0000,12876.0000
2021-08-31,Consumer Durables,1308.0000,14184.0000
2021-09-30,Consumer Durables,2151.0000,16335.0000
2021-10-31,Consumer Durables,-316.0000,16019.0000
2021-11-30,Consumer Durables,-279.0000,15740.0000
2021-12-31,Consumer Durables,-496.0000,15244.0000
2022-01-31,Consumer Durables,-1601.0000,13643.0000
2022-02-28,Consumer Durables,-1003.0000,12640.0000
2022-03-31,Consumer Durables,-2735.0000,9905.0000
2022-04-30,Consumer Durables,150.0000,10055.0000
2022-05-31,Consumer Durables,-2705.0000,7350.0000
2022-06-30,Consumer Durables,-5228.0000,2122.0000
2022-07-31,Consumer Durables,59.0000,2181.0000
2022-08-31,Consumer Durables,2063.0000,4244.0000
2022-09-30,Consumer Durables,-1.0000,4243.0000
2022-10-31,Consumer Durables,87.0000,4330.0000
2022-11-30,Consumer Durables,-1275.0000,3055.0000
2022-12-31,Consumer Durables,-546.0000,2509.0000
2023-01-31,Consumer Durables,-2777.0000,-268.0000
2023-02-28,Consumer Durables,-1384.0000,-1652.0000
2023-03-31,Consumer Durables,261.0000,-1391.0000
2023-04-30,Consumer Durables,-177.0000,-1568.0000
2023-05-31,Consumer Durables,1064.0000,-504.0000
2023-06-30,Consumer Durables,4089.0000,3585.0000
2023-07-31,Consumer Durables,2408.0000,5993.0000
2023-08-31,Consumer Durables,720.0000,6713.0000
2023-09-30,Consumer Durables,115.0000,6828.0000
2023-10-31,Consumer Durables,-1362.0000,5466.0000
2023-11-30,Consumer Durables,-364.0000,5102.0000
2023-12-31,Consumer Durables,1139.0000,6241.0000
2024-01-31,Consumer Durables,-1059.0000,5182.0000
2024-02-29,Consumer Durables,1111.0000,6293.0000
2024-03-31,Consumer Durables,-1342.0000,4951.0000
2024-04-30,Consumer Durables,-1735.0000,3216.0000
2024-05-31,Consumer Durables,-761.0000,2455.0000
2024-06-30,Consumer Durables,85.0000,2540.0000
2024-07-31,Consumer Durables,-188.0000,2352.0000
2024-08-31,Consumer Durables,4713.0000,7065.0000
2024-09-30,Consumer Durables,3736.0000,10801.0000
2024-10-31,Consumer Durables,-2863.0000,7938.0000
2024-11-30,Consumer Durables,-7.0000,7931.0000
2024-12-31,Consumer Durables,-900.0000,7031.0000
2025-01-31,Consumer Durables,-3800.0000,3231.0000
2025-02-28,Consumer Durables,-2290.0000,941.0000
2025-03-31,Consumer Durables,-1518.0000,-577.0000
2025-04-30,Consumer Durables,-61.0000,-638.0000
2025-05-31,Consumer Durables,-1734.0000,-2372.0000
2025-06-30,Consumer Durables,-2493.0000,-4865.0000
2025-07-31,Consumer Durables,-2614.0000,-7479.0000
2025-08-31,Consumer Durables,-1969.0000,-9448.0000
2025-09-30,Consumer Durables,-3627.0000,-13075.0000
2025-10-31,Consumer Durables,-1756.0000,-14831.0000
2025-11-30,Consumer Durables,-106.0000,-14937.0000
2025-12-31,Consumer Durables,599.0000,-14338.0000
2026-01-31,Consumer Durables,-1050.0000,-15388.0000
2026-02-28,Consumer Durables,-756.0000,-16144.0000
2026-03-31,Consumer Durables,-2902.0000,-19046.0000
2026-04-30,Consumer Durables,80.0000,-18966.0000
2026-05-31,Consumer Durables,-1449.0000,-20415.0000
2026-06-30,Consumer Durables,1930.0000,-18485.0000
2026-07-31,Consumer Durables,7342.0000,-11143.0000
2026-08-31,Consumer Durables,3903.0000,-7240.0000
2016-09-30,Consumer Services,-59.0000,-59.0000
2016-10-31,Consumer Services,-127.0000,-186.0000
2016-11-30,Consumer Services,-82.0000,-268.0000
2016-12-31,Consumer Services,-81.0000,-349.0000
2017-01-31,Consumer Services,314.0000,-35.0000
2017-02-28,Consumer Services,92.0000,57.0000
2017-03-31,Consumer Services,285.0000,342.0000
2017-04-30,Consumer Services,81.0000,423.0000
2017-05-31,Consumer Services,48.0000,471.0000
2017-06-30,Consumer Services,159.0000,630.0000
2017-07-31,Consumer Services,192.0000,822.0000
2017-08-31,Consumer Services,-33.0000,789.0000
2017-09-30,Consumer Services,157.0000,946.0000
2017-10-31,Consumer Services,208.0000,1154.0000
2017-11-30,Consumer Services,392.0000,1546.0000
2017-12-31,Consumer Services,153.0000,1699.0000
2018-01-31,Consumer Services,578.0000,2277.0000
2018-02-28,Consumer Services,62.0000,2339.0000
2018-03-31,Consumer Services,826.0000,3165.0000
2018-04-30,Consumer Services,358.0000,3523.0000
2018-05-31,Consumer Services,1281.0000,4804.0000
2018-06-30,Consumer Services,248.0000,5052.0000
2018-07-31,Consumer Services,310.0000,5362.0000
2018-08-31,Consumer Services,134.0000,5496.0000
2018-09-30,Consumer Services,-467.0000,5029.0000
2018-10-31,Consumer Services,-475.0000,4554.0000
2018-11-30,Consumer Services,-466.0000,4088.0000
2018-12-31,Consumer Services,333.0000,4421.0000
2019-01-31,Consumer Services,-301.0000,4120.0000
2019-02-28,Consumer Services,40.0000,4160.0000
2019-03-31,Consumer Services,335.0000,4495.0000
2019-04-30,Consumer Services,-615.0000,3880.0000
2019-05-31,Consumer Services,16.0000,3896.0000
2019-06-30,Consumer Services,-74.0000,3822.0000
2019-07-31,Consumer Services,869.0000,4691.0000
2019-08-31,Consumer Services,264.0000,4955.0000
2019-09-30,Consumer Services,77.0000,5032.0000
2019-10-31,Consumer Services,149.0000,5181.0000
2019-11-30,Consumer Services,365.0000,5546.0000
2019-12-31,Consumer Services,9.0000,5555.0000
2020-01-31,Consumer Services,199.0000,5754.0000
2020-02-29,Consumer Services,2072.0000,7826.0000
2020-03-31,Consumer Services,-1100.0000,6726.0000
2020-04-30,Consumer Services,-85.0000,6641.0000
2020-05-31,Consumer Services,663.0000,7304.0000
2020-06-30,Consumer Services,1358.0000,8662.0000
2020-07-31,Consumer Services,2.0000,8664.0000
2020-08-31,Consumer Services,1155.0000,9819.0000
2020-09-30,Consumer Services,-663.0000,9156.0000
2020-10-31,Consumer Services,68.0000,9224.0000
2020-11-30,Consumer Services,1546.0000,10770.0000
2020-12-31,Consumer Services,3393.0000,14163.0000
2021-01-31,Consumer Services,565.0000,14728.0000
2021-02-28,Consumer Services,2166.0000,16894.0000
2021-03-31,Consumer Services,-173.0000,16721.0000
2021-04-30,Consumer Services,-452.0000,16269.0000
2021-05-31,Consumer Services,-813.0000,15456.0000
2021-06-30,Consumer Services,246.0000,15702.0000
2021-07-31,Consumer Services,5458.0000,21160.0000
2021-08-31,Consumer Services,2112.0000,23272.0000
2021-09-30,Consumer Services,787.0000,24059.0000
2021-10-31,Consumer Services,-515.0000,23544.0000
2021-11-30,Consumer Services,24235.0000,47779.0000
2021-12-31,Consumer Services,-1639.0000,46140.0000
2022-01-31,Consumer Services,-5216.0000,40924.0000
2022-02-28,Consumer Services,-1758.0000,39166.0000
2022-03-31,Consumer Services,-2180.0000,36986.0000
2022-04-30,Consumer Services,451.0000,37437.0000
2022-05-31,Consumer Services,-1722.0000,35715.0000
2022-06-30,Consumer Services,-1255.0000,34460.0000
2022-07-31,Consumer Services,211.0000,34671.0000
2022-08-31,Consumer Services,5495.0000,40166.0000
2022-09-30,Consumer Services,2421.0000,42587.0000
2022-10-31,Consumer Services,218.0000,42805.0000
2022-11-30,Consumer Services,2837.0000,45642.0000
2022-12-31,Consumer Services,3650.0000,49292.0000
2023-01-31,Consumer Services,-1560.0000,47732.0000
2023-02-28,Consumer Services,-224.0000,47508.0000
2023-03-31,Consumer Services,110.0000,47618.0000
2023-04-30,Consumer Services,100.0000,47718.0000
2023-05-31,Consumer Services,2865.0000,50583.0000
2023-06-30,Consumer Services,2289.0000,52872.0000
2023-07-31,Consumer Services,794.0000,53666.0000
2023-08-31,Consumer Services,2035.0000,55701.0000
2023-09-30,Consumer Services,3428.0000,59129.0000
2023-10-31,Consumer Services,-185.0000,58944.0000
2023-11-30,Consumer Services,4370.0000,63314.0000
2023-12-31,Consumer Services,3393.0000,66707.0000
2024-01-31,Consumer Services,918.0000,67625.0000
2024-02-29,Consumer Services,7538.0000,75163.0000
2024-03-31,Consumer Services,4641.0000,79804.0000
2024-04-30,Consumer Services,1327.0000,81131.0000
2024-05-31,Consumer Services,2759.0000,83890.0000
2024-06-30,Consumer Services,4704.0000,88594.0000
2024-07-31,Consumer Services,3429.0000,92023.0000
2024-08-31,Consumer Services,4158.0000,96181.0000
2024-09-30,Consumer Services,-2940.0000,93241.0000
2024-10-31,Consumer Services,-8863.0000,84378.0000
2024-11-30,Consumer Services,-158.0000,84220.0000
2024-12-31,Consumer Services,3220.0000,87440.0000
2025-01-31,Consumer Services,-8347.0000,79093.0000
2025-02-28,Consumer Services,-2857.0000,76236.0000
2025-03-31,Consumer Services,-3058.0000,73178.0000
2025-04-30,Consumer Services,1797.0000,74975.0000
2025-05-31,Consumer Services,-491.0000,74484.0000
2025-06-30,Consumer Services,1348.0000,75832.0000
2025-07-31,Consumer Services,3017.0000,78849.0000
2025-08-31,Consumer Services,-458.0000,78391.0000
2025-09-30,Consumer Services,-3360.0000,75031.0000
2025-10-31,Consumer Services,-3462.0000,71569.0000
2025-11-30,Consumer Services,-3993.0000,67576.0000
2025-12-31,Consumer Services,3340.0000,70916.0000
2026-01-31,Consumer Services,-5513.0000,65403.0000
2026-02-28,Consumer Services,-4172.0000,61231.0000
2026-03-31,Consumer Services,-2141.0000,59090.0000
2026-04-30,Consumer Services,-7770.0000,51320.0000
2026-05-31,Consumer Services,-1995.0000,49325.0000
2026-06-30,Consumer Services,1229.0000,50554.0000
2026-07-31,Consumer Services,10201.0000,60755.0000
2026-08-31,Consumer Services,8417.0000,69172.0000
2016-09-30,Diversified,41.0000,41.0000
2016-10-31,Diversified,-35.0000,6.0000
2016-11-30,Diversified,-109.0000,-103.0000
2016-12-31,Diversified,-36.0000,-139.0000
2017-01-31,Diversified,-82.0000,-221.0000
2017-02-28,Diversified,106.0000,-115.0000
2017-03-31,Diversified,228.0000,113.0000
2017-04-30,Diversified,10.0000,123.0000
2017-05-31,Diversified,-16.0000,107.0000
2017-06-30,Diversified,-20.0000,87.0000
2017-07-31,Diversified,49.0000,136.0000
2017-08-31,Diversified,11.0000,147.0000
2017-09-30,Diversified,2.0000,149.0000
2017-10-31,Diversified,-6.0000,143.0000
2017-11-30,Diversified,85.0000,228.0000
2017-12-31,Diversified,35.0000,263.0000
2018-01-31,Diversified,65.0000,328.0000
2018-02-28,Diversified,57.0000,385.0000
2018-03-31,Diversified,9.0000,394.0000
2018-04-30,Diversified,-32.0000,362.0000
2018-05-31,Diversified,-42.0000,320.0000
2018-06-30,Diversified,-33.0000,287.0000
2018-07-31,Diversified,-20.0000,267.0000
2018-08-31,Diversified,-94.0000,173.0000
2018-09-30,Diversified,2.0000,175.0000
2018-10-31,Diversified,1.0000,176.0000
2018-11-30,Diversified,-15.0000,161.0000
2018-12-31,Diversified,-63.0000,98.0000
2019-01-31,Diversified,-24.0000,74.0000
2019-02-28,Diversified,16.0000,90.0000
2019-03-31,Diversified,-105.0000,-15.0000
2019-04-30,Diversified,1.0000,-14.0000
2019-05-31,Diversified,52.0000,38.0000
2019-06-30,Diversified,54.0000,92.0000
2019-07-31,Diversified,82.0000,174.0000
2019-08-31,Diversified,21.0000,195.0000
2019-09-30,Diversified,-285.0000,-90.0000
2019-10-31,Diversified,-379.0000,-469.0000
2019-11-30,Diversified,0.0000,-469.0000
2019-12-31,Diversified,1.0000,-468.0000
2020-01-31,Diversified,-163.0000,-631.0000
2020-02-29,Diversified,56.0000,-575.0000
2020-03-31,Diversified,-158.0000,-733.0000
2020-04-30,Diversified,-107.0000,-840.0000
2020-05-31,Diversified,-22.0000,-862.0000
2020-06-30,Diversified,-460.0000,-1322.0000
2020-07-31,Diversified,29.0000,-1293.0000
2020-08-31,Diversified,88.0000,-1205.0000
2020-09-30,Diversified,6.0000,-1199.0000
2020-10-31,Diversified,172.0000,-1027.0000
2020-11-30,Diversified,203.0000,-824.0000
2020-12-31,Diversified,268.0000,-556.0000
2021-01-31,Diversified,-61.0000,-617.0000
2021-02-28,Diversified,-63.0000,-680.0000
2021-03-31,Diversified,-133.0000,-813.0000
2021-04-30,Diversified,-170.0000,-983.0000
2021-05-31,Diversified,-21.0000,-1004.0000
2021-06-30,Diversified,326.0000,-678.0000
2021-07-31,Diversified,143.0000,-535.0000
2021-08-31,Diversified,657.0000,122.0000
2021-09-30,Diversified,196.0000,318.0000
2021-10-31,Diversified,-146.0000,172.0000
2021-11-30,Diversified,232.0000,404.0000
2021-12-31,Diversified,47.0000,451.0000
2022-01-31,Diversified,0.0000,451.0000
2022-02-28,Diversified,369.0000,820.0000
2022-03-31,Diversified,-12.0000,808.0000
2022-04-30,Diversified,11.0000,819.0000
2022-05-31,Diversified,-46.0000,773.0000
2022-06-30,Diversified,15.0000,788.0000
2022-07-31,Diversified,-4.0000,784.0000
2022-08-31,Diversified,21.0000,805.0000
2022-09-30,Diversified,7.0000,812.0000
2022-10-31,Diversified,-24.0000,788.0000
2022-11-30,Diversified,15.0000,803.0000
2022-12-31,Diversified,4.0000,807.0000
2023-01-31,Diversified,90.0000,897.0000
2023-02-28,Diversified,-182.0000,715.0000
2023-03-31,Diversified,7.0000,722.0000
2023-04-30,Diversified,45.0000,767.0000
2023-05-31,Diversified,-22.0000,745.0000
2023-06-30,Diversified,13.0000,758.0000
2023-07-31,Diversified,-47.0000,711.0000
2023-08-31,Diversified,29.0000,740.0000
2023-09-30,Diversified,-54.0000,686.0000
2023-10-31,Diversified,-104.0000,582.0000
2023-11-30,Diversified,-42.0000,540.0000
2023-12-31,Diversified,56.0000,596.0000
2024-01-31,Diversified,-245.0000,351.0000
2024-02-29,Diversified,-97.0000,254.0000
2024-03-31,Diversified,137.0000,391.0000
2024-04-30,Diversified,53.0000,444.0000
2024-05-31,Diversified,51.0000,495.0000
2024-06-30,Diversified,117.0000,612.0000
2024-07-31,Diversified,370.0000,982.0000
2024-08-31,Diversified,-54.0000,928.0000
2024-09-30,Diversified,-8.0000,920.0000
2024-10-31,Diversified,21.0000,941.0000
2024-11-30,Diversified,-23.0000,918.0000
2024-12-31,Diversified,-197.0000,721.0000
2025-01-31,Diversified,227.0000,948.0000
2025-02-28,Diversified,-251.0000,697.0000
2025-03-31,Diversified,-317.0000,380.0000
2025-04-30,Diversified,33.0000,413.0000
2025-05-31,Diversified,-112.0000,301.0000
2025-06-30,Diversified,-455.0000,-154.0000
2025-07-31,Diversified,-57.0000,-211.0000
2025-08-31,Diversified,-113.0000,-324.0000
2025-09-30,Diversified,-220.0000,-544.0000
2025-10-31,Diversified,-104.0000,-648.0000
2025-11-30,Diversified,56.0000,-592.0000
2025-12-31,Diversified,-109.0000,-701.0000
2026-01-31,Diversified,-9.0000,-710.0000
2026-02-28,Diversified,0.0000,-710.0000
2026-03-31,Diversified,-21.0000,-731.0000
2026-04-30,Diversified,8.0000,-723.0000
2026-05-31,Diversified,19.0000,-704.0000
2026-06-30,Diversified,-6.0000,-710.0000
2026-07-31,Diversified,28.0000,-682.0000
2026-08-31,Diversified,-22.0000,-704.0000
2016-09-30,Fast Moving Consumer Goods,-440.0000,-440.0000
2016-10-31,Fast Moving Consumer Goods,-1222.0000,-1662.0000
2016-11-30,Fast Moving Consumer Goods,-1392.0000,-3054.0000
2016-12-31,Fast Moving Consumer Goods,-2051.0000,-5105.0000
2017-01-31,Fast Moving Consumer Goods,-302.0000,-5407.0000
2017-02-28,Fast Moving Consumer Goods,-1105.0000,-6512.0000
2017-03-31,Fast Moving Consumer Goods,418.0000,-6094.0000
2017-04-30,Fast Moving Consumer Goods,478.0000,-5616.0000
2017-05-31,Fast Moving Consumer Goods,-199.0000,-5815.0000
2017-06-30,Fast Moving Consumer Goods,-793.0000,-6608.0000
2017-07-31,Fast Moving Consumer Goods,-323.0000,-6931.0000
2017-08-31,Fast Moving Consumer Goods,-1265.0000,-8196.0000
2017-09-30,Fast Moving Consumer Goods,-2794.0000,-10990.0000
2017-10-31,Fast Moving Consumer Goods,-1335.0000,-12325.0000
2017-11-30,Fast Moving Consumer Goods,-685.0000,-13010.0000
2017-12-31,Fast Moving Consumer Goods,5.0000,-13005.0000
2018-01-31,Fast Moving Consumer Goods,-156.0000,-13161.0000
2018-02-28,Fast Moving Consumer Goods,-1524.0000,-14685.0000
2018-03-31,Fast Moving Consumer Goods,-150.0000,-14835.0000
2018-04-30,Fast Moving Consumer Goods,-555.0000,-15390.0000
2018-05-31,Fast Moving Consumer Goods,-1167.0000,-16557.0000
2018-06-30,Fast Moving Consumer Goods,-2108.0000,-18665.0000
2018-07-31,Fast Moving Consumer Goods,-897.0000,-19562.0000
2018-08-31,Fast Moving Consumer Goods,459.0000,-19103.0000
2018-09-30,Fast Moving Consumer Goods,-192.0000,-19295.0000
2018-10-31,Fast Moving Consumer Goods,-1835.0000,-21130.0000
2018-11-30,Fast Moving Consumer Goods,995.0000,-20135.0000
2018-12-31,Fast Moving Consumer Goods,424.0000,-19711.0000
2019-01-31,Fast Moving Consumer Goods,816.0000,-18895.0000
2019-02-28,Fast Moving Consumer Goods,-1414.0000,-20309.0000
2019-03-31,Fast Moving Consumer Goods,1439.0000,-18870.0000
2019-04-30,Fast Moving Consumer Goods,970.0000,-17900.0000
2019-05-31,Fast Moving Consumer Goods,-682.0000,-18582.0000
2019-06-30,Fast Moving Consumer Goods,-761.0000,-19343.0000
2019-07-31,Fast Moving Consumer Goods,-1692.0000,-21035.0000
2019-08-31,Fast Moving Consumer Goods,-1471.0000,-22506.0000
2019-09-30,Fast Moving Consumer Goods,-1050.0000,-23556.0000
2019-10-31,Fast Moving Consumer Goods,-120.0000,-23676.0000
2019-11-30,Fast Moving Consumer Goods,-1798.0000,-25474.0000
2019-12-31,Fast Moving Consumer Goods,-1694.0000,-27168.0000
2020-01-31,Fast Moving Consumer Goods,-1769.0000,-28937.0000
2020-02-29,Fast Moving Consumer Goods,-2938.0000,-31875.0000
2020-03-31,Fast Moving Consumer Goods,-3553.0000,-35428.0000
2020-04-30,Fast Moving Consumer Goods,2928.0000,-32500.0000
2020-05-31,Fast Moving Consumer Goods,15153.0000,-17347.0000
2020-06-30,Fast Moving Consumer Goods,-2407.0000,-19754.0000
2020-07-31,Fast Moving Consumer Goods,-788.0000,-20542.0000
2020-08-31,Fast Moving Consumer Goods,-822.0000,-21364.0000
2020-09-30,Fast Moving Consumer Goods,-2463.0000,-23827.0000
2020-10-31,Fast Moving Consumer Goods,1473.0000,-22354.0000
2020-11-30,Fast Moving Consumer Goods,3225.0000,-19129.0000
2020-12-31,Fast Moving Consumer Goods,4887.0000,-14242.0000
2021-01-31,Fast Moving Consumer Goods,987.0000,-13255.0000
2021-02-28,Fast Moving Consumer Goods,-2956.0000,-16211.0000
2021-03-31,Fast Moving Consumer Goods,1747.0000,-14464.0000
2021-04-30,Fast Moving Consumer Goods,2811.0000,-11653.0000
2021-05-31,Fast Moving Consumer Goods,-25.0000,-11678.0000
2021-06-30,Fast Moving Consumer Goods,-451.0000,-12129.0000
2021-07-31,Fast Moving Consumer Goods,-1026.0000,-13155.0000
2021-08-31,Fast Moving Consumer Goods,785.0000,-12370.0000
2021-09-30,Fast Moving Consumer Goods,1569.0000,-10801.0000
2021-10-31,Fast Moving Consumer Goods,-1802.0000,-12603.0000
2021-11-30,Fast Moving Consumer Goods,-4311.0000,-16914.0000
2021-12-31,Fast Moving Consumer Goods,-3206.0000,-20120.0000
2022-01-31,Fast Moving Consumer Goods,-712.0000,-20832.0000
2022-02-28,Fast Moving Consumer Goods,-2257.0000,-23089.0000
2022-03-31,Fast Moving Consumer Goods,283.0000,-22806.0000
2022-04-30,Fast Moving Consumer Goods,1756.0000,-21050.0000
2022-05-31,Fast Moving Consumer Goods,-567.0000,-21617.0000
2022-06-30,Fast Moving Consumer Goods,-2433.0000,-24050.0000
2022-07-31,Fast Moving Consumer Goods,4275.0000,-19775.0000
2022-08-31,Fast Moving Consumer Goods,3495.0000,-16280.0000
2022-09-30,Fast Moving Consumer Goods,2765.0000,-13515.0000
2022-10-31,Fast Moving Consumer Goods,-700.0000,-14215.0000
2022-11-30,Fast Moving Consumer Goods,3956.0000,-10259.0000
2022-12-31,Fast Moving Consumer Goods,4019.0000,-6240.0000
2023-01-31,Fast Moving Consumer Goods,-907.0000,-7147.0000
2023-02-28,Fast Moving Consumer Goods,-244.0000,-7391.0000
2023-03-31,Fast Moving Consumer Goods,1765.0000,-5626.0000
2023-04-30,Fast Moving Consumer Goods,1150.0000,-4476.0000
2023-05-31,Fast Moving Consumer Goods,3235.0000,-1241.0000
2023-06-30,Fast Moving Consumer Goods,2216.0000,975.0000
2023-07-31,Fast Moving Consumer Goods,4020.0000,4995.0000
2023-08-31,Fast Moving Consumer Goods,-2612.0000,2383.0000
2023-09-30,Fast Moving Consumer Goods,-1791.0000,592.0000
2023-10-31,Fast Moving Consumer Goods,-2792.0000,-2200.0000
2023-11-30,Fast Moving Consumer Goods,-1699.0000,-3899.0000
2023-12-31,Fast Moving Consumer Goods,495.0000,-3404.0000
2024-01-31,Fast Moving Consumer Goods,-2650.0000,-6054.0000
2024-02-29,Fast Moving Consumer Goods,-4472.0000,-10526.0000
2024-03-31,Fast Moving Consumer Goods,6241.0000,-4285.0000
2024-04-30,Fast Moving Consumer Goods,-7914.0000,-12199.0000
2024-05-31,Fast Moving Consumer Goods,-4173.0000,-16372.0000
2024-06-30,Fast Moving Consumer Goods,-922.0000,-17294.0000
2024-07-31,Fast Moving Consumer Goods,975.0000,-16319.0000
2024-08-31,Fast Moving Consumer Goods,3600.0000,-12719.0000
2024-09-30,Fast Moving Consumer Goods,4900.0000,-7819.0000
2024-10-31,Fast Moving Consumer Goods,-11582.0000,-19401.0000
2024-11-30,Fast Moving Consumer Goods,-1405.0000,-20806.0000
2024-12-31,Fast Moving Consumer Goods,-2789.0000,-23595.0000
2025-01-31,Fast Moving Consumer Goods,-5428.0000,-29023.0000
2025-02-28,Fast Moving Consumer Goods,-6904.0000,-35927.0000
2025-03-31,Fast Moving Consumer Goods,-5593.0000,-41520.0000
2025-04-30,Fast Moving Consumer Goods,2917.0000,-38603.0000
2025-05-31,Fast Moving Consumer Goods,815.0000,-37788.0000
2025-06-30,Fast Moving Consumer Goods,-3985.0000,-41773.0000
2025-07-31,Fast Moving Consumer Goods,1558.0000,-40215.0000
2025-08-31,Fast Moving Consumer Goods,-1097.0000,-41312.0000
2025-09-30,Fast Moving Consumer Goods,-4202.0000,-45514.0000
2025-10-31,Fast Moving Consumer Goods,-4259.0000,-49773.0000
2025-11-30,Fast Moving Consumer Goods,-4764.0000,-54537.0000
2025-12-31,Fast Moving Consumer Goods,-5844.0000,-60381.0000
2026-01-31,Fast Moving Consumer Goods,-7497.0000,-67878.0000
2026-02-28,Fast Moving Consumer Goods,-1951.0000,-69829.0000
2026-03-31,Fast Moving Consumer Goods,-5419.0000,-75248.0000
2026-04-30,Fast Moving Consumer Goods,-3205.0000,-78453.0000
2026-05-31,Fast Moving Consumer Goods,-3561.0000,-82014.0000
2026-06-30,Fast Moving Consumer Goods,-5537.0000,-87551.0000
2026-07-31,Fast Moving Consumer Goods,-628.0000,-88179.0000
2026-08-31,Fast Moving Consumer Goods,-1916.0000,-90095.0000
2016-09-30,Financial Services,2885.0000,2885.0000
2016-10-31,Financial Services,-485.0000,2400.0000
2016-11-30,Financial Services,-1365.0000,1035.0000
2016-12-31,Financial Services,-1433.0000,-398.0000
2017-01-31,Financial Services,1429.0000,1031.0000
2017-02-28,Financial Services,10694.0000,11725.0000
2017-03-31,Financial Services,7705.0000,19430.0000
2017-04-30,Financial Services,4080.0000,23510.0000
2017-05-31,Financial Services,7258.0000,30768.0000
2017-06-30,Financial Services,5583.0000,36351.0000
2017-07-31,Financial Services,824.0000,37175.0000
2017-08-31,Financial Services,-2431.0000,34744.0000
2017-09-30,Financial Services,-298.0000,34446.0000
2017-10-31,Financial Services,-3686.0000,30760.0000
2017-11-30,Financial Services,-1523.0000,29237.0000
2017-12-31,Financial Services,3577.0000,32814.0000
2018-01-31,Financial Services,2859.0000,35673.0000
2018-02-28,Financial Services,4005.0000,39678.0000
2018-03-31,Financial Services,2813.0000,42491.0000
2018-04-30,Financial Services,-1541.0000,40950.0000
2018-05-31,Financial Services,-1041.0000,39909.0000
2018-06-30,Financial Services,-211.0000,39698.0000
2018-07-31,Financial Services,-17.0000,39681.0000
2018-08-31,Financial Services,-1399.0000,38282.0000
2018-09-30,Financial Services,-6378.0000,31904.0000
2018-10-31,Financial Services,-8205.0000,23699.0000
2018-11-30,Financial Services,1621.0000,25320.0000
2018-12-31,Financial Services,358.0000,25678.0000
2019-01-31,Financial Services,-3121.0000,22557.0000
2019-02-28,Financial Services,10326.0000,32883.0000
2019-03-31,Financial Services,15802.0000,48685.0000
2019-04-30,Financial Services,5561.0000,54246.0000
2019-05-31,Financial Services,4480.0000,58726.0000
2019-06-30,Financial Services,603.0000,59329.0000
2019-07-31,Financial Services,-6698.0000,52631.0000
2019-08-31,Financial Services,-13090.0000,39541.0000
2019-09-30,Financial Services,987.0000,40528.0000
2019-10-31,Financial Services,2806.0000,43334.0000
2019-11-30,Financial Services,16779.0000,60113.0000
2019-12-31,Financial Services,3679.0000,63792.0000
2020-01-31,Financial Services,-1313.0000,62479.0000
2020-02-29,Financial Services,-1568.0000,60911.0000
2020-03-31,Financial Services,-19956.0000,40955.0000
2020-04-30,Financial Services,-753.0000,40202.0000
2020-05-31,Financial Services,-6997.0000,33205.0000
2020-06-30,Financial Services,12661.0000,45866.0000
2020-07-31,Financial Services,-1971.0000,43895.0000
2020-08-31,Financial Services,9562.0000,53457.0000
2020-09-30,Financial Services,-1896.0000,51561.0000
2020-10-31,Financial Services,9446.0000,61007.0000
2020-11-30,Financial Services,29074.0000,90081.0000
2020-12-31,Financial Services,17201.0000,107282.0000
2021-01-31,Financial Services,-2518.0000,104764.0000
2021-02-28,Financial Services,14266.0000,119030.0000
2021-03-31,Financial Services,-884.0000,118146.0000
2021-04-30,Financial Services,-8376.0000,109770.0000
2021-05-31,Financial Services,4808.0000,114578.0000
2021-06-30,Financial Services,2471.0000,117049.0000
2021-07-31,Financial Services,-10767.0000,106282.0000
2021-08-31,Financial Services,-1370.0000,104912.0000
2021-09-30,Financial Services,1428.0000,106340.0000
2021-10-31,Financial Services,-1557.0000,104783.0000
2021-11-30,Financial Services,-15773.0000,89010.0000
2021-12-31,Financial Services,-12113.0000,76897.0000
2022-01-31,Financial Services,-7144.0000,69753.0000
2022-02-28,Financial Services,-10031.0000,59722.0000
2022-03-31,Financial Services,-23974.0000,35748.0000
2022-04-30,Financial Services,-12891.0000,22857.0000
2022-05-31,Financial Services,-12016.0000,10841.0000
2022-06-30,Financial Services,-13615.0000,-2774.0000
2022-07-31,Financial Services,1014.0000,-1760.0000
2022-08-31,Financial Services,12799.0000,11039.0000
2022-09-30,Financial Services,-1673.0000,9366.0000
2022-10-31,Financial Services,-4686.0000,4680.0000
2022-11-30,Financial Services,14205.0000,18885.0000
2022-12-31,Financial Services,2597.0000,21482.0000
2023-01-31,Financial Services,-15204.0000,6278.0000
2023-02-28,Financial Services,105.0000,6383.0000
2023-03-31,Financial Services,-556.0000,5827.0000
2023-04-30,Financial Services,7690.0000,13517.0000
2023-05-31,Financial Services,17671.0000,31188.0000
2023-06-30,Financial Services,18704.0000,49892.0000
2023-07-31,Financial Services,11514.0000,61406.0000
2023-08-31,Financial Services,-6493.0000,54913.0000
2023-09-30,Financial Services,2861.0000,57774.0000
2023-10-31,Financial Services,-11804.0000,45970.0000
2023-11-30,Financial Services,-3993.0000,41977.0000
2023-12-31,Financial Services,29168.0000,71145.0000
2024-01-31,Financial Services,-30013.0000,41132.0000
2024-02-29,Financial Services,-9977.0000,31155.0000
2024-03-31,Financial Services,3465.0000,34620.0000
2024-04-30,Financial Services,-9338.0000,25282.0000
2024-05-31,Financial Services,-8583.0000,16699.0000
2024-06-30,Financial Services,9170.0000,25869.0000
2024-07-31,Financial Services,-7648.0000,18221.0000
2024-08-31,Financial Services,-12008.0000,6213.0000
2024-09-30,Financial Services,27200.0000,33413.0000
2024-10-31,Financial Services,-26139.0000,7274.0000
2024-11-30,Financial Services,2505.0000,9779.0000
2024-12-31,Financial Services,3086.0000,12865.0000
2025-01-31,Financial Services,-24949.0000,-12084.0000
2025-02-28,Financial Services,-6991.0000,-19075.0000
2025-03-31,Financial Services,14274.0000,-4801.0000
2025-04-30,Financial Services,18409.0000,13608.0000
2025-05-31,Financial Services,4028.0000,17636.0000
2025-06-30,Financial Services,8946.0000,26582.0000
2025-07-31,Financial Services,-5900.0000,20682.0000
2025-08-31,Financial Services,-23288.0000,-2606.0000
2025-09-30,Financial Services,992.0000,-1614.0000
2025-10-31,Financial Services,13279.0000,11665.0000
2025-11-30,Financial Services,-3178.0000,8487.0000
2025-12-31,Financial Services,-10525.0000,-2038.0000
2026-01-31,Financial Services,-8592.0000,-10630.0000
2026-02-28,Financial Services,8418.0000,-2212.0000
2026-03-31,Financial Services,-60655.0000,-62867.0000
2026-04-30,Financial Services,-30856.0000,-93723.0000
2026-05-31,Financial Services,-23141.0000,-116864.0000
2026-06-30,Financial Services,3371.0000,-113493.0000
2026-07-31,Financial Services,-694.0000,-114187.0000
2026-08-31,Financial Services,10494.0000,-103693.0000
2016-09-30,Forest Materials,10.0000,10.0000
2016-10-31,Forest Materials,-6.0000,4.0000
2016-11-30,Forest Materials,31.0000,35.0000
2016-12-31,Forest Materials,-6.0000,29.0000
2017-01-31,Forest Materials,20.0000,49.0000
2017-02-28,Forest Materials,37.0000,86.0000
2017-03-31,Forest Materials,39.0000,125.0000
2017-04-30,Forest Materials,13.0000,138.0000
2017-05-31,Forest Materials,-5.0000,133.0000
2017-06-30,Forest Materials,27.0000,160.0000
2017-07-31,Forest Materials,3.0000,163.0000
2017-08-31,Forest Materials,-41.0000,122.0000
2017-09-30,Forest Materials,-54.0000,68.0000
2017-10-31,Forest Materials,-39.0000,29.0000
2017-11-30,Forest Materials,-1.0000,28.0000
2017-12-31,Forest Materials,59.0000,87.0000
2018-01-31,Forest Materials,75.0000,162.0000
2018-02-28,Forest Materials,10.0000,172.0000
2018-03-31,Forest Materials,23.0000,195.0000
2018-04-30,Forest Materials,82.0000,277.0000
2018-05-31,Forest Materials,-35.0000,242.0000
2018-06-30,Forest Materials,-19.0000,223.0000
2018-07-31,Forest Materials,-4.0000,219.0000
2018-08-31,Forest Materials,37.0000,256.0000
2018-09-30,Forest Materials,9.0000,265.0000
2018-10-31,Forest Materials,-3.0000,262.0000
2018-11-30,Forest Materials,-17.0000,245.0000
2018-12-31,Forest Materials,-67.0000,178.0000
2019-01-31,Forest Materials,-53.0000,125.0000
2019-02-28,Forest Materials,-20.0000,105.0000
2019-03-31,Forest Materials,-10.0000,95.0000
2019-04-30,Forest Materials,14.0000,109.0000
2019-05-31,Forest Materials,-6.0000,103.0000
2019-06-30,Forest Materials,-17.0000,86.0000
2019-07-31,Forest Materials,-7.0000,79.0000
2019-08-31,Forest Materials,-21.0000,58.0000
2019-09-30,Forest Materials,-17.0000,41.0000
2019-10-31,Forest Materials,1.0000,42.0000
2019-11-30,Forest Materials,-5.0000,37.0000
2019-12-31,Forest Materials,3.0000,40.0000
2020-01-31,Forest Materials,-2.0000,38.0000
2020-02-29,Forest Materials,-5.0000,33.0000
2020-03-31,Forest Materials,-10.0000,23.0000
2020-04-30,Forest Materials,-16.0000,7.0000
2020-05-31,Forest Materials,-30.0000,-23.0000
2020-06-30,Forest Materials,-1.0000,-24.0000
2020-07-31,Forest Materials,-10.0000,-34.0000
2020-08-31,Forest Materials,-77.0000,-111.0000
2020-09-30,Forest Materials,-45.0000,-156.0000
2020-10-31,Forest Materials,-81.0000,-237.0000
2020-11-30,Forest Materials,-83.0000,-320.0000
2020-12-31,Forest Materials,-10.0000,-330.0000
2021-01-31,Forest Materials,-2.0000,-332.0000
2021-02-28,Forest Materials,9.0000,-323.0000
2021-03-31,Forest Materials,-221.0000,-544.0000
2021-04-30,Forest Materials,-11.0000,-555.0000
2021-05-31,Forest Materials,14.0000,-541.0000
2021-06-30,Forest Materials,33.0000,-508.0000
2021-07-31,Forest Materials,-15.0000,-523.0000
2021-08-31,Forest Materials,-100.0000,-623.0000
2021-09-30,Forest Materials,1.0000,-622.0000
2021-10-31,Forest Materials,-80.0000,-702.0000
2021-11-30,Forest Materials,45.0000,-657.0000
2021-12-31,Forest Materials,2.0000,-655.0000
2022-01-31,Forest Materials,26.0000,-629.0000
2022-02-28,Forest Materials,84.0000,-545.0000
2022-03-31,Forest Materials,201.0000,-344.0000
2022-04-30,Forest Materials,0.0000,-344.0000
2022-05-31,Forest Materials,34.0000,-310.0000
2022-06-30,Forest Materials,32.0000,-278.0000
2022-07-31,Forest Materials,4.0000,-274.0000
2022-08-31,Forest Materials,171.0000,-103.0000
2022-09-30,Forest Materials,108.0000,5.0000
2022-10-31,Forest Materials,70.0000,75.0000
2022-11-30,Forest Materials,103.0000,178.0000
2022-12-31,Forest Materials,96.0000,274.0000
2023-01-31,Forest Materials,55.0000,329.0000
2023-02-28,Forest Materials,54.0000,383.0000
2023-03-31,Forest Materials,106.0000,489.0000
2023-04-30,Forest Materials,30.0000,519.0000
2023-05-31,Forest Materials,2.0000,521.0000
2023-06-30,Forest Materials,-15.0000,506.0000
2023-07-31,Forest Materials,-135.0000,371.0000
2023-08-31,Forest Materials,38.0000,409.0000
2023-09-30,Forest Materials,115.0000,524.0000
2023-10-31,Forest Materials,29.0000,553.0000
2023-11-30,Forest Materials,-68.0000,485.0000
2023-12-31,Forest Materials,-20.0000,465.0000
2024-01-31,Forest Materials,152.0000,617.0000
2024-02-29,Forest Materials,-28.0000,589.0000
2024-03-31,Forest Materials,-60.0000,529.0000
2024-04-30,Forest Materials,20.0000,549.0000
2024-05-31,Forest Materials,134.0000,683.0000
2024-06-30,Forest Materials,300.0000,983.0000
2024-07-31,Forest Materials,150.0000,1133.0000
2024-08-31,Forest Materials,-102.0000,1031.0000
2024-09-30,Forest Materials,58.0000,1089.0000
2024-10-31,Forest Materials,-75.0000,1014.0000
2024-11-30,Forest Materials,74.0000,1088.0000
2024-12-31,Forest Materials,65.0000,1153.0000
2025-01-31,Forest Materials,-115.0000,1038.0000
2025-02-28,Forest Materials,-17.0000,1021.0000
2025-03-31,Forest Materials,18.0000,1039.0000
2025-04-30,Forest Materials,-34.0000,1005.0000
2025-05-31,Forest Materials,9.0000,1014.0000
2025-06-30,Forest Materials,-42.0000,972.0000
2025-07-31,Forest Materials,39.0000,1011.0000
2025-08-31,Forest Materials,-48.0000,963.0000
2025-09-30,Forest Materials,-24.0000,939.0000
2025-10-31,Forest Materials,94.0000,1033.0000
2025-11-30,Forest Materials,-31.0000,1002.0000
2025-12-31,Forest Materials,-54.0000,948.0000
2026-01-31,Forest Materials,2.0000,950.0000
2026-02-28,Forest Materials,38.0000,988.0000
2026-03-31,Forest Materials,-17.0000,971.0000
2026-04-30,Forest Materials,54.0000,1025.0000
2026-05-31,Forest Materials,-40.0000,985.0000
2026-06-30,Forest Materials,-24.0000,961.0000
2026-07-31,Forest Materials,29.0000,990.0000
2026-08-31,Forest Materials,-16.0000,974.0000
2016-09-30,Healthcare,-286.0000,-286.0000
2016-10-31,Healthcare,-1188.0000,-1474.0000
2016-11-30,Healthcare,-3592.0000,-5066.0000
2016-12-31,Healthcare,-1627.0000,-6693.0000
2017-01-31,Healthcare,-995.0000,-7688.0000
2017-02-28,Healthcare,-2245.0000,-9933.0000
2017-03-31,Healthcare,-139.0000,-10072.0000
2017-04-30,Healthcare,414.0000,-9658.0000
2017-05-31,Healthcare,-1514.0000,-11172.0000
2017-06-30,Healthcare,-1575.0000,-12747.0000
2017-07-31,Healthcare,307.0000,-12440.0000
2017-08-31,Healthcare,-2618.0000,-15058.0000
2017-09-30,Healthcare,-1707.0000,-16765.0000
2017-10-31,Healthcare,-632.0000,-17397.0000
2017-11-30,Healthcare,-1098.0000,-18495.0000
2017-12-31,Healthcare,904.0000,-17591.0000
2018-01-31,Healthcare,782.0000,-16809.0000
2018-02-28,Healthcare,-1040.0000,-17849.0000
2018-03-31,Healthcare,1208.0000,-16641.0000
2018-04-30,Healthcare,-439.0000,-17080.0000
2018-05-31,Healthcare,-10.0000,-17090.0000
2018-06-30,Healthcare,34.0000,-17056.0000
2018-07-31,Healthcare,-977.0000,-18033.0000
2018-08-31,Healthcare,1454.0000,-16579.0000
2018-09-30,Healthcare,337.0000,-16242.0000
2018-10-31,Healthcare,1064.0000,-15178.0000
2018-11-30,Healthcare,1347.0000,-13831.0000
2018-12-31,Healthcare,-738.0000,-14569.0000
2019-01-31,Healthcare,925.0000,-13644.0000
2019-02-28,Healthcare,259.0000,-13385.0000
2019-03-31,Healthcare,2047.0000,-11338.0000
2019-04-30,Healthcare,-296.0000,-11634.0000
2019-05-31,Healthcare,-2363.0000,-13997.0000
2019-06-30,Healthcare,-1532.0000,-15529.0000
2019-07-31,Healthcare,-349.0000,-15878.0000
2019-08-31,Healthcare,-290.0000,-16168.0000
2019-09-30,Healthcare,-272.0000,-16440.0000
2019-10-31,Healthcare,-148.0000,-16588.0000
2019-11-30,Healthcare,-604.0000,-17192.0000
2019-12-31,Healthcare,-756.0000,-17948.0000
2020-01-31,Healthcare,-245.0000,-18193.0000
2020-02-29,Healthcare,-1159.0000,-19352.0000
2020-03-31,Healthcare,-1899.0000,-21251.0000
2020-04-30,Healthcare,-1618.0000,-22869.0000
2020-05-31,Healthcare,393.0000,-22476.0000
2020-06-30,Healthcare,447.0000,-22029.0000
2020-07-31,Healthcare,1273.0000,-20756.0000
2020-08-31,Healthcare,1290.0000,-19466.0000
2020-09-30,Healthcare,916.0000,-18550.0000
2020-10-31,Healthcare,-186.0000,-18736.0000
2020-11-30,Healthcare,5023.0000,-13713.0000
2020-12-31,Healthcare,5159.0000,-8554.0000
2021-01-31,Healthcare,2082.0000,-6472.0000
2021-02-28,Healthcare,-397.0000,-6869.0000
2021-03-31,Healthcare,-1631.0000,-8500.0000
2021-04-30,Healthcare,-452.0000,-8952.0000
2021-05-31,Healthcare,-1449.0000,-10401.0000
2021-06-30,Healthcare,456.0000,-9945.0000
2021-07-31,Healthcare,-223.0000,-10168.0000
2021-08-31,Healthcare,-1053.0000,-11221.0000
2021-09-30,Healthcare,1325.0000,-9896.0000
2021-10-31,Healthcare,101.0000,-9795.0000
2021-11-30,Healthcare,-620.0000,-10415.0000
2021-12-31,Healthcare,-1849.0000,-12264.0000
2022-01-31,Healthcare,-3324.0000,-15588.0000
2022-02-28,Healthcare,665.0000,-14923.0000
2022-03-31,Healthcare,267.0000,-14656.0000
2022-04-30,Healthcare,5231.0000,-9425.0000
2022-05-31,Healthcare,-705.0000,-10130.0000
2022-06-30,Healthcare,-2020.0000,-12150.0000
2022-07-31,Healthcare,207.0000,-11943.0000
2022-08-31,Healthcare,8509.0000,-3434.0000
2022-09-30,Healthcare,1833.0000,-1601.0000
2022-10-31,Healthcare,929.0000,-672.0000
2022-11-30,Healthcare,1256.0000,584.0000
2022-12-31,Healthcare,1333.0000,1917.0000
2023-01-31,Healthcare,228.0000,2145.0000
2023-02-28,Healthcare,931.0000,3076.0000
2023-03-31,Healthcare,-1587.0000,1489.0000
2023-04-30,Healthcare,271.0000,1760.0000
2023-05-31,Healthcare,2869.0000,4629.0000
2023-06-30,Healthcare,2021.0000,6650.0000
2023-07-31,Healthcare,1835.0000,8485.0000
2023-08-31,Healthcare,1439.0000,9924.0000
2023-09-30,Healthcare,277.0000,10201.0000
2023-10-31,Healthcare,-1081.0000,9120.0000
2023-11-30,Healthcare,1493.0000,10613.0000
2023-12-31,Healthcare,3676.0000,14289.0000
2024-01-31,Healthcare,-362.0000,13927.0000
2024-02-29,Healthcare,5199.0000,19126.0000
2024-03-31,Healthcare,-950.0000,18176.0000
2024-04-30,Healthcare,-707.0000,17469.0000
2024-05-31,Healthcare,161.0000,17630.0000
2024-06-30,Healthcare,3299.0000,20929.0000
2024-07-31,Healthcare,5054.0000,25983.0000
2024-08-31,Healthcare,5831.0000,31814.0000
2024-09-30,Healthcare,6639.0000,38453.0000
2024-10-31,Healthcare,-55.0000,38398.0000
2024-11-30,Healthcare,480.0000,38878.0000
2024-12-31,Healthcare,3767.0000,42645.0000
2025-01-31,Healthcare,-4372.0000,38273.0000
2025-02-28,Healthcare,-1462.0000,36811.0000
2025-03-31,Healthcare,89.0000,36900.0000
2025-04-30,Healthcare,-728.0000,36172.0000
2025-05-31,Healthcare,-2614.0000,33558.0000
2025-06-30,Healthcare,-403.0000,33155.0000
2025-07-31,Healthcare,-57.0000,33098.0000
2025-08-31,Healthcare,-1417.0000,31681.0000
2025-09-30,Healthcare,-6122.0000,25559.0000
2025-10-31,Healthcare,-3104.0000,22455.0000
2025-11-30,Healthcare,-1783.0000,20672.0000
2025-12-31,Healthcare,-2994.0000,17678.0000
2026-01-31,Healthcare,-6162.0000,11516.0000
2026-02-28,Healthcare,-329.0000,11187.0000
2026-03-31,Healthcare,-4638.0000,6549.0000
2026-04-30,Healthcare,-6926.0000,-377.0000
2026-05-31,Healthcare,183.0000,-194.0000
2026-06-30,Healthcare,-3066.0000,-3260.0000
2026-07-31,Healthcare,7755.0000,4495.0000
2026-08-31,Healthcare,5931.0000,10426.0000
2016-09-30,Information Technology,-1325.0000,-1325.0000
2016-10-31,Information Technology,-1163.0000,-2488.0000
2016-11-30,Information Technology,-3213.0000,-5701.0000
2016-12-31,Information Technology,-616.0000,-6317.0000
2017-01-31,Information Technology,-1640.0000,-7957.0000
2017-02-28,Information Technology,-1233.0000,-9190.0000
2017-03-31,Information Technology,3557.0000,-5633.0000
2017-04-30,Information Technology,-357.0000,-5990.0000
2017-05-31,Information Technology,874.0000,-5116.0000
2017-06-30,Information Technology,-4278.0000,-9394.0000
2017-07-31,Information Technology,-480.0000,-9874.0000
2017-08-31,Information Technology,-5823.0000,-15697.0000
2017-09-30,Information Technology,-2941.0000,-18638.0000
2017-10-31,Information Technology,-1288.0000,-19926.0000
2017-11-30,Information Technology,99.0000,-19827.0000
2017-12-31,Information Technology,-6086.0000,-25913.0000
2018-01-31,Information Technology,2912.0000,-23001.0000
2018-02-28,Information Technology,-442.0000,-23443.0000
2018-03-31,Information Technology,5081.0000,-18362.0000
2018-04-30,Information Technology,2376.0000,-15986.0000
2018-05-31,Information Technology,-209.0000,-16195.0000
2018-06-30,Information Technology,-3161.0000,-19356.0000
2018-07-31,Information Technology,-136.0000,-19492.0000
2018-08-31,Information Technology,-666.0000,-20158.0000
2018-09-30,Information Technology,-1061.0000,-21219.0000
2018-10-31,Information Technology,-6789.0000,-28008.0000
2018-11-30,Information Technology,226.0000,-27782.0000
2018-12-31,Information Technology,-1729.0000,-29511.0000
2019-01-31,Information Technology,-194.0000,-29705.0000
2019-02-28,Information Technology,685.0000,-29020.0000
2019-03-31,Information Technology,545.0000,-28475.0000
2019-04-30,Information Technology,-98.0000,-28573.0000
2019-05-31,Information Technology,-3226.0000,-31799.0000
2019-06-30,Information Technology,-2077.0000,-33876.0000
2019-07-31,Information Technology,-5935.0000,-39811.0000
2019-08-31,Information Technology,-2745.0000,-42556.0000
2019-09-30,Information Technology,-2732.0000,-45288.0000
2019-10-31,Information Technology,-3416.0000,-48704.0000
2019-11-30,Information Technology,-2045.0000,-50749.0000
2019-12-31,Information Technology,4898.0000,-45851.0000
2020-01-31,Information Technology,2102.0000,-43749.0000
2020-02-29,Information Technology,229.0000,-43520.0000
2020-03-31,Information Technology,-6183.0000,-49703.0000
2020-04-30,Information Technology,-1276.0000,-50979.0000
2020-05-31,Information Technology,-1522.0000,-52501.0000
2020-06-30,Information Technology,-1385.0000,-53886.0000
2020-07-31,Information Technology,2030.0000,-51856.0000
2020-08-31,Information Technology,46.0000,-51810.0000
2020-09-30,Information Technology,628.0000,-51182.0000
2020-10-31,Information Technology,4375.0000,-46807.0000
2020-11-30,Information Technology,-769.0000,-47576.0000
2020-12-31,Information Technology,3477.0000,-44099.0000
2021-01-31,Information Technology,2145.0000,-41954.0000
2021-02-28,Information Technology,-2332.0000,-44286.0000
2021-03-31,Information Technology,-2411.0000,-46697.0000
2021-04-30,Information Technology,1476.0000,-45221.0000
2021-05-31,Information Technology,-3039.0000,-48260.0000
2021-06-30,Information Technology,993.0000,-47267.0000
2021-07-31,Information Technology,-3459.0000,-50726.0000
2021-08-31,Information Technology,1134.0000,-49592.0000
2021-09-30,Information Technology,-3720.0000,-53312.0000
2021-10-31,Information Technology,-10784.0000,-64096.0000
2021-11-30,Information Technology,-2732.0000,-66828.0000
2021-12-31,Information Technology,-1314.0000,-68142.0000
2022-01-31,Information Technology,-15884.0000,-84026.0000
2022-02-28,Information Technology,-10985.0000,-95011.0000
2022-03-31,Information Technology,-1345.0000,-96356.0000
2022-04-30,Information Technology,-8579.0000,-104935.0000
2022-05-31,Information Technology,-16134.0000,-121069.0000
2022-06-30,Information Technology,-6205.0000,-127274.0000
2022-07-31,Information Technology,-4665.0000,-131939.0000
2022-08-31,Information Technology,397.0000,-131542.0000
2022-09-30,Information Technology,-9199.0000,-140741.0000
2022-10-31,Information Technology,945.0000,-139796.0000
2022-11-30,Information Technology,3859.0000,-135937.0000
2022-12-31,Information Technology,-3579.0000,-139516.0000
2023-01-31,Information Technology,-2137.0000,-141653.0000
2023-02-28,Information Technology,1069.0000,-140584.0000
2023-03-31,Information Technology,-6910.0000,-147494.0000
2023-04-30,Information Technology,-4908.0000,-152402.0000
2023-05-31,Information Technology,-891.0000,-153293.0000
2023-06-30,Information Technology,-3577.0000,-156870.0000
2023-07-31,Information Technology,1575.0000,-155295.0000
2023-08-31,Information Technology,4088.0000,-151207.0000
2023-09-30,Information Technology,1886.0000,-149321.0000
2023-10-31,Information Technology,-3262.0000,-152583.0000
2023-11-30,Information Technology,812.0000,-151771.0000
2023-12-31,Information Technology,5185.0000,-146586.0000
2024-01-31,Information Technology,4485.0000,-142101.0000
2024-02-29,Information Technology,2197.0000,-139904.0000
2024-03-31,Information Technology,-1659.0000,-141563.0000
2024-04-30,Information Technology,-9573.0000,-151136.0000
2024-05-31,Information Technology,-5802.0000,-156938.0000
2024-06-30,Information Technology,-981.0000,-157919.0000
2024-07-31,Information Technology,11763.0000,-146156.0000
2024-08-31,Information Technology,4036.0000,-142120.0000
2024-09-30,Information Technology,-1219.0000,-143339.0000
2024-10-31,Information Technology,-2899.0000,-146238.0000
2024-11-30,Information Technology,5516.0000,-140722.0000
2024-12-31,Information Technology,9050.0000,-131672.0000
2025-01-31,Information Technology,-6471.0000,-138143.0000
2025-02-28,Information Technology,805.0000,-137338.0000
2025-03-31,Information Technology,-8451.0000,-145789.0000
2025-04-30,Information Technology,-15213.0000,-161002.0000
2025-05-31,Information Technology,-2436.0000,-163438.0000
2025-06-30,Information Technology,1166.0000,-162272.0000
2025-07-31,Information Technology,-19901.0000,-182173.0000
2025-08-31,Information Technology,-11285.0000,-193458.0000
2025-09-30,Information Technology,-6050.0000,-199508.0000
2025-10-31,Information Technology,-2194.0000,-201702.0000
2025-11-30,Information Technology,-5794.0000,-207496.0000
2025-12-31,Information Technology,1126.0000,-206370.0000
2026-01-31,Information Technology,-1835.0000,-208205.0000
2026-02-28,Information Technology,-16949.0000,-225154.0000
2026-03-31,Information Technology,-1874.0000,-227028.0000
2026-04-30,Information Technology,-4212.0000,-231240.0000
2026-05-31,Information Technology,-1911.0000,-233151.0000
2026-06-30,Information Technology,-7466.0000,-240617.0000
2026-07-31,Information Technology,3358.0000,-237259.0000
2026-08-31,Information Technology,4103.0000,-233156.0000
2016-09-30,"Media, Entertainment & Publication",129.0000,129.0000
2016-10-31,"Media, Entertainment & Publication",-454.0000,-325.0000
2016-11-30,"Media, Entertainment & Publication",-393.0000,-718.0000
2016-12-31,"Media, Entertainment & Publication",37.0000,-681.0000
2017-01-31,"Media, Entertainment & Publication",-288.0000,-969.0000
2017-02-28,"Media, Entertainment & Publication",12.0000,-957.0000
2017-03-31,"Media, Entertainment & Publication",71.0000,-886.0000
2017-04-30,"Media, Entertainment & Publication",-656.0000,-1542.0000
2017-05-31,"Media, Entertainment & Publication",-275.0000,-1817.0000
2017-06-30,"Media, Entertainment & Publication",-646.0000,-2463.0000
2017-07-31,"Media, Entertainment & Publication",112.0000,-2351.0000
2017-08-31,"Media, Entertainment & Publication",-512.0000,-2863.0000
2017-09-30,"Media, Entertainment & Publication",-454.0000,-3317.0000
2017-10-31,"Media, Entertainment & Publication",-842.0000,-4159.0000
2017-11-30,"Media, Entertainment & Publication",38.0000,-4121.0000
2017-12-31,"Media, Entertainment & Publication",-61.0000,-4182.0000
2018-01-31,"Media, Entertainment & Publication",-441.0000,-4623.0000
2018-02-28,"Media, Entertainment & Publication",-239.0000,-4862.0000
2018-03-31,"Media, Entertainment & Publication",-70.0000,-4932.0000
2018-04-30,"Media, Entertainment & Publication",-600.0000,-5532.0000
2018-05-31,"Media, Entertainment & Publication",-56.0000,-5588.0000
2018-06-30,"Media, Entertainment & Publication",-377.0000,-5965.0000
2018-07-31,"Media, Entertainment & Publication",-285.0000,-6250.0000
2018-08-31,"Media, Entertainment & Publication",-536.0000,-6786.0000
2018-09-30,"Media, Entertainment & Publication",119.0000,-6667.0000
2018-10-31,"Media, Entertainment & Publication",343.0000,-6324.0000
2018-11-30,"Media, Entertainment & Publication",32.0000,-6292.0000
2018-12-31,"Media, Entertainment & Publication",-12.0000,-6304.0000
2019-01-31,"Media, Entertainment & Publication",671.0000,-5633.0000
2019-02-28,"Media, Entertainment & Publication",671.0000,-4962.0000
2019-03-31,"Media, Entertainment & Publication",-437.0000,-5399.0000
2019-04-30,"Media, Entertainment & Publication",-147.0000,-5546.0000
2019-05-31,"Media, Entertainment & Publication",523.0000,-5023.0000
2019-06-30,"Media, Entertainment & Publication",114.0000,-4909.0000
2019-07-31,"Media, Entertainment & Publication",132.0000,-4777.0000
2019-08-31,"Media, Entertainment & Publication",602.0000,-4175.0000
2019-09-30,"Media, Entertainment & Publication",96.0000,-4079.0000
2019-10-31,"Media, Entertainment & Publication",918.0000,-3161.0000
2019-11-30,"Media, Entertainment & Publication",4299.0000,1138.0000
2019-12-31,"Media, Entertainment & Publication",-61.0000,1077.0000
2020-01-31,"Media, Entertainment & Publication",255.0000,1332.0000
2020-02-29,"Media, Entertainment & Publication",8.0000,1340.0000
2020-03-31,"Media, Entertainment & Publication",-112.0000,1228.0000
2020-04-30,"Media, Entertainment & Publication",174.0000,1402.0000
2020-05-31,"Media, Entertainment & Publication",-29.0000,1373.0000
2020-06-30,"Media, Entertainment & Publication",-163.0000,1210.0000
2020-07-31,"Media, Entertainment & Publication",-332.0000,878.0000
2020-08-31,"Media, Entertainment & Publication",497.0000,1375.0000
2020-09-30,"Media, Entertainment & Publication",388.0000,1763.0000
2020-10-31,"Media, Entertainment & Publication",-124.0000,1639.0000
2020-11-30,"Media, Entertainment & Publication",-8.0000,1631.0000
2020-12-31,"Media, Entertainment & Publication",484.0000,2115.0000
2021-01-31,"Media, Entertainment & Publication",40.0000,2155.0000
2021-02-28,"Media, Entertainment & Publication",5.0000,2160.0000
2021-03-31,"Media, Entertainment & Publication",33.0000,2193.0000
2021-04-30,"Media, Entertainment & Publication",-204.0000,1989.0000
2021-05-31,"Media, Entertainment & Publication",-1144.0000,845.0000
2021-06-30,"Media, Entertainment & Publication",-589.0000,256.0000
2021-07-31,"Media, Entertainment & Publication",-92.0000,164.0000
2021-08-31,"Media, Entertainment & Publication",-360.0000,-196.0000
2021-09-30,"Media, Entertainment & Publication",-310.0000,-506.0000
2021-10-31,"Media, Entertainment & Publication",-1016.0000,-1522.0000
2021-11-30,"Media, Entertainment & Publication",110.0000,-1412.0000
2021-12-31,"Media, Entertainment & Publication",-562.0000,-1974.0000
2022-01-31,"Media, Entertainment & Publication",-150.0000,-2124.0000
2022-02-28,"Media, Entertainment & Publication",-800.0000,-2924.0000
2022-03-31,"Media, Entertainment & Publication",-192.0000,-3116.0000
2022-04-30,"Media, Entertainment & Publication",-1802.0000,-4918.0000
2022-05-31,"Media, Entertainment & Publication",-175.0000,-5093.0000
2022-06-30,"Media, Entertainment & Publication",-78.0000,-5171.0000
2022-07-31,"Media, Entertainment & Publication",417.0000,-4754.0000
2022-08-31,"Media, Entertainment & Publication",86.0000,-4668.0000
2022-09-30,"Media, Entertainment & Publication",-253.0000,-4921.0000
2022-10-31,"Media, Entertainment & Publication",555.0000,-4366.0000
2022-11-30,"Media, Entertainment & Publication",-200.0000,-4566.0000
2022-12-31,"Media, Entertainment & Publication",-286.0000,-4852.0000
2023-01-31,"Media, Entertainment & Publication",-454.0000,-5306.0000
2023-02-28,"Media, Entertainment & Publication",152.0000,-5154.0000
2023-03-31,"Media, Entertainment & Publication",-318.0000,-5472.0000
2023-04-30,"Media, Entertainment & Publication",-219.0000,-5691.0000
2023-05-31,"Media, Entertainment & Publication",-719.0000,-6410.0000
2023-06-30,"Media, Entertainment & Publication",-299.0000,-6709.0000
2023-07-31,"Media, Entertainment & Publication",52.0000,-6657.0000
2023-08-31,"Media, Entertainment & Publication",447.0000,-6210.0000
2023-09-30,"Media, Entertainment & Publication",-399.0000,-6609.0000
2023-10-31,"Media, Entertainment & Publication",-622.0000,-7231.0000
2023-11-30,"Media, Entertainment & Publication",-696.0000,-7927.0000
2023-12-31,"Media, Entertainment & Publication",-1248.0000,-9175.0000
2024-01-31,"Media, Entertainment & Publication",-1746.0000,-10921.0000
2024-02-29,"Media, Entertainment & Publication",-514.0000,-11435.0000
2024-03-31,"Media, Entertainment & Publication",-148.0000,-11583.0000
2024-04-30,"Media, Entertainment & Publication",-54.0000,-11637.0000
2024-05-31,"Media, Entertainment & Publication",-144.0000,-11781.0000
2024-06-30,"Media, Entertainment & Publication",-31.0000,-11812.0000
2024-07-31,"Media, Entertainment & Publication",474.0000,-11338.0000
2024-08-31,"Media, Entertainment & Publication",-198.0000,-11536.0000
2024-09-30,"Media, Entertainment & Publication",118.0000,-11418.0000
2024-10-31,"Media, Entertainment & Publication",-13.0000,-11431.0000
2024-11-30,"Media, Entertainment & Publication",-3.0000,-11434.0000
2024-12-31,"Media, Entertainment & Publication",125.0000,-11309.0000
2025-01-31,"Media, Entertainment & Publication",180.0000,-11129.0000
2025-02-28,"Media, Entertainment & Publication",22.0000,-11107.0000
2025-03-31,"Media, Entertainment & Publication",446.0000,-10661.0000
2025-04-30,"Media, Entertainment & Publication",112.0000,-10549.0000
2025-05-31,"Media, Entertainment & Publication",137.0000,-10412.0000
2025-06-30,"Media, Entertainment & Publication",34.0000,-10378.0000
2025-07-31,"Media, Entertainment & Publication",-197.0000,-10575.0000
2025-08-31,"Media, Entertainment & Publication",165.0000,-10410.0000
2025-09-30,"Media, Entertainment & Publication",77.0000,-10333.0000
2025-10-31,"Media, Entertainment & Publication",-46.0000,-10379.0000
2025-11-30,"Media, Entertainment & Publication",-309.0000,-10688.0000
2025-12-31,"Media, Entertainment & Publication",-320.0000,-11008.0000
2026-01-31,"Media, Entertainment & Publication",-178.0000,-11186.0000
2026-02-28,"Media, Entertainment & Publication",72.0000,-11114.0000
2026-03-31,"Media, Entertainment & Publication",-17.0000,-11131.0000
2026-04-30,"Media, Entertainment & Publication",-208.0000,-11339.0000
2026-05-31,"Media, Entertainment & Publication",-122.0000,-11461.0000
2026-06-30,"Media, Entertainment & Publication",-359.0000,-11820.0000
2026-07-31,"Media, Entertainment & Publication",-265.0000,-12085.0000
2026-08-31,"Media, Entertainment & Publication",66.0000,-12019.0000
2016-09-30,Metals & Mining,-97.0000,-97.0000
2016-10-31,Metals & Mining,-878.0000,-975.0000
2016-11-30,Metals & Mining,-261.0000,-1236.0000
2016-12-31,Metals & Mining,-599.0000,-1835.0000
2017-01-31,Metals & Mining,425.0000,-1410.0000
2017-02-28,Metals & Mining,98.0000,-1312.0000
2017-03-31,Metals & Mining,167.0000,-1145.0000
2017-04-30,Metals & Mining,-845.0000,-1990.0000
2017-05-31,Metals & Mining,-1740.0000,-3730.0000
2017-06-30,Metals & Mining,-817.0000,-4547.0000
2017-07-31,Metals & Mining,194.0000,-4353.0000
2017-08-31,Metals & Mining,94.0000,-4259.0000
2017-09-30,Metals & Mining,1112.0000,-3147.0000
2017-10-31,Metals & Mining,2035.0000,-1112.0000
2017-11-30,Metals & Mining,-62.0000,-1174.0000
2017-12-31,Metals & Mining,29.0000,-1145.0000
2018-01-31,Metals & Mining,1818.0000,673.0000
2018-02-28,Metals & Mining,-8.0000,665.0000
2018-03-31,Metals & Mining,508.0000,1173.0000
2018-04-30,Metals & Mining,-1338.0000,-165.0000
2018-05-31,Metals & Mining,-1304.0000,-1469.0000
2018-06-30,Metals & Mining,-310.0000,-1779.0000
2018-07-31,Metals & Mining,-1459.0000,-3238.0000
2018-08-31,Metals & Mining,112.0000,-3126.0000
2018-09-30,Metals & Mining,297.0000,-2829.0000
2018-10-31,Metals & Mining,-339.0000,-3168.0000
2018-11-30,Metals & Mining,-290.0000,-3458.0000
2018-12-31,Metals & Mining,-166.0000,-3624.0000
2019-01-31,Metals & Mining,-794.0000,-4418.0000
2019-02-28,Metals & Mining,-226.0000,-4644.0000
2019-03-31,Metals & Mining,1762.0000,-2882.0000
2019-04-30,Metals & Mining,1160.0000,-1722.0000
2019-05-31,Metals & Mining,231.0000,-1491.0000
2019-06-30,Metals & Mining,213.0000,-1278.0000
2019-07-31,Metals & Mining,-247.0000,-1525.0000
2019-08-31,Metals & Mining,-976.0000,-2501.0000
2019-09-30,Metals & Mining,-40.0000,-2541.0000
2019-10-31,Metals & Mining,-280.0000,-2821.0000
2019-11-30,Metals & Mining,234.0000,-2587.0000
2019-12-31,Metals & Mining,126.0000,-2461.0000
2020-01-31,Metals & Mining,-933.0000,-3394.0000
2020-02-29,Metals & Mining,-626.0000,-4020.0000
2020-03-31,Metals & Mining,-1710.0000,-5730.0000
2020-04-30,Metals & Mining,-821.0000,-6551.0000
2020-05-31,Metals & Mining,-328.0000,-6879.0000
2020-06-30,Metals & Mining,-477.0000,-7356.0000
2020-07-31,Metals & Mining,76.0000,-7280.0000
2020-08-31,Metals & Mining,727.0000,-6553.0000
2020-09-30,Metals & Mining,-1089.0000,-7642.0000
2020-10-31,Metals & Mining,-1156.0000,-8798.0000
2020-11-30,Metals & Mining,2307.0000,-6491.0000
2020-12-31,Metals & Mining,2940.0000,-3551.0000
2021-01-31,Metals & Mining,1935.0000,-1616.0000
2021-02-28,Metals & Mining,1492.0000,-124.0000
2021-03-31,Metals & Mining,-1063.0000,-1187.0000
2021-04-30,Metals & Mining,-1766.0000,-2953.0000
2021-05-31,Metals & Mining,1164.0000,-1789.0000
2021-06-30,Metals & Mining,601.0000,-1188.0000
2021-07-31,Metals & Mining,1676.0000,488.0000
2021-08-31,Metals & Mining,-1311.0000,-823.0000
2021-09-30,Metals & Mining,-120.0000,-943.0000
2021-10-31,Metals & Mining,389.0000,-554.0000
2021-11-30,Metals & Mining,-3082.0000,-3636.0000
2021-12-31,Metals & Mining,-1643.0000,-5279.0000
2022-01-31,Metals & Mining,2428.0000,-2851.0000
2022-02-28,Metals & Mining,2881.0000,30.0000
2022-03-31,Metals & Mining,4302.0000,4332.0000
2022-04-30,Metals & Mining,94.0000,4426.0000
2022-05-31,Metals & Mining,-2752.0000,1674.0000
2022-06-30,Metals & Mining,-4002.0000,-2328.0000
2022-07-31,Metals & Mining,-1285.0000,-3613.0000
2022-08-31,Metals & Mining,598.0000,-3015.0000
2022-09-30,Metals & Mining,-2995.0000,-6010.0000
2022-10-31,Metals & Mining,217.0000,-5793.0000
2022-11-30,Metals & Mining,2418.0000,-3375.0000
2022-12-31,Metals & Mining,1668.0000,-1707.0000
2023-01-31,Metals & Mining,4369.0000,2662.0000
2023-02-28,Metals & Mining,-2642.0000,20.0000
2023-03-31,Metals & Mining,2938.0000,2958.0000
2023-04-30,Metals & Mining,1420.0000,4378.0000
2023-05-31,Metals & Mining,-619.0000,3759.0000
2023-06-30,Metals & Mining,1753.0000,5512.0000
2023-07-31,Metals & Mining,516.0000,6028.0000
2023-08-31,Metals & Mining,-6953.0000,-925.0000
2023-09-30,Metals & Mining,-5056.0000,-5981.0000
2023-10-31,Metals & Mining,-358.0000,-6339.0000
2023-11-30,Metals & Mining,552.0000,-5787.0000
2023-12-31,Metals & Mining,1311.0000,-4476.0000
2024-01-31,Metals & Mining,-1627.0000,-6103.0000
2024-02-29,Metals & Mining,-676.0000,-6779.0000
2024-03-31,Metals & Mining,1206.0000,-5573.0000
2024-04-30,Metals & Mining,-241.0000,-5814.0000
2024-05-31,Metals & Mining,-953.0000,-6767.0000
2024-06-30,Metals & Mining,-2989.0000,-9756.0000
2024-07-31,Metals & Mining,7310.0000,-2446.0000
2024-08-31,Metals & Mining,-3773.0000,-6219.0000
2024-09-30,Metals & Mining,1155.0000,-5064.0000
2024-10-31,Metals & Mining,147.0000,-4917.0000
2024-11-30,Metals & Mining,-1205.0000,-6122.0000
2024-12-31,Metals & Mining,971.0000,-5151.0000
2025-01-31,Metals & Mining,-2382.0000,-7533.0000
2025-02-28,Metals & Mining,-1164.0000,-8697.0000
2025-03-31,Metals & Mining,1901.0000,-6796.0000
2025-04-30,Metals & Mining,-3403.0000,-10199.0000
2025-05-31,Metals & Mining,70.0000,-10129.0000
2025-06-30,Metals & Mining,-357.0000,-10486.0000
2025-07-31,Metals & Mining,3365.0000,-7121.0000
2025-08-31,Metals & Mining,-660.0000,-7781.0000
2025-09-30,Metals & Mining,1840.0000,-5941.0000
2025-10-31,Metals & Mining,3147.0000,-2794.0000
2025-11-30,Metals & Mining,-680.0000,-3474.0000
2025-12-31,Metals & Mining,2984.0000,-490.0000
2026-01-31,Metals & Mining,11526.0000,11036.0000
2026-02-28,Metals & Mining,5638.0000,16674.0000
2026-03-31,Metals & Mining,-3165.0000,13509.0000
2026-04-30,Metals & Mining,1218.0000,14727.0000
2026-05-31,Metals & Mining,6697.0000,21424.0000
2026-06-30,Metals & Mining,-9093.0000,12331.0000
2026-07-31,Metals & Mining,4937.0000,17268.0000
2026-08-31,Metals & Mining,1807.0000,19075.0000
2016-09-30,"Oil, Gas & Consumable Fuels",2466.0000,2466.0000
2016-10-31,"Oil, Gas & Consumable Fuels",1147.0000,3613.0000
2016-11-30,"Oil, Gas & Consumable Fuels",743.0000,4356.0000
2016-12-31,"Oil, Gas & Consumable Fuels",2398.0000,6754.0000
2017-01-31,"Oil, Gas & Consumable Fuels",661.0000,7415.0000
2017-02-28,"Oil, Gas & Consumable Fuels",1372.0000,8787.0000
2017-03-31,"Oil, Gas & Consumable Fuels",3239.0000,12026.0000
2017-04-30,"Oil, Gas & Consumable Fuels",1887.0000,13913.0000
2017-05-31,"Oil, Gas & Consumable Fuels",972.0000,14885.0000
2017-06-30,"Oil, Gas & Consumable Fuels",1981.0000,16866.0000
2017-07-31,"Oil, Gas & Consumable Fuels",1438.0000,18304.0000
2017-08-31,"Oil, Gas & Consumable Fuels",-938.0000,17366.0000
2017-09-30,"Oil, Gas & Consumable Fuels",-2995.0000,14371.0000
2017-10-31,"Oil, Gas & Consumable Fuels",1678.0000,16049.0000
2017-11-30,"Oil, Gas & Consumable Fuels",232.0000,16281.0000
2017-12-31,"Oil, Gas & Consumable Fuels",333.0000,16614.0000
2018-01-31,"Oil, Gas & Consumable Fuels",568.0000,17182.0000
2018-02-28,"Oil, Gas & Consumable Fuels",-1732.0000,15450.0000
2018-03-31,"Oil, Gas & Consumable Fuels",-1233.0000,14217.0000
2018-04-30,"Oil, Gas & Consumable Fuels",-820.0000,13397.0000
2018-05-31,"Oil, Gas & Consumable Fuels",-1731.0000,11666.0000
2018-06-30,"Oil, Gas & Consumable Fuels",-1595.0000,10071.0000
2018-07-31,"Oil, Gas & Consumable Fuels",1498.0000,11569.0000
2018-08-31,"Oil, Gas & Consumable Fuels",-1041.0000,10528.0000
2018-09-30,"Oil, Gas & Consumable Fuels",-101.0000,10427.0000
2018-10-31,"Oil, Gas & Consumable Fuels",-3581.0000,6846.0000
2018-11-30,"Oil, Gas & Consumable Fuels",-303.0000,6543.0000
2018-12-31,"Oil, Gas & Consumable Fuels",-764.0000,5779.0000
2019-01-31,"Oil, Gas & Consumable Fuels",1999.0000,7778.0000
2019-02-28,"Oil, Gas & Consumable Fuels",48.0000,7826.0000
2019-03-31,"Oil, Gas & Consumable Fuels",5901.0000,13727.0000
2019-04-30,"Oil, Gas & Consumable Fuels",4249.0000,17976.0000
2019-05-31,"Oil, Gas & Consumable Fuels",613.0000,18589.0000
2019-06-30,"Oil, Gas & Consumable Fuels",77.0000,18666.0000
2019-07-31,"Oil, Gas & Consumable Fuels",-1161.0000,17505.0000
2019-08-31,"Oil, Gas & Consumable Fuels",-3840.0000,13665.0000
2019-09-30,"Oil, Gas & Consumable Fuels",-677.0000,12988.0000
2019-10-31,"Oil, Gas & Consumable Fuels",2993.0000,15981.0000
2019-11-30,"Oil, Gas & Consumable Fuels",4171.0000,20152.0000
2019-12-31,"Oil, Gas & Consumable Fuels",2099.0000,22251.0000
2020-01-31,"Oil, Gas & Consumable Fuels",2946.0000,25197.0000
2020-02-29,"Oil, Gas & Consumable Fuels",1331.0000,26528.0000
2020-03-31,"Oil, Gas & Consumable Fuels",-9764.0000,16764.0000
2020-04-30,"Oil, Gas & Consumable Fuels",1320.0000,18084.0000
2020-05-31,"Oil, Gas & Consumable Fuels",5252.0000,23336.0000
2020-06-30,"Oil, Gas & Consumable Fuels",623.0000,23959.0000
2020-07-31,"Oil, Gas & Consumable Fuels",4230.0000,28189.0000
2020-08-31,"Oil, Gas & Consumable Fuels",806.0000,28995.0000
2020-09-30,"Oil, Gas & Consumable Fuels",1190.0000,30185.0000
2020-10-31,"Oil, Gas & Consumable Fuels",-871.0000,29314.0000
2020-11-30,"Oil, Gas & Consumable Fuels",1113.0000,30427.0000
2020-12-31,"Oil, Gas & Consumable Fuels",329.0000,30756.0000
2021-01-31,"Oil, Gas & Consumable Fuels",638.0000,31394.0000
2021-02-28,"Oil, Gas & Consumable Fuels",4467.0000,35861.0000
2021-03-31,"Oil, Gas & Consumable Fuels",2278.0000,38139.0000
2021-04-30,"Oil, Gas & Consumable Fuels",-3284.0000,34855.0000
2021-05-31,"Oil, Gas & Consumable Fuels",-1599.0000,33256.0000
2021-06-30,"Oil, Gas & Consumable Fuels",528.0000,33784.0000
2021-07-31,"Oil, Gas & Consumable Fuels",388.0000,34172.0000
2021-08-31,"Oil, Gas & Consumable Fuels",1800.0000,35972.0000
2021-09-30,"Oil, Gas & Consumable Fuels",2283.0000,38255.0000
2021-10-31,"Oil, Gas & Consumable Fuels",723.0000,38978.0000
2021-11-30,"Oil, Gas & Consumable Fuels",-3891.0000,35087.0000
2021-12-31,"Oil, Gas & Consumable Fuels",-260.0000,34827.0000
2022-01-31,"Oil, Gas & Consumable Fuels",-1439.0000,33388.0000
2022-02-28,"Oil, Gas & Consumable Fuels",-3767.0000,29621.0000
2022-03-31,"Oil, Gas & Consumable Fuels",830.0000,30451.0000
2022-04-30,"Oil, Gas & Consumable Fuels",-1211.0000,29240.0000
2022-05-31,"Oil, Gas & Consumable Fuels",-3568.0000,25672.0000
2022-06-30,"Oil, Gas & Consumable Fuels",-3663.0000,22009.0000
2022-07-31,"Oil, Gas & Consumable Fuels",-5280.0000,16729.0000
2022-08-31,"Oil, Gas & Consumable Fuels",1279.0000,18008.0000
2022-09-30,"Oil, Gas & Consumable Fuels",-4410.0000,13598.0000
2022-10-31,"Oil, Gas & Consumable Fuels",-1418.0000,12180.0000
2022-11-30,"Oil, Gas & Consumable Fuels",2774.0000,14954.0000
2022-12-31,"Oil, Gas & Consumable Fuels",-2784.0000,12170.0000
2023-01-31,"Oil, Gas & Consumable Fuels",-7596.0000,4574.0000
2023-02-28,"Oil, Gas & Consumable Fuels",-4973.0000,-399.0000
2023-03-31,"Oil, Gas & Consumable Fuels",-6824.0000,-7223.0000
2023-04-30,"Oil, Gas & Consumable Fuels",372.0000,-6851.0000
2023-05-31,"Oil, Gas & Consumable Fuels",2729.0000,-4122.0000
2023-06-30,"Oil, Gas & Consumable Fuels",-173.0000,-4295.0000
2023-07-31,"Oil, Gas & Consumable Fuels",4339.0000,44.0000
2023-08-31,"Oil, Gas & Consumable Fuels",-2228.0000,-2184.0000
2023-09-30,"Oil, Gas & Consumable Fuels",-5231.0000,-7415.0000
2023-10-31,"Oil, Gas & Consumable Fuels",-3013.0000,-10428.0000
2023-11-30,"Oil, Gas & Consumable Fuels",328.0000,-10100.0000
2023-12-31,"Oil, Gas & Consumable Fuels",-542.0000,-10642.0000
2024-01-31,"Oil, Gas & Consumable Fuels",3467.0000,-7175.0000
2024-02-29,"Oil, Gas & Consumable Fuels",-3543.0000,-10718.0000
2024-03-31,"Oil, Gas & Consumable Fuels",-2279.0000,-12997.0000
2024-04-30,"Oil, Gas & Consumable Fuels",-2366.0000,-15363.0000
2024-05-31,"Oil, Gas & Consumable Fuels",-5554.0000,-20917.0000
2024-06-30,"Oil, Gas & Consumable Fuels",-2635.0000,-23552.0000
2024-07-31,"Oil, Gas & Consumable Fuels",1619.0000,-21933.0000
2024-08-31,"Oil, Gas & Consumable Fuels",1207.0000,-20726.0000
2024-09-30,"Oil, Gas & Consumable Fuels",-640.0000,-21366.0000
2024-10-31,"Oil, Gas & Consumable Fuels",-21444.0000,-42810.0000
2024-11-30,"Oil, Gas & Consumable Fuels",-13346.0000,-56156.0000
2024-12-31,"Oil, Gas & Consumable Fuels",-10826.0000,-66982.0000
2025-01-31,"Oil, Gas & Consumable Fuels",-1572.0000,-68554.0000
2025-02-28,"Oil, Gas & Consumable Fuels",-3377.0000,-71931.0000
2025-03-31,"Oil, Gas & Consumable Fuels",-3419.0000,-75350.0000
2025-04-30,"Oil, Gas & Consumable Fuels",-358.0000,-75708.0000
2025-05-31,"Oil, Gas & Consumable Fuels",2520.0000,-73188.0000
2025-06-30,"Oil, Gas & Consumable Fuels",6137.0000,-67051.0000
2025-07-31,"Oil, Gas & Consumable Fuels",-3272.0000,-70323.0000
2025-08-31,"Oil, Gas & Consumable Fuels",-6108.0000,-76431.0000
2025-09-30,"Oil, Gas & Consumable Fuels",-774.0000,-77205.0000
2025-10-31,"Oil, Gas & Consumable Fuels",9129.0000,-68076.0000
2025-11-30,"Oil, Gas & Consumable Fuels",7169.0000,-60907.0000
2025-12-31,"Oil, Gas & Consumable Fuels",2356.0000,-58551.0000
2026-01-31,"Oil, Gas & Consumable Fuels",-940.0000,-59491.0000
2026-02-28,"Oil, Gas & Consumable Fuels",5381.0000,-54110.0000
2026-03-31,"Oil, Gas & Consumable Fuels",-4129.0000,-58239.0000
2026-04-30,"Oil, Gas & Consumable Fuels",-6703.0000,-64942.0000
2026-05-31,"Oil, Gas & Consumable Fuels",-8978.0000,-73920.0000
2026-06-30,"Oil, Gas & Consumable Fuels",-13277.0000,-87197.0000
2026-07-31,"Oil, Gas & Consumable Fuels",-255.0000,-87452.0000
2026-08-31,"Oil, Gas & Consumable Fuels",-1761.0000,-89213.0000
2016-09-30,Others,5270.0000,5270.0000
2016-10-31,Others,1933.0000,7203.0000
2016-11-30,Others,-889.0000,6314.0000
2016-12-31,Others,-1371.0000,4943.0000
2017-01-31,Others,-215.0000,4728.0000
2017-02-28,Others,2898.0000,7626.0000
2017-03-31,Others,11485.0000,19111.0000
2017-04-30,Others,-1493.0000,17618.0000
2017-05-31,Others,843.0000,18461.0000
2017-06-30,Others,1965.0000,20426.0000
2017-07-31,Others,1604.0000,22030.0000
2017-08-31,Others,4407.0000,26437.0000
2017-09-30,Others,2826.0000,29263.0000
2017-10-31,Others,8046.0000,37309.0000
2017-11-30,Others,18655.0000,55964.0000
2017-12-31,Others,-2024.0000,53940.0000
2018-01-31,Others,5159.0000,59099.0000
2018-02-28,Others,-3275.0000,55824.0000
2018-03-31,Others,2819.0000,58643.0000
2018-04-30,Others,1754.0000,60397.0000
2018-05-31,Others,284.0000,60681.0000
2018-06-30,Others,2615.0000,63296.0000
2018-07-31,Others,4602.0000,67898.0000
2018-08-31,Others,183.0000,68081.0000
2018-09-30,Others,-298.0000,67783.0000
2018-10-31,Others,773.0000,68556.0000
2018-11-30,Others,-757.0000,67799.0000
2018-12-31,Others,4560.0000,72359.0000
2019-01-31,Others,-1295.0000,71064.0000
2019-02-28,Others,5296.0000,76360.0000
2019-03-31,Others,-6947.0000,69413.0000
2019-04-30,Others,6500.0000,75913.0000
2019-05-31,Others,7273.0000,83186.0000
2019-06-30,Others,-876.0000,82310.0000
2019-07-31,Others,5367.0000,87677.0000
2019-08-31,Others,1873.0000,89550.0000
2019-09-30,Others,6844.0000,96394.0000
2019-10-31,Others,2213.0000,98607.0000
2019-11-30,Others,5600.0000,104207.0000
2019-12-31,Others,806.0000,105013.0000
2020-01-31,Others,10254.0000,115267.0000
2020-02-29,Others,8968.0000,124235.0000
2020-03-31,Others,-4437.0000,119798.0000
2020-04-30,Others,-61.0000,119737.0000
2020-05-31,Others,-758.0000,118979.0000
2020-06-30,Others,8443.0000,127422.0000
2020-07-31,Others,3508.0000,130930.0000
2020-08-31,Others,28782.0000,159712.0000
2020-09-30,Others,2214.0000,161926.0000
2020-10-31,Others,1889.0000,163815.0000
2020-11-30,Others,1088.0000,164903.0000
2020-12-31,Others,3397.0000,168300.0000
2021-01-31,Others,-405.0000,167895.0000
2021-02-28,Others,2454.0000,170349.0000
2021-03-31,Others,740.0000,171089.0000
2021-04-30,Others,833.0000,171922.0000
2021-05-31,Others,718.0000,172640.0000
2021-06-30,Others,1397.0000,174037.0000
2021-07-31,Others,516.0000,174553.0000
2021-08-31,Others,79.0000,174632.0000
2021-09-30,Others,295.0000,174927.0000
2021-10-31,Others,-273.0000,174654.0000
2021-11-30,Others,5.7800,174659.7800
2021-12-31,Others,307.0000,174966.7800
2022-01-31,Others,-317.0000,174649.7800
2022-02-28,Others,1326.0000,175975.7800
2022-03-31,Others,451.0000,176426.7800
2022-04-30,Others,882.0000,177308.7800
2022-05-31,Others,-181.0000,177127.7800
2022-06-30,Others,-199.0000,176928.7800
2022-07-31,Others,-77.0000,176851.7800
2022-08-31,Others,1416.0000,178267.7800
2022-09-30,Others,489.0000,178756.7800
2022-10-31,Others,615.0000,179371.7800
2022-11-30,Others,20.0000,179391.7800
2022-12-31,Others,88.0000,179479.7800
2023-01-31,Others,15.0000,179494.7800
2023-02-28,Others,72.0000,179566.7800
2023-03-31,Others,34.0000,179600.7800
2023-04-30,Others,538.0000,180138.7800
2023-05-31,Others,1095.0000,181233.7800
2023-06-30,Others,633.0000,181866.7800
2023-07-31,Others,2388.0000,184254.7800
2023-08-31,Others,1127.0000,185381.7800
2023-09-30,Others,1448.0000,186829.7800
2023-10-31,Others,5098.0000,191927.7800
2023-11-30,Others,6054.0000,197981.7800
2023-12-31,Others,5734.0000,203715.7800
2024-01-31,Others,1186.0000,204901.7800
2024-02-29,Others,473.0000,205374.7800
2024-03-31,Others,1238.0000,206612.7800
2024-04-30,Others,1721.0000,208333.7800
2024-05-31,Others,195.0000,208528.7800
2024-06-30,Others,1073.0000,209601.7800
2024-07-31,Others,1165.0000,210766.7800
2024-08-31,Others,2116.0000,212882.7800
2024-09-30,Others,4484.0000,217366.7800
2024-10-31,Others,6727.0000,224093.7800
2024-11-30,Others,1429.0000,225522.7800
2024-12-31,Others,3469.0000,228991.7800
2025-01-31,Others,1210.0000,230201.7800
2025-02-28,Others,1246.0000,231447.7800
2025-03-31,Others,2237.0000,233684.7800
2025-04-30,Others,1728.0000,235412.7800
2025-05-31,Others,256.0000,235668.7800
2025-06-30,Others,1105.0000,236773.7800
2025-07-31,Others,8136.0000,244909.7800
2025-08-31,Others,34.0000,244943.7800
2025-09-30,Others,427.0000,245370.7800
2025-10-31,Others,1398.0000,246768.7800
2025-11-30,Others,1645.0000,248413.7800
2025-12-31,Others,1256.0000,249669.7800
2026-01-31,Others,-983.0000,248686.7800
2026-02-28,Others,1704.0000,250390.7800
2026-03-31,Others,2515.0000,252905.7800
2026-04-30,Others,1567.0000,254472.7800
2026-05-31,Others,-1062.0000,253410.7800
2026-06-30,Others,1492.0000,254902.7800
2026-07-31,Others,1550.0000,256452.7800
2026-08-31,Others,-449.0000,256003.7800
2022-04-30,Power,557.0000,557.0000
2022-05-31,Power,2307.0000,2864.0000
2022-06-30,Power,-2699.0000,165.0000
2022-07-31,Power,1624.0000,1789.0000
2022-08-31,Power,1540.0000,3329.0000
2022-09-30,Power,-1069.0000,2260.0000
2022-10-31,Power,977.0000,3237.0000
2022-11-30,Power,-1100.0000,2137.0000
2022-12-31,Power,-910.0000,1227.0000
2023-01-31,Power,-416.0000,811.0000
2023-02-28,Power,-2848.0000,-2037.0000
2023-03-31,Power,3214.0000,1177.0000
2023-04-30,Power,439.0000,1616.0000
2023-05-31,Power,-656.0000,960.0000
2023-06-30,Power,2655.0000,3615.0000
2023-07-31,Power,3027.0000,6642.0000
2023-08-31,Power,11563.0000,18205.0000
2023-09-30,Power,-9731.0000,8474.0000
2023-10-31,Power,-2869.0000,5605.0000
2023-11-30,Power,-2952.0000,2653.0000
2023-12-31,Power,1051.0000,3704.0000
2024-01-31,Power,2561.0000,6265.0000
2024-02-29,Power,-1491.0000,4774.0000
2024-03-31,Power,45.0000,4819.0000
2024-04-30,Power,4309.0000,9128.0000
2024-05-31,Power,-3042.0000,6086.0000
2024-06-30,Power,-2498.0000,3588.0000
2024-07-31,Power,-3796.0000,-208.0000
2024-08-31,Power,-1136.0000,-1344.0000
2024-09-30,Power,1409.0000,65.0000
2024-10-31,Power,-1510.0000,-1445.0000
2024-11-30,Power,-797.0000,-2242.0000
2024-12-31,Power,-1862.0000,-4104.0000
2025-01-31,Power,-4198.0000,-8302.0000
2025-02-28,Power,-3086.0000,-11388.0000
2025-03-31,Power,-240.0000,-11628.0000
2025-04-30,Power,907.0000,-10721.0000
2025-05-31,Power,-2494.0000,-13215.0000
2025-06-30,Power,-6311.0000,-19526.0000
2025-07-31,Power,62.0000,-19464.0000
2025-08-31,Power,-4066.0000,-23530.0000
2025-09-30,Power,-2693.0000,-26223.0000
2025-10-31,Power,965.0000,-25258.0000
2025-11-30,Power,-2615.0000,-27873.0000
2025-12-31,Power,-2753.0000,-30626.0000
2026-01-31,Power,-1867.0000,-32493.0000
2026-02-28,Power,4506.0000,-27987.0000
2026-03-31,Power,-230.0000,-28217.0000
2026-04-30,Power,5557.0000,-22660.0000
2026-05-31,Power,-681.0000,-23341.0000
2026-06-30,Power,-6320.0000,-29661.0000
2026-07-31,Power,-2863.0000,-32524.0000
2026-08-31,Power,-1553.0000,-34077.0000
2016-09-30,Realty,-179.0000,-179.0000
2016-10-31,Realty,12.0000,-167.0000
2016-11-30,Realty,-3.0000,-170.0000
2016-12-31,Realty,-8.0000,-178.0000
2017-01-31,Realty,-87.0000,-265.0000
2017-02-28,Realty,131.0000,-134.0000
2017-03-31,Realty,280.0000,146.0000
2017-04-30,Realty,218.0000,364.0000
2017-05-31,Realty,616.0000,980.0000
2017-06-30,Realty,596.0000,1576.0000
2017-07-31,Realty,-95.0000,1481.0000
2017-08-31,Realty,-517.0000,964.0000
2017-09-30,Realty,461.0000,1425.0000
2017-10-31,Realty,-588.0000,837.0000
2017-11-30,Realty,-16.0000,821.0000
2017-12-31,Realty,-352.0000,469.0000
2018-01-31,Realty,-554.0000,-85.0000
2018-02-28,Realty,-157.0000,-242.0000
2018-03-31,Realty,-176.0000,-418.0000
2018-04-30,Realty,-124.0000,-542.0000
2018-05-31,Realty,87.0000,-455.0000
2018-06-30,Realty,103.0000,-352.0000
2018-07-31,Realty,-32.0000,-384.0000
2018-08-31,Realty,-270.0000,-654.0000
2018-09-30,Realty,-130.0000,-784.0000
2018-10-31,Realty,-28.0000,-812.0000
2018-11-30,Realty,-8.0000,-820.0000
2018-12-31,Realty,-47.0000,-867.0000
2019-01-31,Realty,-85.0000,-952.0000
2019-02-28,Realty,90.0000,-862.0000
2019-03-31,Realty,-50.0000,-912.0000
2019-04-30,Realty,-957.0000,-1869.0000
2019-05-31,Realty,15.0000,-1854.0000
2019-06-30,Realty,264.0000,-1590.0000
2019-07-31,Realty,25.0000,-1565.0000
2019-08-31,Realty,-35.0000,-1600.0000
2019-09-30,Realty,-284.0000,-1884.0000
2019-10-31,Realty,-17.0000,-1901.0000
2019-11-30,Realty,515.0000,-1386.0000
2019-12-31,Realty,15.0000,-1371.0000
2020-01-31,Realty,30.0000,-1341.0000
2020-02-29,Realty,-285.0000,-1626.0000
2020-03-31,Realty,-236.0000,-1862.0000
2020-04-30,Realty,-93.0000,-1955.0000
2020-05-31,Realty,38.0000,-1917.0000
2020-06-30,Realty,236.0000,-1681.0000
2020-07-31,Realty,-175.0000,-1856.0000
2020-08-31,Realty,351.0000,-1505.0000
2020-09-30,Realty,-277.0000,-1782.0000
2020-10-31,Realty,-134.0000,-1916.0000
2020-11-30,Realty,-433.0000,-2349.0000
2020-12-31,Realty,353.0000,-1996.0000
2021-01-31,Realty,-276.0000,-2272.0000
2021-02-28,Realty,-7.0000,-2279.0000
2021-03-31,Realty,3653.0000,1374.0000
2021-04-30,Realty,1572.0000,2946.0000
2021-05-31,Realty,191.0000,3137.0000
2021-06-30,Realty,-103.0000,3034.0000
2021-07-31,Realty,-78.0000,2956.0000
2021-08-31,Realty,-41.0000,2915.0000
2021-09-30,Realty,197.0000,3112.0000
2021-10-31,Realty,-680.0000,2432.0000
2021-11-30,Realty,3937.2200,6369.2200
2021-12-31,Realty,-144.0000,6225.2200
2022-01-31,Realty,-979.0000,5246.2200
2022-02-28,Realty,-806.0000,4440.2200
2022-03-31,Realty,-392.0000,4048.2200
2022-04-30,Realty,-825.0000,3223.2200
2022-05-31,Realty,-487.0000,2736.2200
2022-06-30,Realty,-187.0000,2549.2200
2022-07-31,Realty,59.0000,2608.2200
2022-08-31,Realty,4.0000,2612.2200
2022-09-30,Realty,-1292.0000,1320.2200
2022-10-31,Realty,-836.0000,484.2200
2022-11-30,Realty,-168.0000,316.2200
2022-12-31,Realty,3248.0000,3564.2200
2023-01-31,Realty,-325.0000,3239.2200
2023-02-28,Realty,-71.0000,3168.2200
2023-03-31,Realty,104.0000,3272.2200
2023-04-30,Realty,-216.0000,3056.2200
2023-05-31,Realty,838.0000,3894.2200
2023-06-30,Realty,750.0000,4644.2200
2023-07-31,Realty,445.0000,5089.2200
2023-08-31,Realty,588.0000,5677.2200
2023-09-30,Realty,763.0000,6440.2200
2023-10-31,Realty,-496.0000,5944.2200
2023-11-30,Realty,1112.0000,7056.2200
2023-12-31,Realty,-664.0000,6392.2200
2024-01-31,Realty,41.0000,6433.2200
2024-02-29,Realty,1432.0000,7865.2200
2024-03-31,Realty,4877.0000,12742.2200
2024-04-30,Realty,-46.0000,12696.2200
2024-05-31,Realty,1347.0000,14043.2200
2024-06-30,Realty,2733.0000,16776.2200
2024-07-31,Realty,228.0000,17004.2200
2024-08-31,Realty,-1166.0000,15838.2200
2024-09-30,Realty,5375.0000,21213.2200
2024-10-31,Realty,-1390.0000,19823.2200
2024-11-30,Realty,2061.0000,21884.2200
2024-12-31,Realty,4778.0000,26662.2200
2025-01-31,Realty,-1002.0000,25660.2200
2025-02-28,Realty,-1189.0000,24471.2200
2025-03-31,Realty,585.0000,25056.2200
2025-04-30,Realty,-713.0000,24343.2200
2025-05-31,Realty,-1664.0000,22679.2200
2025-06-30,Realty,1341.0000,24020.2200
2025-07-31,Realty,-3933.0000,20087.2200
2025-08-31,Realty,-1245.0000,18842.2200
2025-09-30,Realty,-2259.0000,16583.2200
2025-10-31,Realty,-806.0000,15777.2200
2025-11-30,Realty,-809.0000,14968.2200
2025-12-31,Realty,-941.0000,14027.2200
2026-01-31,Realty,-2655.0000,11372.2200
2026-02-28,Realty,734.0000,12106.2200
2026-03-31,Realty,-4693.0000,7413.2200
2026-04-30,Realty,-2123.0000,5290.2200
2026-05-31,Realty,-400.0000,4890.2200
2026-06-30,Realty,800.0000,5690.2200
2026-07-31,Realty,1793.0000,7483.2200
2026-08-31,Realty,-594.0000,6889.2200
2016-09-30,Services,-675.0000,-675.0000
2016-10-31,Services,-617.0000,-1292.0000
2016-11-30,Services,-778.0000,-2070.0000
2016-12-31,Services,-1024.0000,-3094.0000
2017-01-31,Services,-149.0000,-3243.0000
2017-02-28,Services,62.0000,-3181.0000
2017-03-31,Services,50.0000,-3131.0000
2017-04-30,Services,-376.0000,-3507.0000
2017-05-31,Services,103.0000,-3404.0000
2017-06-30,Services,-426.0000,-3830.0000
2017-07-31,Services,-623.0000,-4453.0000
2017-08-31,Services,38.0000,-4415.0000
2017-09-30,Services,-1036.0000,-5451.0000
2017-10-31,Services,-948.0000,-6399.0000
2017-11-30,Services,-841.0000,-7240.0000
2017-12-31,Services,-884.0000,-8124.0000
2018-01-31,Services,188.0000,-7936.0000
2018-02-28,Services,-179.0000,-8115.0000
2018-03-31,Services,401.0000,-7714.0000
2018-04-30,Services,346.0000,-7368.0000
2018-05-31,Services,453.0000,-6915.0000
2018-06-30,Services,2752.0000,-4163.0000
2018-07-31,Services,933.0000,-3230.0000
2018-08-31,Services,-244.0000,-3474.0000
2018-09-30,Services,-568.0000,-4042.0000
2018-10-31,Services,-339.0000,-4381.0000
2018-11-30,Services,252.0000,-4129.0000
2018-12-31,Services,-389.0000,-4518.0000
2019-01-31,Services,-537.0000,-5055.0000
2019-02-28,Services,185.0000,-4870.0000
2019-03-31,Services,472.0000,-4398.0000
2019-04-30,Services,-3.0000,-4401.0000
2019-05-31,Services,229.0000,-4172.0000
2019-06-30,Services,127.0000,-4045.0000
2019-07-31,Services,-82.0000,-4127.0000
2019-08-31,Services,-480.0000,-4607.0000
2019-09-30,Services,-163.0000,-4770.0000
2019-10-31,Services,-944.0000,-5714.0000
2019-11-30,Services,-815.0000,-6529.0000
2019-12-31,Services,-657.0000,-7186.0000
2020-01-31,Services,-279.0000,-7465.0000
2020-02-29,Services,-248.0000,-7713.0000
2020-03-31,Services,-1222.0000,-8935.0000
2020-04-30,Services,-635.0000,-9570.0000
2020-05-31,Services,259.0000,-9311.0000
2020-06-30,Services,192.0000,-9119.0000
2020-07-31,Services,-372.0000,-9491.0000
2020-08-31,Services,37.0000,-9454.0000
2020-09-30,Services,-197.0000,-9651.0000
2020-10-31,Services,386.0000,-9265.0000
2020-11-30,Services,1110.0000,-8155.0000
2020-12-31,Services,300.0000,-7855.0000
2021-01-31,Services,537.0000,-7318.0000
2021-02-28,Services,778.0000,-6540.0000
2021-03-31,Services,98.0000,-6442.0000
2021-04-30,Services,-1034.0000,-7476.0000
2021-05-31,Services,-126.0000,-7602.0000
2021-06-30,Services,-2441.0000,-10043.0000
2021-07-31,Services,-1066.0000,-11109.0000
2021-08-31,Services,-755.0000,-11864.0000
2021-09-30,Services,-2211.0000,-14075.0000
2021-10-31,Services,-551.0000,-14626.0000
2021-11-30,Services,-912.0000,-15538.0000
2021-12-31,Services,177.0000,-15361.0000
2022-01-31,Services,-734.0000,-16095.0000
2022-02-28,Services,-662.0000,-16757.0000
2022-03-31,Services,-1546.0000,-18303.0000
2022-04-30,Services,209.0000,-18094.0000
2022-05-31,Services,2656.0000,-15438.0000
2022-06-30,Services,-400.0000,-15838.0000
2022-07-31,Services,176.0000,-15662.0000
2022-08-31,Services,881.0000,-14781.0000
2022-09-30,Services,849.0000,-13932.0000
2022-10-31,Services,-498.0000,-14430.0000
2022-11-30,Services,-98.0000,-14528.0000
2022-12-31,Services,152.0000,-14376.0000
2023-01-31,Services,-1295.0000,-15671.0000
2023-02-28,Services,1963.0000,-13708.0000
2023-03-31,Services,7246.0000,-6462.0000
2023-04-30,Services,105.0000,-6357.0000
2023-05-31,Services,377.0000,-5980.0000
2023-06-30,Services,-1353.0000,-7333.0000
2023-07-31,Services,189.0000,-7144.0000
2023-08-31,Services,-721.0000,-7865.0000
2023-09-30,Services,-4401.0000,-12266.0000
2023-10-31,Services,-769.0000,-13035.0000
2023-11-30,Services,-389.0000,-13424.0000
2023-12-31,Services,962.0000,-12462.0000
2024-01-31,Services,-593.0000,-13055.0000
2024-02-29,Services,3512.0000,-9543.0000
2024-03-31,Services,5054.0000,-4489.0000
2024-04-30,Services,2510.0000,-1979.0000
2024-05-31,Services,-984.0000,-2963.0000
2024-06-30,Services,1559.0000,-1404.0000
2024-07-31,Services,-1474.0000,-2878.0000
2024-08-31,Services,2163.0000,-715.0000
2024-09-30,Services,1725.0000,1010.0000
2024-10-31,Services,-903.0000,107.0000
2024-11-30,Services,-3722.0000,-3615.0000
2024-12-31,Services,1764.0000,-1851.0000
2025-01-31,Services,-1593.0000,-3444.0000
2025-02-28,Services,183.0000,-3261.0000
2025-03-31,Services,578.0000,-2683.0000
2025-04-30,Services,-192.0000,-2875.0000
2025-05-31,Services,7972.0000,5097.0000
2025-06-30,Services,346.0000,5443.0000
2025-07-31,Services,3457.0000,8900.0000
2025-08-31,Services,2351.0000,11251.0000
2025-09-30,Services,-986.0000,10265.0000
2025-10-31,Services,213.0000,10478.0000
2025-11-30,Services,-980.0000,9498.0000
2025-12-31,Services,-4278.0000,5220.0000
2026-01-31,Services,-1971.0000,3249.0000
2026-02-28,Services,1491.0000,4740.0000
2026-03-31,Services,-2575.0000,2165.0000
2026-04-30,Services,-953.0000,1212.0000
2026-05-31,Services,7204.0000,8416.0000
2026-06-30,Services,2894.0000,11310.0000
2026-07-31,Services,2404.0000,13714.0000
2026-08-31,Services,1783.0000,15497.0000
2016-09-30,Sovereign,0.0000,0.0000
2016-10-31,Sovereign,0.0000,0.0000
2016-11-30,Sovereign,0.0000,0.0000
2016-12-31,Sovereign,0.0000,0.0000
2017-01-31,Sovereign,0.0000,0.0000
2017-02-28,Sovereign,0.0000,0.0000
2017-03-31,Sovereign,0.0000,0.0000
2017-04-30,Sovereign,0.0000,0.0000
2017-05-31,Sovereign,0.0000,0.0000
2017-06-30,Sovereign,0.0000,0.0000
2017-07-31,Sovereign,0.0000,0.0000
2017-08-31,Sovereign,0.0000,0.0000
2017-09-30,Sovereign,0.0000,0.0000
2017-10-31,Sovereign,0.0000,0.0000
2017-11-30,Sovereign,0.0000,0.0000
2017-12-31,Sovereign,0.0000,0.0000
2018-01-31,Sovereign,0.0000,0.0000
2018-02-28,Sovereign,0.0000,0.0000
2018-03-31,Sovereign,0.0000,0.0000
2018-04-30,Sovereign,0.0000,0.0000
2018-05-31,Sovereign,0.0000,0.0000
2018-06-30,Sovereign,0.0000,0.0000
2018-07-31,Sovereign,0.0000,0.0000
2018-08-31,Sovereign,0.0000,0.0000
2018-09-30,Sovereign,0.0000,0.0000
2018-10-31,Sovereign,0.0000,0.0000
2018-11-30,Sovereign,0.0000,0.0000
2018-12-31,Sovereign,0.0000,0.0000
2019-01-31,Sovereign,0.0000,0.0000
2019-02-28,Sovereign,0.0000,0.0000
2019-03-31,Sovereign,0.0000,0.0000
2019-04-30,Sovereign,0.0000,0.0000
2019-05-31,Sovereign,0.0000,0.0000
2019-06-30,Sovereign,0.0000,0.0000
2019-07-31,Sovereign,0.0000,0.0000
2019-08-31,Sovereign,0.0000,0.0000
2019-09-30,Sovereign,0.0000,0.0000
2019-10-31,Sovereign,0.0000,0.0000
2019-11-30,Sovereign,0.0000,0.0000
2019-12-31,Sovereign,0.0000,0.0000
2020-01-31,Sovereign,0.0000,0.0000
2020-02-29,Sovereign,0.0000,0.0000
2020-03-31,Sovereign,0.0000,0.0000
2020-04-30,Sovereign,0.0000,0.0000
2020-05-31,Sovereign,0.0000,0.0000
2020-06-30,Sovereign,0.0000,0.0000
2020-07-31,Sovereign,0.0000,0.0000
2020-08-31,Sovereign,0.0000,0.0000
2020-09-30,Sovereign,0.0000,0.0000
2020-10-31,Sovereign,0.0000,0.0000
2020-11-30,Sovereign,0.0000,0.0000
2020-12-31,Sovereign,0.0000,0.0000
2021-01-31,Sovereign,0.0000,0.0000
2021-02-28,Sovereign,0.0000,0.0000
2021-03-31,Sovereign,0.0000,0.0000
2021-04-30,Sovereign,0.0000,0.0000
2021-05-31,Sovereign,0.0000,0.0000
2021-06-30,Sovereign,0.0000,0.0000
2021-07-31,Sovereign,0.0000,0.0000
2021-08-31,Sovereign,0.0000,0.0000
2021-09-30,Sovereign,0.0000,0.0000
2021-10-31,Sovereign,0.0000,0.0000
2021-11-30,Sovereign,0.0000,0.0000
2021-12-31,Sovereign,0.0000,0.0000
2022-01-31,Sovereign,0.0000,0.0000
2022-02-28,Sovereign,0.0000,0.0000
2022-03-31,Sovereign,0.0000,0.0000
2022-04-30,Sovereign,0.0000,0.0000
2022-05-31,Sovereign,0.0000,0.0000
2022-06-30,Sovereign,0.0000,0.0000
2022-07-31,Sovereign,0.0000,0.0000
2022-08-31,Sovereign,0.0000,0.0000
2022-09-30,Sovereign,0.0000,0.0000
2022-10-31,Sovereign,0.0000,0.0000
2022-11-30,Sovereign,0.0000,0.0000
2022-12-31,Sovereign,0.0000,0.0000
2023-01-31,Sovereign,0.0000,0.0000
2023-02-28,Sovereign,0.0000,0.0000
2023-03-31,Sovereign,0.0000,0.0000
2023-04-30,Sovereign,0.0000,0.0000
2023-05-31,Sovereign,0.0000,0.0000
2023-06-30,Sovereign,0.0000,0.0000
2023-07-31,Sovereign,0.0000,0.0000
2023-08-31,Sovereign,0.0000,0.0000
2023-09-30,Sovereign,0.0000,0.0000
2023-10-31,Sovereign,0.0000,0.0000
2023-11-30,Sovereign,0.0000,0.0000
2023-12-31,Sovereign,0.0000,0.0000
2024-01-31,Sovereign,0.0000,0.0000
2024-02-29,Sovereign,0.0000,0.0000
2024-03-31,Sovereign,0.0000,0.0000
2024-04-30,Sovereign,0.0000,0.0000
2024-05-31,Sovereign,0.0000,0.0000
2024-06-30,Sovereign,0.0000,0.0000
2024-07-31,Sovereign,0.0000,0.0000
2024-08-31,Sovereign,0.0000,0.0000
2024-09-30,Sovereign,0.0000,0.0000
2024-10-31,Sovereign,0.0000,0.0000
2024-11-30,Sovereign,0.0000,0.0000
2024-12-31,Sovereign,0.0000,0.0000
2025-01-31,Sovereign,0.0000,0.0000
2025-02-28,Sovereign,0.0000,0.0000
2025-03-31,Sovereign,0.0000,0.0000
2025-04-30,Sovereign,0.0000,0.0000
2025-05-31,Sovereign,0.0000,0.0000
2025-06-30,Sovereign,0.0000,0.0000
2025-07-31,Sovereign,0.0000,0.0000
2025-08-31,Sovereign,0.0000,0.0000
2025-09-30,Sovereign,0.0000,0.0000
2025-10-31,Sovereign,0.0000,0.0000
2025-11-30,Sovereign,0.0000,0.0000
2025-12-31,Sovereign,0.0000,0.0000
2026-01-31,Sovereign,0.0000,0.0000
2026-02-28,Sovereign,0.0000,0.0000
2026-03-31,Sovereign,0.0000,0.0000
2026-04-30,Sovereign,0.0000,0.0000
2026-05-31,Sovereign,0.0000,0.0000
2026-06-30,Sovereign,0.0000,0.0000
2026-07-31,Sovereign,0.0000,0.0000
2026-08-31,Sovereign,0.0000,0.0000
2016-09-30,Telecommunication,-582.0000,-582.0000
2016-10-31,Telecommunication,-129.0000,-711.0000
2016-11-30,Telecommunication,-168.0000,-879.0000
2016-12-31,Telecommunication,-221.0000,-1100.0000
2017-01-31,Telecommunication,149.0000,-951.0000
2017-02-28,Telecommunication,583.0000,-368.0000
2017-03-31,Telecommunication,1035.0000,667.0000
2017-04-30,Telecommunication,-527.0000,140.0000
2017-05-31,Telecommunication,591.0000,731.0000
2017-06-30,Telecommunication,537.0000,1268.0000
2017-07-31,Telecommunication,1099.0000,2367.0000
2017-08-31,Telecommunication,252.0000,2619.0000
2017-09-30,Telecommunication,-304.0000,2315.0000
2017-10-31,Telecommunication,-441.0000,1874.0000
2017-11-30,Telecommunication,5267.0000,7141.0000
2017-12-31,Telecommunication,-225.0000,6916.0000
2018-01-31,Telecommunication,-849.0000,6067.0000
2018-02-28,Telecommunication,1284.0000,7351.0000
2018-03-31,Telecommunication,789.0000,8140.0000
2018-04-30,Telecommunication,-1121.0000,7019.0000
2018-05-31,Telecommunication,-39.0000,6980.0000
2018-06-30,Telecommunication,360.0000,7340.0000
2018-07-31,Telecommunication,-96.0000,7244.0000
2018-08-31,Telecommunication,305.0000,7549.0000
2018-09-30,Telecommunication,-47.0000,7502.0000
2018-10-31,Telecommunication,-1204.0000,6298.0000
2018-11-30,Telecommunication,552.0000,6850.0000
2018-12-31,Telecommunication,-14.0000,6836.0000
2019-01-31,Telecommunication,471.0000,7307.0000
2019-02-28,Telecommunication,280.0000,7587.0000
2019-03-31,Telecommunication,678.0000,8265.0000
2019-04-30,Telecommunication,-174.0000,8091.0000
2019-05-31,Telecommunication,-385.0000,7706.0000
2019-06-30,Telecommunication,70.0000,7776.0000
2019-07-31,Telecommunication,182.0000,7958.0000
2019-08-31,Telecommunication,514.0000,8472.0000
2019-09-30,Telecommunication,-609.0000,7863.0000
2019-10-31,Telecommunication,-1079.0000,6784.0000
2019-11-30,Telecommunication,-319.0000,6465.0000
2019-12-31,Telecommunication,-1496.0000,4969.0000
2020-01-31,Telecommunication,1814.0000,6783.0000
2020-02-29,Telecommunication,745.0000,7528.0000
2020-03-31,Telecommunication,-798.0000,6730.0000
2020-04-30,Telecommunication,-483.0000,6247.0000
2020-05-31,Telecommunication,4699.0000,10946.0000
2020-06-30,Telecommunication,-5024.0000,5922.0000
2020-07-31,Telecommunication,-1394.0000,4528.0000
2020-08-31,Telecommunication,-148.0000,4380.0000
2020-09-30,Telecommunication,-5974.0000,-1594.0000
2020-10-31,Telecommunication,-339.0000,-1933.0000
2020-11-30,Telecommunication,944.0000,-989.0000
2020-12-31,Telecommunication,-662.0000,-1651.0000
2021-01-31,Telecommunication,2590.0000,939.0000
2021-02-28,Telecommunication,1780.0000,2719.0000
2021-03-31,Telecommunication,1942.0000,4661.0000
2021-04-30,Telecommunication,578.0000,5239.0000
2021-05-31,Telecommunication,-1720.0000,3519.0000
2021-06-30,Telecommunication,-391.0000,3128.0000
2021-07-31,Telecommunication,-420.0000,2708.0000
2021-08-31,Telecommunication,1162.0000,3870.0000
2021-09-30,Telecommunication,6850.0000,10720.0000
2021-10-31,Telecommunication,1098.0000,11818.0000
2021-11-30,Telecommunication,470.0000,12288.0000
2021-12-31,Telecommunication,-667.0000,11621.0000
2022-01-31,Telecommunication,369.0000,11990.0000
2022-02-28,Telecommunication,451.0000,12441.0000
2022-03-31,Telecommunication,282.0000,12723.0000
2022-04-30,Telecommunication,440.0000,13163.0000
2022-05-31,Telecommunication,-597.0000,12566.0000
2022-06-30,Telecommunication,-3802.0000,8764.0000
2022-07-31,Telecommunication,4565.0000,13329.0000
2022-08-31,Telecommunication,2046.0000,15375.0000
2022-09-30,Telecommunication,2486.0000,17861.0000
2022-10-31,Telecommunication,773.0000,18634.0000
2022-11-30,Telecommunication,-1084.0000,17550.0000
2022-12-31,Telecommunication,-583.0000,16967.0000
2023-01-31,Telecommunication,-2300.0000,14667.0000
2023-02-28,Telecommunication,-310.0000,14357.0000
2023-03-31,Telecommunication,-459.0000,13898.0000
2023-04-30,Telecommunication,-10.0000,13888.0000
2023-05-31,Telecommunication,784.0000,14672.0000
2023-06-30,Telecommunication,1026.0000,15698.0000
2023-07-31,Telecommunication,3278.0000,18976.0000
2023-08-31,Telecommunication,-1018.0000,17958.0000
2023-09-30,Telecommunication,-469.0000,17489.0000
2023-10-31,Telecommunication,1768.0000,19257.0000
2023-11-30,Telecommunication,828.0000,20085.0000
2023-12-31,Telecommunication,2411.0000,22496.0000
2024-01-31,Telecommunication,2645.0000,25141.0000
2024-02-29,Telecommunication,-3933.0000,21208.0000
2024-03-31,Telecommunication,7967.0000,29175.0000
2024-04-30,Telecommunication,8278.0000,37453.0000
2024-05-31,Telecommunication,1106.0000,38559.0000
2024-06-30,Telecommunication,7944.0000,46503.0000
2024-07-31,Telecommunication,3138.0000,49641.0000
2024-08-31,Telecommunication,2061.0000,51702.0000
2024-09-30,Telecommunication,1935.0000,53637.0000
2024-10-31,Telecommunication,-2698.0000,50939.0000
2024-11-30,Telecommunication,-5078.0000,45861.0000
2024-12-31,Telecommunication,372.0000,46233.0000
2025-01-31,Telecommunication,144.0000,46377.0000
2025-02-28,Telecommunication,7998.0000,54375.0000
2025-03-31,Telecommunication,3073.0000,57448.0000
2025-04-30,Telecommunication,4648.0000,62096.0000
2025-05-31,Telecommunication,8089.0000,70185.0000
2025-06-30,Telecommunication,2733.0000,72918.0000
2025-07-31,Telecommunication,1473.0000,74391.0000
2025-08-31,Telecommunication,5766.0000,80157.0000
2025-09-30,Telecommunication,-2422.0000,77735.0000
2025-10-31,Telecommunication,2160.0000,79895.0000
2025-11-30,Telecommunication,14326.0000,94221.0000
2025-12-31,Telecommunication,234.0000,94455.0000
2026-01-31,Telecommunication,-4777.0000,89678.0000
2026-02-28,Telecommunication,-1881.0000,87797.0000
2026-03-31,Telecommunication,-5603.0000,82194.0000
2026-04-30,Telecommunication,-4400.0000,77794.0000
2026-05-31,Telecommunication,-415.0000,77379.0000
2026-06-30,Telecommunication,-347.0000,77032.0000
2026-07-31,Telecommunication,-5725.0000,71307.0000
2026-08-31,Telecommunication,-4983.0000,66324.0000
2016-09-30,Textiles,10.0000,10.0000
2016-10-31,Textiles,-263.0000,-253.0000
2016-11-30,Textiles,-399.0000,-652.0000
2016-12-31,Textiles,69.0000,-583.0000
2017-01-31,Textiles,42.0000,-541.0000
2017-02-28,Textiles,45.0000,-496.0000
2017-03-31,Textiles,315.0000,-181.0000
2017-04-30,Textiles,34.0000,-147.0000
2017-05-31,Textiles,305.0000,158.0000
2017-06-30,Textiles,-26.0000,132.0000
2017-07-31,Textiles,21.0000,153.0000
2017-08-31,Textiles,40.0000,193.0000
2017-09-30,Textiles,78.0000,271.0000
2017-10-31,Textiles,-137.0000,134.0000
2017-11-30,Textiles,353.0000,487.0000
2017-12-31,Textiles,60.0000,547.0000
2018-01-31,Textiles,-360.0000,187.0000
2018-02-28,Textiles,-408.0000,-221.0000
2018-03-31,Textiles,303.0000,82.0000
2018-04-30,Textiles,-431.0000,-349.0000
2018-05-31,Textiles,-749.0000,-1098.0000
2018-06-30,Textiles,64.0000,-1034.0000
2018-07-31,Textiles,-525.0000,-1559.0000
2018-08-31,Textiles,255.0000,-1304.0000
2018-09-30,Textiles,158.0000,-1146.0000
2018-10-31,Textiles,-578.0000,-1724.0000
2018-11-30,Textiles,323.0000,-1401.0000
2018-12-31,Textiles,-268.0000,-1669.0000
2019-01-31,Textiles,-368.0000,-2037.0000
2019-02-28,Textiles,-120.0000,-2157.0000
2019-03-31,Textiles,453.0000,-1704.0000
2019-04-30,Textiles,397.0000,-1307.0000
2019-05-31,Textiles,28.0000,-1279.0000
2019-06-30,Textiles,-274.0000,-1553.0000
2019-07-31,Textiles,-906.0000,-2459.0000
2019-08-31,Textiles,-273.0000,-2732.0000
2019-09-30,Textiles,-3.0000,-2735.0000
2019-10-31,Textiles,198.0000,-2537.0000
2019-11-30,Textiles,-947.0000,-3484.0000
2019-12-31,Textiles,-365.0000,-3849.0000
2020-01-31,Textiles,-585.0000,-4434.0000
2020-02-29,Textiles,-292.0000,-4726.0000
2020-03-31,Textiles,-995.0000,-5721.0000
2020-04-30,Textiles,-1073.0000,-6794.0000
2020-05-31,Textiles,-269.0000,-7063.0000
2020-06-30,Textiles,-159.0000,-7222.0000
2020-07-31,Textiles,-79.0000,-7301.0000
2020-08-31,Textiles,174.0000,-7127.0000
2020-09-30,Textiles,-251.0000,-7378.0000
2020-10-31,Textiles,-36.0000,-7414.0000
2020-11-30,Textiles,214.0000,-7200.0000
2020-12-31,Textiles,749.0000,-6451.0000
2021-01-31,Textiles,23.0000,-6428.0000
2021-02-28,Textiles,-725.0000,-7153.0000
2021-03-31,Textiles,935.0000,-6218.0000
2021-04-30,Textiles,-102.0000,-6320.0000
2021-05-31,Textiles,-436.0000,-6756.0000
2021-06-30,Textiles,525.0000,-6231.0000
2021-07-31,Textiles,723.0000,-5508.0000
2021-08-31,Textiles,26.0000,-5482.0000
2021-09-30,Textiles,494.0000,-4988.0000
2021-10-31,Textiles,1.0000,-4987.0000
2021-11-30,Textiles,998.0000,-3989.0000
2021-12-31,Textiles,592.0000,-3397.0000
2022-01-31,Textiles,-516.0000,-3913.0000
2022-02-28,Textiles,408.0000,-3505.0000
2022-03-31,Textiles,343.0000,-3162.0000
2022-04-30,Textiles,81.0000,-3081.0000
2022-05-31,Textiles,-3.0000,-3084.0000
2022-06-30,Textiles,-158.0000,-3242.0000
2022-07-31,Textiles,-30.0000,-3272.0000
2022-08-31,Textiles,-27.0000,-3299.0000
2022-09-30,Textiles,57.0000,-3242.0000
2022-10-31,Textiles,21.0000,-3221.0000
2022-11-30,Textiles,-234.0000,-3455.0000
2022-12-31,Textiles,-164.0000,-3619.0000
2023-01-31,Textiles,-168.0000,-3787.0000
2023-02-28,Textiles,-498.0000,-4285.0000
2023-03-31,Textiles,-336.0000,-4621.0000
2023-04-30,Textiles,-51.0000,-4672.0000
2023-05-31,Textiles,-80.0000,-4752.0000
2023-06-30,Textiles,-141.0000,-4893.0000
2023-07-31,Textiles,-89.0000,-4982.0000
2023-08-31,Textiles,297.0000,-4685.0000
2023-09-30,Textiles,2.0000,-4683.0000
2023-10-31,Textiles,184.0000,-4499.0000
2023-11-30,Textiles,-72.0000,-4571.0000
2023-12-31,Textiles,-138.0000,-4709.0000
2024-01-31,Textiles,-67.0000,-4776.0000
2024-02-29,Textiles,438.0000,-4338.0000
2024-03-31,Textiles,48.0000,-4290.0000
2024-04-30,Textiles,249.0000,-4041.0000
2024-05-31,Textiles,95.0000,-3946.0000
2024-06-30,Textiles,199.0000,-3747.0000
2024-07-31,Textiles,94.0000,-3653.0000
2024-08-31,Textiles,376.0000,-3277.0000
2024-09-30,Textiles,-19.0000,-3296.0000
2024-10-31,Textiles,-37.0000,-3333.0000
2024-11-30,Textiles,412.0000,-2921.0000
2024-12-31,Textiles,889.0000,-2032.0000
2025-01-31,Textiles,602.0000,-1430.0000
2025-02-28,Textiles,33.0000,-1397.0000
2025-03-31,Textiles,-76.0000,-1473.0000
2025-04-30,Textiles,-144.0000,-1617.0000
2025-05-31,Textiles,-89.0000,-1706.0000
2025-06-30,Textiles,204.0000,-1502.0000
2025-07-31,Textiles,276.0000,-1226.0000
2025-08-31,Textiles,-650.0000,-1876.0000
2025-09-30,Textiles,-158.0000,-2034.0000
2025-10-31,Textiles,-359.0000,-2393.0000
2025-11-30,Textiles,-326.0000,-2719.0000
2025-12-31,Textiles,-537.0000,-3256.0000
2026-01-31,Textiles,-275.0000,-3531.0000
2026-02-28,Textiles,-100.0000,-3631.0000
2026-03-31,Textiles,-319.0000,-3950.0000
2026-04-30,Textiles,-98.0000,-4048.0000
2026-05-31,Textiles,-73.0000,-4121.0000
2026-06-30,Textiles,95.0000,-4026.0000
2026-07-31,Textiles,454.0000,-3572.0000
2026-08-31,Textiles,-293.0000,-3865.0000
2016-09-30,Utilities,468.0000,468.0000
2016-10-31,Utilities,25.0000,493.0000
2016-11-30,Utilities,-705.0000,-212.0000
2016-12-31,Utilities,-165.0000,-377.0000
2017-01-31,Utilities,351.0000,-26.0000
2017-02-28,Utilities,-459.0000,-485.0000
2017-03-31,Utilities,-551.0000,-1036.0000
2017-04-30,Utilities,-1081.0000,-2117.0000
2017-05-31,Utilities,-718.0000,-2835.0000
2017-06-30,Utilities,1610.0000,-1225.0000
2017-07-31,Utilities,445.0000,-780.0000
2017-08-31,Utilities,-184.0000,-964.0000
2017-09-30,Utilities,35.0000,-929.0000
2017-10-31,Utilities,1702.0000,773.0000
2017-11-30,Utilities,812.0000,1585.0000
2017-12-31,Utilities,685.0000,2270.0000
2018-01-31,Utilities,-1028.0000,1242.0000
2018-02-28,Utilities,-2894.0000,-1652.0000
2018-03-31,Utilities,-588.0000,-2240.0000
2018-04-30,Utilities,-510.0000,-2750.0000
2018-05-31,Utilities,553.0000,-2197.0000
2018-06-30,Utilities,1089.0000,-1108.0000
2018-07-31,Utilities,332.0000,-776.0000
2018-08-31,Utilities,2257.0000,1481.0000
2018-09-30,Utilities,753.0000,2234.0000
2018-10-31,Utilities,594.0000,2828.0000
2018-11-30,Utilities,734.0000,3562.0000
2018-12-31,Utilities,1134.0000,4696.0000
2019-01-31,Utilities,141.0000,4837.0000
2019-02-28,Utilities,871.0000,5708.0000
2019-03-31,Utilities,2238.0000,7946.0000
2019-04-30,Utilities,1600.0000,9546.0000
2019-05-31,Utilities,255.0000,9801.0000
2019-06-30,Utilities,988.0000,10789.0000
2019-07-31,Utilities,124.0000,10913.0000
2019-08-31,Utilities,425.0000,11338.0000
2019-09-30,Utilities,-284.0000,11054.0000
2019-10-31,Utilities,484.0000,11538.0000
2019-11-30,Utilities,-734.0000,10804.0000
2019-12-31,Utilities,434.0000,11238.0000
2020-01-31,Utilities,-891.0000,10347.0000
2020-02-29,Utilities,443.0000,10790.0000
2020-03-31,Utilities,-1237.0000,9553.0000
2020-04-30,Utilities,-924.0000,8629.0000
2020-05-31,Utilities,-976.0000,7653.0000
2020-06-30,Utilities,-2210.0000,5443.0000
2020-07-31,Utilities,-573.0000,4870.0000
2020-08-31,Utilities,314.0000,5184.0000
2020-09-30,Utilities,-412.0000,4772.0000
2020-10-31,Utilities,171.0000,4943.0000
2020-11-30,Utilities,1672.0000,6615.0000
2020-12-31,Utilities,1122.0000,7737.0000
2021-01-31,Utilities,1772.0000,9509.0000
2021-02-28,Utilities,936.0000,10445.0000
2021-03-31,Utilities,-230.0000,10215.0000
2021-04-30,Utilities,664.0000,10879.0000
2021-05-31,Utilities,897.0000,11776.0000
2021-06-30,Utilities,45.0000,11821.0000
2021-07-31,Utilities,-995.0000,10826.0000
2021-08-31,Utilities,1571.0000,12397.0000
2021-09-30,Utilities,-305.0000,12092.0000
2021-10-31,Utilities,2037.0000,14129.0000
2021-11-30,Utilities,-926.0000,13203.0000
2021-12-31,Utilities,-1570.0000,11633.0000
2022-01-31,Utilities,1381.0000,13014.0000
2022-02-28,Utilities,-603.0000,12411.0000
2022-03-31,Utilities,295.0000,12706.0000
2022-04-30,Utilities,9.0000,12715.0000
2022-05-31,Utilities,-2.0000,12713.0000
2022-06-30,Utilities,-15.0000,12698.0000
2022-07-31,Utilities,4.0000,12702.0000
2022-08-31,Utilities,1.0000,12703.0000
2022-09-30,Utilities,-10.0000,12693.0000
2022-10-31,Utilities,-8.0000,12685.0000
2022-11-30,Utilities,175.0000,12860.0000
2022-12-31,Utilities,16.0000,12876.0000
2023-01-31,Utilities,9.0000,12885.0000
2023-02-28,Utilities,-2.0000,12883.0000
2023-03-31,Utilities,12.0000,12895.0000
2023-04-30,Utilities,-21.0000,12874.0000
2023-05-31,Utilities,7.0000,12881.0000
2023-06-30,Utilities,16.0000,12897.0000
2023-07-31,Utilities,-5.0000,12892.0000
2023-08-31,Utilities,-12.0000,12880.0000
2023-09-30,Utilities,42.0000,12922.0000
2023-10-31,Utilities,-63.0000,12859.0000
2023-11-30,Utilities,-57.0000,12802.0000
2023-12-31,Utilities,-12.0000,12790.0000
2024-01-31,Utilities,-84.0000,12706.0000
2024-02-29,Utilities,19.0000,12725.0000
2024-03-31,Utilities,-16.0000,12709.0000
2024-04-30,Utilities,-51.0000,12658.0000
2024-05-31,Utilities,41.0000,12699.0000
2024-06-30,Utilities,-107.0000,12592.0000
2024-07-31,Utilities,-10.0000,12582.0000
2024-08-31,Utilities,104.0000,12686.0000
2024-09-30,Utilities,285.0000,12971.0000
2024-10-31,Utilities,292.0000,13263.0000
2024-11-30,Utilities,139.0000,13402.0000
2024-12-31,Utilities,69.0000,13471.0000
2025-01-31,Utilities,-46.0000,13425.0000
2025-02-28,Utilities,-76.0000,13349.0000
2025-03-31,Utilities,19.0000,13368.0000
2025-04-30,Utilities,9.0000,13377.0000
2025-05-31,Utilities,23.0000,13400.0000
2025-06-30,Utilities,-32.0000,13368.0000
2025-07-31,Utilities,-18.0000,13350.0000
2025-08-31,Utilities,-9.0000,13341.0000
2025-09-30,Utilities,-35.0000,13306.0000
2025-10-31,Utilities,15.0000,13321.0000
2025-11-30,Utilities,35.0000,13356.0000
2025-12-31,Utilities,-30.0000,13326.0000
2026-01-31,Utilities,-102.0000,13224.0000
2026-02-28,Utilities,-6.0000,13218.0000
2026-03-31,Utilities,-11.0000,13207.0000
2026-04-30,Utilities,-8.0000,13199.0000
2026-05-31,Utilities,-47.0000,13152.0000
2026-06-30,Utilities,223.0000,13375.0000
2026-07-31,Utilities,-44.0000,13331.0000
2026-08-31,Utilities,-31.0000,13300.0000
